indirizzo;stato;dettaglio
https://pokejungle.net/2023/03/27/how-to-organize-pokemon-home-for-a-living-dex/;letto;estratto con 53 affermazioni, verificate
https://www.youtube.com/watch?v=dKOjYQ5fhQQ;trascritto;estratto con 43 affermazioni, verificate
https://youtu.be/ISPbxFiZkNg?si=0rJM1QCSSX8Mpf4v;trascritto;estratto con 70 affermazioni, verificate
https://www.youtube.com/watch?v=nhPcPZR9JRk&list=PLNPYWte3HzIUEkeSBiR3DS2H_7d-u3OZ0&pp=0gcJCf4COCosWNin;trascritto;estratto con 23 affermazioni, verificate
https://www.youtube.com/watch?v=NByMz7VUCr4&list=PLDaB1K5aJh3p7kkrJ4EpczZsIg_275Edp;trascritto;estratto con 83 affermazioni, verificate
https://www.youtube.com/watch?v=-QhFxVzxc-0;trascritto;estratto con 18 affermazioni, verificate
https://www.youtube.com/watch?v=ni5DpLjidK8&t=1s;trascritto;estratto con 40 affermazioni, verificate
https://pokedextracker.com/;saltato;"applicazione interattiva senza testo statico: è uno strumento da usare, non una fonte da leggere; tentato il 2026-10-01 diretto, con browser e con la Wayback Machine"
https://godex.site/collection/90977;letto;estratto senza affermazioni pertinenti
https://www.youtube.com/watch?v=y81nojEHKh8;trascritto;estratto senza affermazioni pertinenti
https://www.youtube.com/watch?v=fK4jxsuvAsk&t=2512s;trascritto;estratto senza affermazioni pertinenti
https://www.youtube.com/watch?v=xOBSFSiK2R0;letto;video senza parlato, letti titolo e descrizione: estratto con 10 affermazioni, verificate
https://www.youtube.com/watch?v=H73ESn6VYvI;letto;video senza parlato, letti titolo e descrizione: estratto senza affermazioni pertinenti
https://www.youtube.com/watch?v=tb0eeLjTMOo;trascritto;estratto con 20 affermazioni, verificate
https://www.youtube.com/watch?v=0jePe3SyuOo;trascritto;estratto con 7 affermazioni, verificate
https://www.youtube.com/watch?v=d-2mHUdbn8k;trascritto;estratto senza affermazioni pertinenti
https://www.youtube.com/watch?v=o3TWbBsOv8I;trascritto;estratto senza affermazioni pertinenti
https://www.youtube.com/watch?v=65OcoKMBK_o;trascritto;estratto senza affermazioni pertinenti
https://cecilbowen.github.io/pokemon-sandwich-simulator/;saltato;applicazione interattiva per i panini di Scarlatto e Violetto, senza testo statico: non è una fonte sulla collezione
https://imgur.com/a/scarlet-violet-shiny-sandwich-recipes-by-papa-jef-BTuymY3#KpYAPbg;letto;estratto senza affermazioni pertinenti
https://www.youtube.com/watch?v=L27WJgiAfAE;trascritto;estratto senza affermazioni pertinenti
https://x.com/gohomedex;letto;estratto con 1 affermazioni, verificate
https://x.com/Sibun4a_Switch/status/1930459094202163632;letto;estratto senza affermazioni pertinenti
https://blisy.net/;saltato;"applicazione interattiva senza testo statico: è uno strumento da usare, non una fonte da leggere; tentato il 2026-10-01 diretto, con browser e con la Wayback Machine"
https://youtu.be/AIslziEvNIU?si=ztdU_rYWgxwSsQuH;trascritto;estratto senza affermazioni pertinenti
https://www.youtube.com/watch?v=fMf-n-MbkuU;trascritto;estratto senza affermazioni pertinenti
https://www.youtube.com/watch?v=JgvW8fha7k4;trascritto;estratto senza affermazioni pertinenti
https://www.youtube.com/watch?v=tDwUBZP5llk&t=63s;trascritto;estratto senza affermazioni pertinenti
https://www.youtube.com/watch?v=_pvOsA7Q0KY;trascritto;estratto senza affermazioni pertinenti
https://www.youtube.com/watch?v=rt94JqpBm5s;trascritto;estratto senza affermazioni pertinenti
https://www.youtube.com/watch?v=uAIxIe-IsDk;trascritto;estratto senza affermazioni pertinenti
https://www.youtube.com/watch?v=Ab7CrjKRdco;trascritto;estratto senza affermazioni pertinenti
https://www.youtube.com/watch?v=P1fxsWWvX6c;trascritto;estratto senza affermazioni pertinenti
https://www.reddit.com/r/ShinyPokemon/wiki/index/#wiki_game_faq;letto;estratto senza affermazioni pertinenti
https://www.reddit.com/r/pokemonrng/;scartato;non è una fonte: pagina di profilo o di sottocomunità, un elenco e non un contenuto
https://www.youtube.com/@imablisy;catalogo letto;434 video in catalogo, 47 scelti per tema: 47 letti dalla trascrizione, 0 senza testo ricavabile (canali/senza-testo.json)
https://www.youtube.com/@ItsLazyHunter;irrecuperabile;canale non più raggiungibile: b] @ItsLazyHunter/videos: Unable to download API page: HTTP Error 404: Not Found (caused by <HTTPError 404: Not Found>)
https://www.youtube.com/watch?v=os0AOt1VMi0;trascritto;estratto senza affermazioni pertinenti
https://www.youtube.com/watch?v=RvCZ_tHfsMA&list=LL&index=91&t=288s&pp=gAQBiAQB0gcJCd4JAYcqIYzv;trascritto;estratto senza affermazioni pertinenti
https://www.youtube.com/@PapaJefeYT/videos;catalogo letto;68 video in catalogo, 6 scelti per tema: 6 letti dalla trascrizione, 0 senza testo ricavabile (canali/senza-testo.json)
https://www.youtube.com/watch?v=tmPzFAuKMA8&pp=ygUQcmV0aXJlIGFjZSBnZW4gNA%3D%3D;trascritto;estratto senza affermazioni pertinenti
https://www.youtube.com/@LEOsMINDgames;catalogo letto;271 video in catalogo, 37 scelti per tema: 37 letti dalla trascrizione, 0 senza testo ricavabile (canali/senza-testo.json)
https://www.youtube.com/@AustinJohnPlays;catalogo letto;1473 video in catalogo, 79 scelti per tema: 79 letti dalla trascrizione, 0 senza testo ricavabile (canali/senza-testo.json)
https://www.youtube.com/@trailspokemon;catalogo letto;41 video in catalogo, 4 scelti per tema: 4 letti dalla trascrizione, 0 senza testo ricavabile (canali/senza-testo.json)
https://www.youtube.com/@ThedomiNATION;catalogo letto;630 video in catalogo, 164 scelti per tema: 160 letti dalla trascrizione, 4 senza testo ricavabile (canali/senza-testo.json)
https://www.youtube.com/@JohnstoneYT;catalogo letto;123 video in catalogo, 38 scelti per tema: 38 letti dalla trascrizione, 0 senza testo ricavabile (canali/senza-testo.json)
https://www.youtube.com/@PapaJefeYT;catalogo letto;68 video in catalogo, 6 scelti per tema: 6 letti dalla trascrizione, 0 senza testo ricavabile (canali/senza-testo.json)
https://docs.google.com/spreadsheets/d/1BL\_YM5paxN67KPik8Z6PLHdYFvGpcrO8Kp58EXGO8yI/edit?gid=1743142233#gid=1743142233;letto;foglio di calcolo confrontato riga per riga con la lista completa (fogli-forme-ignote.md)
https://www.youtube.com/watch?v=ni5DpLjidK8;trascritto;estratto con 40 affermazioni, verificate
https://cecilbowen.github.io/pokemon-sandwich-simulator;saltato;applicazione interattiva per i panini di Scarlatto e Violetto, senza testo statico: non è una fonte sulla collezione
https://imgur.com/a/scarlet-violet-shiny-sandwich-recipes-by-papa-jef-BTuymY3;letto;estratto senza affermazioni pertinenti
https://pokejungle.net/2023/03/27/how-to-organize-pokemon-home-for-a-living-dex;letto;estratto con 23 affermazioni, verificate
https://www.reddit.com/r/ShinyPokemon/wiki/index;letto;estratto senza affermazioni pertinenti
https://www.reddit.com/r/pokemonrng;scartato;non è una fonte: pagina di profilo o di sottocomunità, un elenco e non un contenuto
https://youtu.be/AIslziEvNIU;trascritto;estratto senza affermazioni pertinenti
https://youtu.be/ISPbxFiZkNg;trascritto;estratto con 70 affermazioni, verificate
https://www.youtube.com/watch?v=mGM_nNGAEgU;trascritto;estratto con 13 affermazioni, verificate
http://0.0.0.0/;scartato;non è una fonte: indirizzo numerico o locale, non una pagina di contenuto
https://0.0.0.0/;scartato;non è una fonte: indirizzo numerico o locale, non una pagina di contenuto
http://001.001.001.001/;scartato;non è una fonte: indirizzo numerico o locale, non una pagina di contenuto
http://164.132.44.106/;scartato;non è una fonte: indirizzo numerico o locale, non una pagina di contenuto
https://164.132.44.106/;scartato;non è una fonte: indirizzo numerico o locale, non una pagina di contenuto
http://167.235.229.36/;scartato;non è una fonte: indirizzo numerico o locale, non una pagina di contenuto
http://167.86.108.126/;scartato;non è una fonte: indirizzo numerico o locale, non una pagina di contenuto
https://167.86.108.126/;scartato;non è una fonte: indirizzo numerico o locale, non una pagina di contenuto
http://172.104.88.237/;scartato;non è una fonte: indirizzo numerico o locale, non una pagina di contenuto
https://172.104.88.237/;scartato;non è una fonte: indirizzo numerico o locale, non una pagina di contenuto
http://178.062.043.212/;scartato;non è una fonte: indirizzo numerico o locale, non una pagina di contenuto
http://178.62.43.212/;scartato;non è una fonte: indirizzo numerico o locale, non una pagina di contenuto
https://178.62.43.212/;scartato;non è una fonte: indirizzo numerico o locale, non una pagina di contenuto
http://37.97.147.73/Headbutt%20Grid.htm;scartato;non è una fonte: indirizzo numerico o locale, non una pagina di contenuto
https://8.8.4.4/;scartato;non è una fonte: indirizzo numerico o locale, non una pagina di contenuto
http://8.8.8.8/;scartato;non è una fonte: indirizzo numerico o locale, non una pagina di contenuto
https://8.8.8.8/;scartato;non è una fonte: indirizzo numerico o locale, non una pagina di contenuto
https://www.angelfire.com/pokemon2/dv-info/shinies.html;letto;estratto senza affermazioni pertinenti
https://archives.bulbagarden.net/wiki/Category:Red_and_Green_sprites;letto;estratto senza affermazioni pertinenti
http://bulbapedia.bulbagarden.net/wiki/List_of_Pok%C3%A9mon_by_index_number_(Generation_I\;letto;estratto senza affermazioni pertinenti
https://bulbapedia.bulbagarden.net/wiki/Cute_Charm_(Ability;letto;documentazione tecnica o pagina generica fuori tema, conservata senza estrazione
https://bulbapedia.bulbagarden.net/wiki/List\_of\_Wi-Fi\_English\_event\_Pok%C3%A9mon\_distributions\_(Generation\_V;letto;estratto con 10 affermazioni, verificate
https://bulbapedia.bulbagarden.net/wiki/List\_of\_local\_English\_event\_Pok%C3%A9mon\_distributions\_(Generation\_IV;letto;estratto con 86 affermazioni, verificate
https://bulbapedia.bulbagarden.net/wiki/List\_of\_local\_English\_event\_Pok%C3%A9mon\_distributions\_(Generation\_V;letto;estratto con 106 affermazioni, verificate
https://bulbapedia.bulbagarden.net/wiki/List_of_local_Japanese_event_Pokémon_distributions_in_Generation_IV;letto;estratto con 51 affermazioni, verificate
https://bulbapedia.bulbagarden.net/wiki/Mew\_glitch;letto;documentazione tecnica o pagina generica fuori tema, conservata senza estrazione
https://bulbapedia.bulbagarden.net/wiki/My_Pokémon_Ranch;letto;documentazione tecnica o pagina generica fuori tema, conservata senza estrazione
https://bulbapedia.bulbagarden.net/wiki/Poké_Transfer;letto;documentazione tecnica o pagina generica fuori tema, conservata senza estrazione
https://bulbapedia.bulbagarden.net/wiki/Pokémon_Battle_Revolution;letto;documentazione tecnica o pagina generica fuori tema, conservata senza estrazione
https://bulbapedia.bulbagarden.net/wiki/Pokémon_Box_Ruby_%26_Sapphire;letto;documentazione tecnica o pagina generica fuori tema, conservata senza estrazione
https://bulbapedia.bulbagarden.net/wiki/Pokémon_Channel;letto;documentazione tecnica o pagina generica fuori tema, conservata senza estrazione
https://bulbapedia.bulbagarden.net/wiki/Pokémon_Colosseum;letto;estratto con 12 affermazioni, verificate
https://bulbapedia.bulbagarden.net/wiki/Pokémon_Dream_Radar;letto;documentazione tecnica o pagina generica fuori tema, conservata senza estrazione
https://bulbapedia.bulbagarden.net/wiki/Pokémon_Dream_World;letto;documentazione tecnica o pagina generica fuori tema, conservata senza estrazione
https://bulbapedia.bulbagarden.net/wiki/Pokémon_Global_Link;letto;documentazione tecnica o pagina generica fuori tema, conservata senza estrazione
https://bulbapedia.bulbagarden.net/wiki/Pokémon_Ranger_series;letto;documentazione tecnica o pagina generica fuori tema, conservata senza estrazione
https://bulbapedia.bulbagarden.net/wiki/Pokémon_XD:_Gale_of_Darkness;letto;documentazione tecnica o pagina generica fuori tema, conservata senza estrazione
https://bulbapedia.bulbagarden.net/wiki/Victini_(Pok%C3%A9mon;letto;documentazione tecnica o pagina generica fuori tema, conservata senza estrazione
https://cdn.bulbagarden.net/upload/archive/7/70/20140517072647%21Ilex_Forest_GSC.png;irrecuperabile;immagine non più scaricabile: la risposta salvata era un frammento binario e il nuovo tentativo non restituisce un'immagine
https://cdn.discordapp.com/attachments/907741323757506590/908875821769449472/2021111219280400-7DCC42E2AF4C1BBE54BB71700F7161B6.jpg;letto;estratto con 3 affermazioni, verificate
https://chrome.google.com/webstore/detail/mentioned-videos-for-redd/fiimkmdalmgffhibfdjnhljpnigcmohf;saltato;"applicazione interattiva senza testo statico: è uno strumento da usare, non una fonte da leggere; tentato il 2026-10-01 diretto, con browser e con la Wayback Machine"
https://classic.pokepc.net/apps/livingdex;saltato;"applicazione interattiva senza testo statico: è uno strumento da usare, non una fonte da leggere; tentato il 2026-10-01 diretto, con browser e con la Wayback Machine"
https://code.google.com/archive/p/ir-gts;scartato;"non è una fonte: pagina senza contenuto sulla collezione (file di configurazione, archivio di un vecchio progetto, pagina promozionale o commento); tentato il 2026-10-01 diretto, con browser e con la Wayback Machine"
http://degraiver.deviantart.com/art/Pkmn-RBY-Stat-Calculator-V-0-9-82964356;letto;estratto senza affermazioni pertinenti
https://discord.gg//legendsza;scartato;non è una fonte: invito a un server Discord, non un contenuto
https://discord.gg/3D7YvjBrFD;scartato;non è una fonte: invito a un server Discord, non un contenuto
https://discord.gg/dErW9Wm;scartato;non è una fonte: invito a un server Discord, non un contenuto
https://discord.gg/h8ykeMgV3z;scartato;non è una fonte: invito a un server Discord, non un contenuto
https://discord.gg/t2QeKahNtK;scartato;non è una fonte: invito a un server Discord, non un contenuto
https://docs.google.com/document/d/1hkdRJFgZOEzhKMHH0opOv0E2Qs8EecjpulPGFJefZ8c/edit?usp=sharing;letto;estratto senza affermazioni pertinenti
https://docs.google.com/document/d/1lbcUDFVjqDQLn0INCJBrJvMTzzlQ-cpmzQCzp9rAQTs/edit?usp=drivesdk;letto;estratto con 55 affermazioni, verificate
https://docs.google.com/document/d/e/2PACX-1vSZHF4sdFUmF0ttnVfgwFrKzfa99gm1OEy0UJ9KkFWvBA4fFKPyNcwWyfqaGS5CbFGtuk0M67cKEWI8/pub;letto;estratto con 93 affermazioni, verificate
https://docs.google.com/spreadsheets/d/11lZYY9qUE3I1d7\_Kc3M3q03KIuYGFBaWvWqN2X\_qSOk/edit?usp=sharing;letto;foglio di calcolo confrontato riga per riga con la lista completa (fogli-forme-ignote.md)
https://docs.google.com/spreadsheets/d/14QTf2q3rRFlaIqHxigfFyKiKZdL9o6uc_bQE-OtOTwk/edit?gid=1932480820;letto;foglio di calcolo confrontato riga per riga con la lista completa (fogli-forme-ignote.md)
https://docs.google.com/spreadsheets/d/14QTf2q3rRFlaIqHxigfFyKiKZdL9o6uc_bQE-OtOTwk/edit?usp=sharing;letto;foglio di calcolo confrontato riga per riga con la lista completa (fogli-forme-ignote.md)
https://docs.google.com/spreadsheets/d/160\_C7klF\_MFGlZJnnfmYe1cjW-uFAto9CB3yLSe8Tv0/edit?usp=sharing;letto;foglio di calcolo confrontato riga per riga con la lista completa (fogli-forme-ignote.md)
https://docs.google.com/spreadsheets/d/17K4aF5H3ALbvdi65IN5npJ4L7LxmUjgVUNS9-orS\_G8/edit?usp=sharing;letto;foglio di calcolo confrontato riga per riga con la lista completa (fogli-forme-ignote.md)
https://docs.google.com/spreadsheets/d/1ClSTolvZmTHeI4uItfKIVsSHfUxws7BnzlUTVV9zEYs/edit?usp=sharing;letto;foglio di calcolo confrontato riga per riga con la lista completa (fogli-forme-ignote.md)
https://docs.google.com/spreadsheets/d/1JOdD5FECYkZqWuLoc6vV1mhbBl\_4AuvE/edit?gid=179090297#gid=179090297;letto;foglio di calcolo confrontato riga per riga con la lista completa (fogli-forme-ignote.md)
https://docs.google.com/spreadsheets/d/1K8-2rWbMiVcV3RaW0uMmHF5Yeo7j-iUfjoBFqzzaJ2s/edit?usp=sharing;irrecuperabile;HTTPError: HTTP Error 404: Not Found
https://docs.google.com/spreadsheets/d/1LHYu6VQru7snvshafOvBItlVr_LTLf4WH4TYiQyO6GY/edit?usp=sharing;letto;foglio di calcolo confrontato riga per riga con la lista completa (fogli-forme-ignote.md)
https://docs.google.com/spreadsheets/d/1Np71tQe_CLWfVEHNY6158twKeGSq3lUdAJTxlRjuRAw/edit?usp=sharing;letto;foglio di calcolo confrontato riga per riga con la lista completa (fogli-forme-ignote.md)
https://docs.google.com/spreadsheets/d/1PO8Jj-xHmQXrQel-Xpaopgty1ozgEynv/edit?usp=sharing&ouid=105928561876625854556&rtpof=true&sd=true;irrecuperabile;file su Drive che chiede l accesso a Google, non pubblico
https://docs.google.com/spreadsheets/d/1S5LkoD502R9H2rbAkKsbnqrjckhlMqRP6ooG2iGyL5Q/edit?usp=sharing;letto;estratto con 1 affermazioni, verificate
https://docs.google.com/spreadsheets/d/1T5RMu189-uMrknJlAPNp3QbQAyp8t0N5/edit?usp=sharing&ouid=103067789524497045001&rtpof=true&sd=true;letto;estratto senza affermazioni pertinenti
https://docs.google.com/spreadsheets/d/1TLEbEeXsaCsJgPNN-ehrVqTvNbP8KM9f3U5FLKNS6TI/edit?usp=sharing;letto;foglio di calcolo confrontato riga per riga con la lista completa (fogli-forme-ignote.md)
https://docs.google.com/spreadsheets/d/1U_X4rB3LIAI66HpFE8lDIsCHkZbOiQ7rZAxmahUZ_Z4/edit?usp=sharing;letto;foglio di calcolo confrontato riga per riga con la lista completa (fogli-forme-ignote.md)
https://docs.google.com/spreadsheets/d/1X4HlOobLKhBNfxMy3yUbXe015Sr_nZybKlQD7GuR8LU/edit;letto;foglio di calcolo confrontato riga per riga con la lista completa (fogli-forme-ignote.md)
https://docs.google.com/spreadsheets/d/1asxeqWirsimzhBaFChP7Yavf5RdEFu9gHJ4tpmD6N5o/edit?usp=sharing;letto;foglio di calcolo confrontato riga per riga con la lista completa (fogli-forme-ignote.md)
https://docs.google.com/spreadsheets/d/1bvIx7Q2Lxp7efHRrUh48WkuwirNlKardwSHVz_R8kA0/edit;letto;foglio di calcolo confrontato riga per riga con la lista completa (fogli-forme-ignote.md)
https://docs.google.com/spreadsheets/d/1nE47IB6uY81f8ESsg05iCuA34QmoCJNqYb3qNyUOm_A/edit;letto;foglio di calcolo confrontato riga per riga con la lista completa (fogli-forme-ignote.md)
https://docs.google.com/spreadsheets/d/1uv3jgQw\_1yJeNZucT-DPzWWhHEwitx6-1qAzh9FQ6ZA/edit?gid=459916946#gid=459916946;letto;foglio di calcolo confrontato riga per riga con la lista completa (fogli-forme-ignote.md)
https://docs.google.com/spreadsheets/d/1xvCQs2JprtSVOf47omRvoaMwTO7EXtRLKbdZyAnRc4U/edit?gid=1179485747#gid=1179485747;letto;foglio di calcolo confrontato riga per riga con la lista completa (fogli-forme-ignote.md)
https://docs.google.com/spreadsheets/d/e/2PACX-1vTVVOEZbXLVQvjIdzGACpZ_IrOWgVDBr_Wa-xULK3191BP9lf1tep-z-PsmcAfaH_aE56j3GHDX_9UO/pubhtml;irrecuperabile;dalla pagina si estraggono 35 caratteri e porta 6 script: è uno scheletro JavaScript, e senza un browser non consegna il contenuto
https://docs.google.com/spreadsheets/d/e/2PACX-1vTusrkjjQVxfqANVboZbw-VplOUBioFRDcHi5yEz4tXupmNvs9s2MHDBPA0jBzS38Ic9UT6Xulr0Sko/pubhtml;letto;foglio di calcolo confrontato riga per riga con la lista completa (fogli-forme-ignote.md)
https://docs.google.com/spreadsheets/u/0/d/1bvIx7Q2Lxp7efHRrUh48WkuwirNlKardwSHVz_R8kA0/htmlview;letto;foglio di calcolo confrontato riga per riga con la lista completa (fogli-forme-ignote.md)
https://drive.google.com/drive/folders/159W-2Wlo5sPA5DSqHwijdVWuA9z4-qfe;letto;estratto senza affermazioni pertinenti
https://drive.google.com/drive/folders/15RNkGdAzbalwlzwijt1E8SnnMX9lHM8i;letto;estratto senza affermazioni pertinenti
https://drive.google.com/drive/u/0/folders/1aBDkBWJbZj-3AYjDCd7K5NG9zCSFP9WT;letto;estratto senza affermazioni pertinenti
https://drive.google.com/file/d/1e3YfLJkwYRn6UYjGAZ-gygqd27DrJyGP/view?usp=sharing;irrecuperabile;HTTPError: HTTP Error 404: Not Found
https://drive.google.com/file/d/1gX85mbFEIi7DrQSweJpX\_xWFNtCVwIJR/view?usp=sharing;letto a vista;mappa di Paldea: nessun contenuto sulla collezione
https://emulation.gametechwiki.com/index.php/GBA_e-Reader_emulators;letto;estratto senza affermazioni pertinenti
https://exelotl.github.io/gba-eeprom-save-fix;scartato;"non è una fonte: pagina senza contenuto sulla collezione (file di configurazione, archivio di un vecchio progetto, pagina promozionale o commento); tentato il 2026-10-01 diretto, con browser e con la Wayback Machine"
http://forums.glitchcity.info/index.php?topic=6638.0;letto;estratto senza affermazioni pertinenti
http://forums.glitchcity.info/index.php?topic=6638.15;letto;estratto senza affermazioni pertinenti
http://forums.glitchcity.info/index.php?topic=6638.msg200226.html;letto;estratto senza affermazioni pertinenti
https://forums.serenesforest.net/topic/63781-gen-1-to-gen-2-gender-mechanics-regarding-trading/;irrecuperabile;HTTP Error 403: Forbidden, e nessuna copia nella Wayback Machine
http://www.gamefaqs.com/gameboy/198314-pokemon-yellow-version-special-pikachu-edition/faqs/27916;letto;estratto con 41 affermazioni, verificate
https://gamefaqs.gamespot.com/boards/259372-pokemon-sword/78401974;letto;estratto con 6 affermazioni, verificate
https://gamefaqs.gamespot.com/boards/359434-pokemon-violet/80618645;letto;estratto con 5 affermazioni, verificate
https://gamefaqs.gamespot.com/gba/921905-pokemon-emerald-version/answers/558964-how-to-make-breloom-learn-false-swipe-in-pokemon-emerald-;letto;estratto senza affermazioni pertinenti
https://gaming.stackexchange.com/questions/294147/what-determines-the-gender-of-a-gen-1-pokemon;letto;estratto senza affermazioni pertinenti
https://gamingintel.com/how-to-increase-shiny-odds-in-pokemon-scarlet-violet;letto;documentazione tecnica o pagina generica fuori tema, conservata senza estrazione
"https://gist.github.com/claydolwithexplosion/017f1784deebcd118b61d3ad917edb3c.js&quot;&gt;&lt;/script&gt";irrecuperabile;HTTP Error 404: Not Found, e nessuna copia nella Wayback Machine
https://glitchcity.wiki/wiki/Coin_Case_glitches?oldid=51753;letto;estratto senza affermazioni pertinenti
https://glitchcity.wiki/wiki/Main\_Page;letto;estratto senza affermazioni pertinenti
https://goo.gl/sPjdLp;scartato;"non è una fonte: segnaposto, accorciatore o pagina d'esempio senza contenuto; tentato il 2026-10-01 diretto, con browser e con la Wayback Machine"
https://i-made-a.website/;scartato;"non è una fonte: segnaposto, accorciatore o pagina d'esempio senza contenuto; tentato il 2026-10-01 diretto, con browser e con la Wayback Machine"
http://i.imgur.com/110bWGX.png?1=;letto con OCR;estratto senza affermazioni pertinenti
http://i.imgur.com/54YGQqv.png;letto con OCR;estratto senza affermazioni pertinenti
http://i.imgur.com/6wT4Pks.png;letto con OCR;estratto senza affermazioni pertinenti
http://i.imgur.com/7KUidYJ.png?1=;letto a vista;fotogramma o tabella del glitch di Mew in Rosso, Blu e Giallo (allenatori lontani, camion della M/N Anna): procedura già in STUDIO-08
http://i.imgur.com/7cg3AYx.png?1=;letto a vista;fotogramma o tabella del glitch di Mew in Rosso, Blu e Giallo (allenatori lontani, camion della M/N Anna): procedura già in STUDIO-08
http://i.imgur.com/8LMkJ0T.jpg;letto con OCR;estratto senza affermazioni pertinenti
http://i.imgur.com/B2UYqLi.png?1=;letto a vista;fotogramma o tabella del glitch di Mew in Rosso, Blu e Giallo (allenatori lontani, camion della M/N Anna): procedura già in STUDIO-08
http://i.imgur.com/DNIUIRu.png?1=;letto a vista;fotogramma o tabella del glitch di Mew in Rosso, Blu e Giallo (allenatori lontani, camion della M/N Anna): procedura già in STUDIO-08
http://i.imgur.com/FnbFZNl.png?1=;letto a vista;fotogramma o tabella del glitch di Mew in Rosso, Blu e Giallo (allenatori lontani, camion della M/N Anna): procedura già in STUDIO-08
http://i.imgur.com/LUTduWI.png?1=;letto a vista;fotogramma o tabella del glitch di Mew in Rosso, Blu e Giallo (allenatori lontani, camion della M/N Anna): procedura già in STUDIO-08
http://i.imgur.com/RdtPdUl.png?1=;letto a vista;fotogramma o tabella del glitch di Mew in Rosso, Blu e Giallo (allenatori lontani, camion della M/N Anna): procedura già in STUDIO-08
http://i.imgur.com/Yf2aV9B.png;letto con OCR;estratto senza affermazioni pertinenti
http://i.imgur.com/Z7ReGcr.png?1=;letto a vista;fotogramma o tabella del glitch di Mew in Rosso, Blu e Giallo (allenatori lontani, camion della M/N Anna): procedura già in STUDIO-08
http://i.imgur.com/fbgacRf.png?1=;letto a vista;fotogramma o tabella del glitch di Mew in Rosso, Blu e Giallo (allenatori lontani, camion della M/N Anna): procedura già in STUDIO-08
http://i.imgur.com/ktn2bK3.jpg;letto con OCR;estratto senza affermazioni pertinenti
http://i.imgur.com/oIMT53Q.png;letto a vista;meme: nessun contenuto
http://i.imgur.com/rc3KeV7.png?1=;letto con OCR;estratto senza affermazioni pertinenti
http://i.imgur.com/uVn8uay.png?1=;letto a vista;fotogramma o tabella del glitch di Mew in Rosso, Blu e Giallo (allenatori lontani, camion della M/N Anna): procedura già in STUDIO-08
http://i.imgur.com/vCWPwmK.png?1=;letto con OCR;estratto senza affermazioni pertinenti
http://i.imgur.com/xFrHYnj.png?1=;letto a vista;fotogramma o tabella del glitch di Mew in Rosso, Blu e Giallo (allenatori lontani, camion della M/N Anna): procedura già in STUDIO-08
http://i.imgur.com/ykmcESd.png?1=;letto con OCR;estratto senza affermazioni pertinenti
https://i.imgur.com/XgAhEXa.png;letto a vista;divisore di pagina o icona: nessun contenuto
https://i.redd.it/06z1325nkkcd1.png;letto con OCR;estratto senza affermazioni pertinenti
https://i.redd.it/1z8tzc1ks7c61.png;letto con OCR;estratto senza affermazioni pertinenti
https://i.redd.it/3rmu9k40o6xz.png;letto con OCR;estratto con 9 affermazioni, verificate
https://i.redd.it/44lcsdbtnw8c1.jpeg;letto con OCR;estratto senza affermazioni pertinenti
https://i.redd.it/9zh9ucz7c2dc1.png;letto con OCR;estratto senza affermazioni pertinenti
https://i.redd.it/buu3s1tf1ejh1.png;letto con OCR;estratto con 68 affermazioni, verificate
https://i.redd.it/geqw2xyamtwg1.png;letto con OCR;estratto senza affermazioni pertinenti
https://i.redd.it/j1gifqqtm05g1.png;letto con OCR;estratto con 11 affermazioni, verificate
https://i.redd.it/n329gxohj08c1.jpeg;letto con OCR;estratto senza affermazioni pertinenti
https://i.redd.it/n6p7j7u3y7wz.png;letto con OCR;estratto con 13 affermazioni, verificate
https://i.redd.it/soq68t11ovsg1.png;letto con OCR;estratto con 8 affermazioni, verificate
https://i.redd.it/tashtuju1x711.png;letto con OCR;estratto senza affermazioni pertinenti
https://i.redd.it/zm5mkt70ke7a1.png;letto con OCR;estratto senza affermazioni pertinenti
http://i1.kym-cdn.com/photos/images/original/001/070/953/1da.jpeg;letto con OCR;estratto senza affermazioni pertinenti
http://imgs.xkcd.com/comics/exploits_of_a_mom.png;letto con OCR;estratto senza affermazioni pertinenti
http://imgur.com/CQlmBLe;letto;estratto senza affermazioni pertinenti
http://imgur.com/a/fzn0c;letto;estratto con 5 affermazioni, verificate
https://imgur.com/HeULTiq;letto;estratto senza affermazioni pertinenti
https://imgur.com/MU4vusD;letto;estratto senza affermazioni pertinenti
https://imgur.com/a/1YAfQGC;letto;estratto senza affermazioni pertinenti
https://imgur.com/a/5mbVq;letto;estratto senza affermazioni pertinenti
https://imgur.com/a/9S6J5;letto;estratto senza affermazioni pertinenti
https://imgur.com/a/F9FMS;letto;estratto senza affermazioni pertinenti
https://imgur.com/a/JLwZFcW;letto;estratto senza affermazioni pertinenti
https://imgur.com/a/aT4oB4u;letto;estratto senza affermazioni pertinenti
https://imgur.com/a/cuyXcl2;letto;estratto senza affermazioni pertinenti
https://imgur.com/a/jCZjo;letto;estratto con 1 affermazioni, verificate
https://inject.sigkill.tech/converter/3dsvc;saltato;"applicazione interattiva senza testo statico: è uno strumento da usare, non una fonte da leggere; tentato il 2026-10-01 diretto, con browser e con la Wayback Machine"
https://linksharing.samsungcloud.com/czNRSK1nNfFI;letto;estratto senza affermazioni pertinenti
https://m.bulbapedia.bulbagarden.net/wiki/Diamond_Storm_(move;letto;estratto senza affermazioni pertinenti
https://m.bulbapedia.bulbagarden.net/wiki/List_of_Wi-Fi_English_event_Pok%C3%A9mon_distributions_(Generation_IV;letto;estratto con 12 affermazioni, verificate
https://mobile.twitter.com/SilentDestroySR/status/1596430687091167235/photo/1;letto;estratto senza affermazioni pertinenti
http://www.nintendo.com/consumer/berryfaq.jsp;letto;estratto senza affermazioni pertinenti
https://www.nintendo.com/consumer/berryfaq.jsp;letto;estratto senza affermazioni pertinenti
https://np.reddit.com/r/SubtleTV/wiki/mentioned_videos;letto;estratto senza affermazioni pertinenti
https://np.reddit.com/r/pokemonribbons/top?sort=top&t=year;scartato;non è una fonte: pagina di profilo o di sottocomunità, un elenco e non un contenuto
https://np.reddit.com/r/sneakpeekbot;scartato;non è una fonte: pagina di profilo o di sottocomunità, un elenco e non un contenuto
https://pbs.twimg.com/media/FEHhugrVkAA93od?format=png&name=360x360;letto con OCR;estratto senza affermazioni pertinenti
https://pbs.twimg.com/media/FiigD-DWIAQViNI?format=jpg&name=medium;letto con OCR;estratto senza affermazioni pertinenti
https://plailect.github.io/Guide;letto;estratto senza affermazioni pertinenti
https://www.pokemon-sunmoon.com/ultra/en-us/cool-features.html;letto;estratto senza affermazioni pertinenti
https://www.pokemon.com/us/strategy/gigantamax-shiny-pokemon-sword-pokemon-shield-wild-area?cid=&amp%3Bamp%3Bamp%3Butm_source=tw&amp%3Bamp%3Bamp%3Butm_medium=social&amp%3Bamp%3Bamp%3Butm_campaign=swordshield&amp%3Bamp%3Bamp%3Butm_term=wildareaguide;letto;estratto senza affermazioni pertinenti
https://pokemonlp.fandom.com/wiki/Dual-slot_mode;letto;estratto con 20 affermazioni, verificate
https://pokepal.rpintosh.eu/;irrecuperabile;<urlopen error [Errno 11001] getaddrinfo failed>, e nessuna copia nella Wayback Machine
https://preview.redd.it/0fnjmxsnhhmf1.png?width=6912&format=png&auto=webp&s=b5c31b811cc5b6830ca5b6294c13c472b05a5242;irrecuperabile;immagine cancellata da Reddit: l'anteprima risponde con la pagina del visualizzatore e l'originale https://i.redd.it/0fnjmxs
https://preview.redd.it/0qlsadv2mkcd1.png?width=2100&format=png&auto=webp&s=54da3f6f2975392777e4cbcf7f68eb605a2269f6;letto con OCR;estratto senza affermazioni pertinenti
https://preview.redd.it/13bpdgsj7buc1.png?width=1137&format=png&auto=webp&s=fafbf21a41e2fc884059f3b2874ca54e2f8b6a1d;letto con OCR;estratto senza affermazioni pertinenti
https://preview.redd.it/1he5x8nftxre1.jpeg?width=1284&format=pjpg&auto=webp&s=06030d3126d4c5750ef666dda5b9b9e9f884dfff;irrecuperabile;immagine cancellata da Reddit: l'anteprima risponde con la pagina del visualizzatore e l'originale https://i.redd.it/1he5x8n
https://preview.redd.it/1j339kogz9uc1.png?width=1920&format=png&auto=webp&s=fa705f284a58be96df17bd82e155d818a520575c;letto a vista;divisore di pagina o icona: nessun contenuto
https://preview.redd.it/1v4zx2q2nxre1.png?width=1080&format=png&auto=webp&s=febec097ea6e4acc6dac9f0868980ca3abf3a42d;letto con OCR;estratto senza affermazioni pertinenti
https://preview.redd.it/2qhl43sfwauc1.png?width=1855&format=png&auto=webp&s=07e65c8eaa04c2cf90be882470a8c64ee24d4fff;letto con OCR;estratto senza affermazioni pertinenti
https://preview.redd.it/2y458ygw57uc1.png?width=1137&format=png&auto=webp&s=28962b87d70e88ffb9a06231f44bbed64f7b020e;letto con OCR;estratto senza affermazioni pertinenti
https://preview.redd.it/3378nifdtxre1.jpeg?width=1284&format=pjpg&auto=webp&s=867aca36b663a9e9fdcfa66b07cbb067beab896f;letto con OCR;estratto senza affermazioni pertinenti
https://preview.redd.it/34jwf022skre1.jpeg?width=1179&format=pjpg&auto=webp&s=394e2e36839a0304bc99255d97627f7c850ea8dd;letto con OCR;estratto senza affermazioni pertinenti
https://preview.redd.it/3b60vobwt3se1.jpeg?width=1284&format=pjpg&auto=webp&s=27e9e882d0d1e66c3b2ba44edd9bd590d0837ee6;letto con OCR;estratto senza affermazioni pertinenti
https://preview.redd.it/3s6fqzn81v1c1.jpeg?width=1170&format=pjpg&auto=webp&s=b91d128d66651813227517f6bd8c7355e1aa3eea;letto con OCR;estratto senza affermazioni pertinenti
https://preview.redd.it/48tg1cz70edd1.jpeg?width=1170&format=pjpg&auto=webp&s=13e9469d448ecb33276230d1432b4089a5b2ce8a;letto con OCR;estratto senza affermazioni pertinenti
https://preview.redd.it/4bpuyofgo0tg1.png?width=4800&format=png&auto=webp&s=2a7d802f4d06b60d444db212eb67c6d9a6b22987;irrecuperabile;immagine cancellata da Reddit: l'anteprima risponde con la pagina del visualizzatore e l'originale https://i.redd.it/4bpuyof
https://preview.redd.it/4ebywpxvdase1.jpeg?width=931&format=pjpg&auto=webp&s=becc385fe48ca916192598a92b85045487f6158a;letto con OCR;estratto senza affermazioni pertinenti
https://preview.redd.it/4hmzwmyofwre1.png?width=1080&format=png&auto=webp&s=c793286c11ca75c9d176b964dc58baa342969440;letto con OCR;estratto senza affermazioni pertinenti
https://preview.redd.it/5p5xjjlqsauc1.png?width=938&format=png&auto=webp&s=c1943b60bb7680e882eb80a2cd77ac003303d5c9;letto con OCR;estratto senza affermazioni pertinenti
https://preview.redd.it/647jcdzdauce1.jpeg?width=3024&format=pjpg&auto=webp&s=a0faa7797bd6b2b2ca6444d1e86be9a7d90445bf;letto a vista;schermata di gioco (Heracross dalla capocciata in Console Virtuale, erba di Diamante Lucente): incontro già noto
https://preview.redd.it/67d3fhvm67uc1.png?width=1128&format=png&auto=webp&s=0a5acab3f22b878b2bc03978ecb413e5c8a68f9c;letto con OCR;estratto senza affermazioni pertinenti
https://preview.redd.it/6keotrncuxjh1.jpeg?width=1080&format=pjpg&auto=webp&s=c8dd757a922794ca1fcdb2eae5ad1d31f034c7a2;letto con OCR;estratto senza affermazioni pertinenti
https://preview.redd.it/6s67ltsbiihg1.jpeg?width=1170&format=pjpg&auto=webp&s=56a75c4181764ef9449097ba9f1ad0b85cf109fc;letto con OCR;estratto con 1 affermazioni, verificate
https://preview.redd.it/7iaikg5z27uc1.png?width=855&format=png&auto=webp&s=c5653a78d2c50d695962ab1eb498b7be8e96da37;letto con OCR;estratto senza affermazioni pertinenti
https://preview.redd.it/7o7oyvgv7buc1.png?width=1920&format=png&auto=webp&s=0955ed6fabe258f865364fad65edee12b8014147;letto con OCR;estratto senza affermazioni pertinenti
https://preview.redd.it/89n2j4udcwre1.jpeg?width=1080&format=pjpg&auto=webp&s=4a0466749e8a2fc5b2a97deff042da88871f5a46;letto a vista;frammento d'interfaccia (Reddit, profilo di HOME, FBI sul 3DS, menu del 3DS): nessun contenuto sulla collezione
https://preview.redd.it/8ph5hib8bz1g1.jpeg?width=4032&format=pjpg&auto=webp&s=931bc98c319e5e90d211d8be4c4ce320d067f658;letto a vista;schermata di un deposito di Pokémon: nessuna voce nuova
https://preview.redd.it/a0s6uftttxre1.jpeg?width=1179&format=pjpg&auto=webp&s=d63aa0d5f3b235778138db4c71ac60198d78c389;letto con OCR;estratto senza affermazioni pertinenti
https://preview.redd.it/bkuemaqbdase1.jpeg?width=931&format=pjpg&auto=webp&s=43c0a6d062028da9ad6ef108c61ab8e0e6ce6cfe;irrecuperabile;immagine cancellata da Reddit: l'anteprima risponde con la pagina del visualizzatore e l'originale https://i.redd.it/bkuemaq
https://preview.redd.it/blb1dsfd67uc1.png?width=1126&format=png&auto=webp&s=f9b33de169d69b1fa78ee94aa7f33a616d962fa5;letto con OCR;estratto senza affermazioni pertinenti
https://preview.redd.it/boy0wfpl3o8c1.png?width=1168&format=png&auto=webp&s=fc5b495977dc421e6c747a694c0df2fb630361d2;irrecuperabile;immagine cancellata da Reddit: l'anteprima risponde con la pagina del visualizzatore e l'originale https://i.redd.it/boy0wfp
https://preview.redd.it/bzpd5bgqourg1.jpeg?width=2160&format=pjpg&auto=webp&s=b3abe958cade57264edc09b42308f148d258564f;letto con OCR;estratto con 3 affermazioni, verificate
https://preview.redd.it/cswslruf90qd1.jpeg?width=1170&format=pjpg&auto=webp&s=de82c2a0f79ffea04c36fc1d0d7f4b408ffda093;letto con OCR;estratto senza affermazioni pertinenti
https://preview.redd.it/d5wo9clksj8d1.jpeg?width=1066&format=pjpg&auto=webp&s=19bbbd5d25e5afb564d3bb088700353e4ae04194;irrecuperabile;immagine cancellata da Reddit: l'anteprima risponde con la pagina del visualizzatore e l'originale https://i.redd.it/d5wo9cl
https://preview.redd.it/dadfqc6hkn2g1.jpeg?width=1080&format=pjpg&auto=webp&s=0df4deeb36b7b50bfc5bc83ee2512bb4716673fa;letto con OCR;estratto senza affermazioni pertinenti
https://preview.redd.it/e2hzc17kbxjh1.jpeg?width=1228&format=pjpg&auto=webp&s=c1b8f6e575f77434f1cae8bad983d459752e3220;letto con OCR;estratto con 10 affermazioni, verificate
https://preview.redd.it/ehpi5i4hagtc1.jpeg?width=1170&format=pjpg&auto=webp&s=1186e79995853b53dc1b91c00218521b7a3067d5;letto con OCR;estratto senza affermazioni pertinenti
https://preview.redd.it/f7uz6qpphkzb1.jpeg?width=1170&format=pjpg&auto=webp&s=cf685c0b4da20cf34fe2fdcc3675d8cad73f57fa;irrecuperabile;immagine cancellata da Reddit: l'anteprima risponde con la pagina del visualizzatore e l'originale https://i.redd.it/f7uz6qp
https://preview.redd.it/f8qiq56cn0tg1.png?width=9600&format=png&auto=webp&s=2d532960dbec74530c85a96402b76da961ff4a6c;letto con OCR;estratto con 9 affermazioni, verificate
https://preview.redd.it/iarrgyop67uc1.png?width=1126&format=png&auto=webp&s=ee639852fca1dee425601d63eebca7598739f965;letto con OCR;estratto senza affermazioni pertinenti
https://preview.redd.it/ivsm9yz75lcd1.png?width=842&format=png&auto=webp&s=5fbfd4fa859d79b8665e5d19782b0416f71d86db;letto con OCR;estratto senza affermazioni pertinenti
https://preview.redd.it/kepgsj98wxre1.jpeg?width=1200&format=pjpg&auto=webp&s=308ae6a93565bf9b3f6f4c16e2aeec3aad965425;letto con OCR;estratto senza affermazioni pertinenti
https://preview.redd.it/kiuku56nz9uc1.png?width=1920&format=png&auto=webp&s=776e099d90293fb8d0825902cf168db590d5faa6;letto a vista;divisore di pagina o icona: nessun contenuto
https://preview.redd.it/klo8eykgm0se1.jpeg?width=1284&format=pjpg&auto=webp&s=c85a877fcfe058e4bc0fd284bcf3e4cfb887a4f5;letto a vista;foto di console o schermata del titolo: nessun contenuto sulla collezione
https://preview.redd.it/l33l6z6oz6z71.png?width=1280&format=png&auto=webp&s=b10c04f546a000eec3a462b7aaa7f160bd7eb71f;letto a vista;schermata di gioco (Heracross dalla capocciata in Console Virtuale, erba di Diamante Lucente): incontro già noto
https://preview.redd.it/le65449qo4qd1.jpeg?width=1125&format=pjpg&auto=webp&s=59549e9ccf7dd42de3766e03716bbdf8ad3d6c63;letto con OCR;estratto con 1 affermazioni, verificate
https://preview.redd.it/lehsgj0hrxwg1.png?width=1080&format=png&auto=webp&s=7625aaa182e302ccde84720bde2e80a79bb80c4e;letto con OCR;estratto senza affermazioni pertinenti
https://preview.redd.it/lynmpk1wq5qe1.jpeg?width=1284&format=pjpg&auto=webp&s=4383c8ee86154a59e577c30e9e253c1d7fcd1ad3;letto con OCR;estratto con 3 affermazioni, verificate
https://preview.redd.it/m814c6xhcz1g1.png?width=1822&format=png&auto=webp&s=dad2b1a8fba3d92f8a25e2a619b897d4b9ddda31;letto con OCR;estratto senza affermazioni pertinenti
https://preview.redd.it/mxmfnoesjwre1.png?width=1080&format=png&auto=webp&s=7cd5f015f69edf6414945eeeda2562f2b064d335;letto con OCR;estratto senza affermazioni pertinenti
https://preview.redd.it/mxtgktc647uc1.png?width=1137&format=png&auto=webp&s=250512917b6947f60f1fb9790d46032b2085cde2;letto con OCR;estratto senza affermazioni pertinenti
https://preview.redd.it/nx482vcs0xre1.jpeg?width=1080&format=pjpg&auto=webp&s=217a4cb73403d9d365cb6b1436b5307646e123a5;letto con OCR;estratto senza affermazioni pertinenti
https://preview.redd.it/o5saweh9yc5b1.jpeg?width=1124&format=pjpg&auto=webp&v=enabled&s=ad81c1f09d9586d49cca2eb161d681c5ac70c2de;letto con OCR;estratto senza affermazioni pertinenti
https://preview.redd.it/ojd7oo3vtxre1.jpeg?width=1178&format=pjpg&auto=webp&s=4f012221753d3a382cb8758fe5f773d32b3bbdc8;letto a vista;frammento d'interfaccia (Reddit, profilo di HOME, FBI sul 3DS, menu del 3DS): nessun contenuto sulla collezione
https://preview.redd.it/ossm8jdri0qd1.png?width=1080&format=pjpg&auto=webp&s=0e5b77eb746f17b1d6586fbe8cd4abb6af108904;letto con OCR;estratto senza affermazioni pertinenti
https://preview.redd.it/pv7t5lw9gyjh1.jpeg?width=1125&format=pjpg&auto=webp&s=16764fba108f3caf9412bfb516db9f9ac58d8619;letto con OCR;estratto senza affermazioni pertinenti
https://preview.redd.it/q2k9m6epn0se1.jpeg?width=1284&format=pjpg&auto=webp&s=e98283436c0c2e4416aa334c5c01d3a4252f814b;letto con OCR;estratto senza affermazioni pertinenti
https://preview.redd.it/ql9lmusiuxuc1.jpeg?width=1280&format=pjpg&auto=webp&s=b7ecdabcb1f29984036e45e00d51f2e6a1b1faf3;letto a vista;meme: nessun contenuto
https://preview.redd.it/qn0u9pk8f85b1.jpeg?width=556&format=pjpg&auto=webp&v=enabled&s=0755b4f24b3241b871848bf9f9ca407adc833cdd;letto con OCR;estratto senza affermazioni pertinenti
https://preview.redd.it/r1lkhh4tq8mh1.png?width=700&format=png&auto=webp&s=5f78f8c4748a8551826933975a71cb864eab1991;letto con OCR;estratto con 3 affermazioni, verificate
https://preview.redd.it/r5cvteio67uc1.png?width=1128&format=png&auto=webp&s=1770e0b9b2f313a1b97ca156ffe0eb78a0e36708;letto con OCR;estratto senza affermazioni pertinenti
https://preview.redd.it/rfide9mu57uc1.png?width=1138&format=png&auto=webp&s=fa2b6cdad5bea0503822323fba89302b800be237;letto con OCR;estratto senza affermazioni pertinenti
https://preview.redd.it/ru5912x9jxbe1.png?width=1080&format=pjpg&auto=webp&s=4ee91cf1befd530afd0a1834e3caa8bac144e862;irrecuperabile;immagine cancellata da Reddit: l'anteprima risponde con la pagina del visualizzatore e l'originale https://i.redd.it/ru5912x
https://preview.redd.it/t8wb1hihz9uc1.png?width=1920&format=png&auto=webp&s=b00e7167e2ef8939b7487f71a73acefbb48a1d6a;letto a vista;divisore di pagina o icona: nessun contenuto
https://preview.redd.it/tapf38lep0qd1.jpeg?width=828&format=pjpg&auto=webp&s=856c4e0d3ec5907d5b7affb24094e3829d675c5a;letto con OCR;estratto senza affermazioni pertinenti
https://preview.redd.it/tk48jp7komje1.png?width=726&format=png&auto=webp&s=635ad7d5ede1bf28cbffc70526657d8bad4d1739;letto a vista;riga di tabella delle catene SOS (Toucannon): contenuto già nella guida ai sottolivellati letta
https://preview.redd.it/tzc70ywpvxre1.jpeg?width=1080&format=pjpg&auto=webp&s=cbd6ae14860f9776c3dc181404a8e1021de1b407;letto con OCR;estratto senza affermazioni pertinenti
https://preview.redd.it/uaj39cuudywg1.png?width=1074&format=png&auto=webp&s=d52740ab5de1c02745484e416cd56d12cf7ec2f2;letto con OCR;estratto senza affermazioni pertinenti
https://preview.redd.it/ug7qbcp9ndmf1.png?width=6912&format=png&auto=webp&s=be7013ee4315862007d46fe45be6aa006c9ce7e4;irrecuperabile;immagine cancellata da Reddit: l'anteprima risponde con la pagina del visualizzatore e l'originale https://i.redd.it/ug7qbcp
https://preview.redd.it/ulqlelparpre1.jpeg?width=1284&format=pjpg&auto=webp&s=d4dbeab70e1d38cb23a865402b068a8a7a599432;letto con OCR;estratto senza affermazioni pertinenti
https://preview.redd.it/uztq02p8wauc1.png?width=1885&format=png&auto=webp&s=6906a462565fbacddaf71bf771e300fce1345ebe;letto con OCR;estratto senza affermazioni pertinenti
https://preview.redd.it/vzyv7yxcp0se1.jpeg?width=1284&format=pjpg&auto=webp&s=69c93802b5823217b5257a0c8cee34770f3f25cd;letto con OCR;estratto senza affermazioni pertinenti
https://preview.redd.it/w3n4tpysqhjh1.jpeg?width=1920&format=pjpg&auto=webp&s=e356229bae933ba04f8c9b8e5207133ffbfcfc7b;letto con OCR;estratto senza affermazioni pertinenti
https://preview.redd.it/wqwppuahpxre1.png?width=1080&format=png&auto=webp&s=f0385fec7b5e7459cc20d131002475a1adb63b2d;letto con OCR;estratto senza affermazioni pertinenti
https://preview.redd.it/x1rvwuxbp0se1.jpeg?width=1284&format=pjpg&auto=webp&s=f99f465058b96bda49609a815d39311029c8f97b;letto con OCR;estratto senza affermazioni pertinenti
https://preview.redd.it/x8wru35hvauc1.png?width=1487&format=png&auto=webp&s=e03c18b975b235cee1801e786e795ef3ece7ff26;letto con OCR;estratto senza affermazioni pertinenti
https://preview.redd.it/xiyliezrzt6f1.png?width=1440&format=png&auto=webp&s=5303f0e58aca8ed5d204555bed3bad3efe415aa5;letto con OCR;estratto senza affermazioni pertinenti
https://preview.redd.it/xy062jdv8buc1.png?width=1920&format=png&auto=webp&s=59760fdfb92d1c3a918e00829b1d5f911e8f01ea;letto con OCR;estratto senza affermazioni pertinenti
https://preview.redd.it/ydu58lg1l2qd1.jpeg?width=3468&format=pjpg&auto=webp&s=277958d83bff24bab568d90dde378ab0eca47418;letto con OCR;estratto senza affermazioni pertinenti
https://preview.redd.it/yfv9bzvbcwre1.jpeg?width=1080&format=pjpg&auto=webp&s=95603efaa2e7c9d7b10d5f1932dbb418fea35d0e;irrecuperabile;immagine cancellata da Reddit: l'anteprima risponde con la pagina del visualizzatore e l'originale https://i.redd.it/yfv9bzv
https://preview.redd.it/yj09gqatdrlb1.jpeg?width=4032&format=pjpg&auto=webp&s=9044e06e72dad0ec9bc77cabfa2ffe25b4a45156;letto con OCR;estratto senza affermazioni pertinenti
https://preview.redd.it/ymngby1w05bg1.jpg?width=1867&format=pjpg&auto=webp&s=6aed42649cf0af96bb23950ad4f576103075302d;letto con OCR;estratto senza affermazioni pertinenti
https://preview.redd.it/ypn1gsalz9uc1.png?width=1920&format=png&auto=webp&s=5a2f8511cba290c6045c6e6a91c598f38677d1b2;letto a vista;divisore di pagina o icona: nessun contenuto
https://preview.redd.it/yt5puzzco12g1.png?width=1080&format=png&auto=webp&s=91b9035a160566ef3e8719e5f0fa95c870214af6;letto con OCR;estratto senza affermazioni pertinenti
https://preview.redd.it/yvghw1ulc9od1.png?width=995&format=png&auto=webp&s=4e19cb2541ab33b507428bb263c726162e19ae6d;irrecuperabile;immagine cancellata da Reddit: l'anteprima risponde con la pagina del visualizzatore e l'originale https://i.redd.it/yvghw1u
https://preview.redd.it/zazewpl611qd1.jpeg?width=552&format=pjpg&auto=webp&s=73593f3c5e2bb6c2869660ede0032b65a6d81b83;letto con OCR;estratto senza affermazioni pertinenti
https://preview.redd.it/zq52r8bjz9uc1.png?width=1920&format=png&auto=webp&s=017e5037961e9c8ae757adc4c6970fd9ee748fc1;letto a vista;divisore di pagina o icona: nessun contenuto
https://projectpokemon.org/home/index/announcements/help-awaken-the-pokémon-dream-world-r162;letto;estratto senza affermazioni pertinenti
http://puu.sh/257S;letto a vista;mappa completa di Kanto del glitch dell'allenatore e del volo (Ryumaster, dati da glitchcity.info): quale Pokemon si incontra per ogni allenatore, procedura gia in STUDIO-08
https://www.reddit.com/r/PokemonHome/s/LoyCpEtpMK;letto;estratto con 177 affermazioni, verificate
https://reddit.com/link/1c3c0n8/video/f8gdakfb27uc1/player;scartato;non è una fonte: pagina di profilo o di sottocomunità, un elenco e non un contenuto
https://reddit.com/link/1c3c0n8/video/ye30qbit17uc1/player;scartato;non è una fonte: pagina di profilo o di sottocomunità, un elenco e non un contenuto
https://reddit.com/message/compose?to=%2Fr%2FPokemonLetsGo;scartato;non è una fonte: collegamento del bot RemindMe, un promemoria e non un contenuto
https://reddit.com/message/compose?to=xkcd_transcriber&subject=delete&message=delete+t1_dcwjpb8;scartato;non è una fonte: collegamento del bot RemindMe, un promemoria e non un contenuto
https://reddit.com/message/compose?to=xkcd_transcriber&subject=ignore+me&message=ignore+me;scartato;non è una fonte: collegamento del bot RemindMe, un promemoria e non un contenuto
https://www.reddit.com/gallery/145ylee;letto;estratto con 12 affermazioni, verificate
https://www.reddit.com/gallery/18n6upy;letto;estratto senza affermazioni pertinenti
https://www.reddit.com/gallery/1hy3b12;letto;estratto con 35 affermazioni, verificate
https://www.reddit.com/gallery/1p06clm;letto;estratto con 15 affermazioni, verificate
https://www.reddit.com/message/compose?to=RemindMeBot&subject=Delete+Comment&message=Delete%21+175qgyy;scartato;non è una fonte: collegamento del bot RemindMe, un promemoria e non un contenuto
https://www.reddit.com/message/compose?to=RemindMeBot&subject=Delete+Comment&message=Delete%21+1apiuee;scartato;non è una fonte: collegamento del bot RemindMe, un promemoria e non un contenuto
https://www.reddit.com/message/compose?to=RemindMeBot&subject=List+Of+Reminders&message=MyReminders%21;scartato;non è una fonte: collegamento del bot RemindMe, un promemoria e non un contenuto
https://www.reddit.com/message/compose?to=RemindMeBot&subject=Reminder&message=%5BLink+or+message+inside+square+brackets%5D%0A%0ARemindMe%21+Time+period+here;scartato;non è una fonte: collegamento del bot RemindMe, un promemoria e non un contenuto
https://www.reddit.com/message/compose?to=RemindMeBot&subject=Reminder&message=%5Bhttps%3A%2F%2Fwww.reddit.com%2Fr%2FPokemonHome%2Fcomments%2F175qgyy%2Fpokemon_to_transfer_before_bank_shuts_down%2Fk4mk9vw%2F%5D%0A%0ARemindMe%21+2023-10-19+22%3A25%3A31+UTC;scartato;non è una fonte: collegamento del bot RemindMe, un promemoria e non un contenuto
https://www.reddit.com/message/compose?to=RemindMeBot&subject=Reminder&message=%5Bhttps%3A%2F%2Fwww.reddit.com%2Fr%2FPokemonHome%2Fcomments%2F1apiuee%2Fpok%C3%A9mon_bank_exclusives_masterpost%2Fkqavj9n%2F%5D%0A%0ARemindMe%21+2024-02-20+22%3A35%3A28+UTC;scartato;non è una fonte: collegamento del bot RemindMe, un promemoria e non un contenuto
https://www.reddit.com/message/compose?to=Watchful1&subject=RemindMeBot+Feedback;scartato;non è una fonte: collegamento del bot RemindMe, un promemoria e non un contenuto
https://www.reddit.com/message/compose?to=sneakpeekbot;scartato;non è una fonte: collegamento del bot RemindMe, un promemoria e non un contenuto
https://www.reddit.com/r/PokePortal;scartato;non è una fonte: pagina di profilo o di sottocomunità, un elenco e non un contenuto
https://www.reddit.com/r/PokePortal/channel/b72/Pok%C3%A9_Portal_Hub?entrypoint=chat_share&r=%21fK_JtrSAROOHch1_CB4IbQ%3Areddit.com;scartato;non è una fonte: pagina di profilo o di sottocomunità, un elenco e non un contenuto
https://www.reddit.com/r/PokePortal/channel/b73/Dialga_and_Palkia_Raids?entrypoint=chat_share&r=%214ttZggXySmWZ-ng7emYWZQ%3Areddit.com;scartato;non è una fonte: pagina di profilo o di sottocomunità, un elenco e non un contenuto
https://www.reddit.com/r/PokePortal/channel/bcl/Ogre_Oustin?entrypoint=chat_share&r=%21yIi_nXHGQu6__0xWYaRnbg%3Areddit.com;scartato;non è una fonte: pagina di profilo o di sottocomunità, un elenco e non un contenuto
https://www.reddit.com/r/pokemontrades/wiki/rules;letto;estratto senza affermazioni pertinenti
https://www.reddit.com/r/xkcd;scartato;non è una fonte: pagina di profilo o di sottocomunità, un elenco e non un contenuto
https://www.reddit.com/r/xkcd_transcriber;scartato;non è una fonte: pagina di profilo o di sottocomunità, un elenco e non un contenuto
https://www.reddit.com/u/adamlutz;scartato;non è una fonte: pagina di profilo o di sottocomunità, un elenco e non un contenuto
https://www.reddit.com/user/AzuriteLeopard;scartato;non è una fonte: pagina di profilo o di sottocomunità, un elenco e non un contenuto
https://www.reddit.com/user/ChocoHammy;scartato;non è una fonte: pagina di profilo o di sottocomunità, un elenco e non un contenuto
https://www.reddit.com/user/ChrisReturns;scartato;non è una fonte: pagina di profilo o di sottocomunità, un elenco e non un contenuto
https://www.reddit.com/user/Gimikyu_;scartato;non è una fonte: pagina di profilo o di sottocomunità, un elenco e non un contenuto
https://www.reddit.com/user/MaryHadALittleDog;scartato;non è una fonte: pagina di profilo o di sottocomunità, un elenco e non un contenuto
https://www.reddit.com/user/TLBidoof;scartato;non è una fonte: pagina di profilo o di sottocomunità, un elenco e non un contenuto
https://www.reddit.com/user/TheAstrogoth;scartato;non è una fonte: pagina di profilo o di sottocomunità, un elenco e non un contenuto
https://www.reddit.com/user/greenpangolin17;scartato;non è una fonte: pagina di profilo o di sottocomunità, un elenco e non un contenuto
https://www.reddit.com/user/iriomote14;scartato;non è una fonte: pagina di profilo o di sottocomunità, un elenco e non un contenuto
https://www.reddit.com/user/madebypeppers;scartato;non è una fonte: pagina di profilo o di sottocomunità, un elenco e non un contenuto
https://repl.it/@flipflipshift/FeebasMethod;irrecuperabile;dalla pagina si estraggono 149 caratteri e porta 36 script: è uno scheletro JavaScript, e senza un browser non consegna il contenuto
https://smoda.elpais.com/wp-content/uploads/2016/12/cover43.jpg;irrecuperabile;HTTPError: HTTP Error 404: Not Found
https://strategywiki.org/wiki/Pok%C3%A9mon_Red_and_Blue/Mew_glitch;letto;estratto con 14 affermazioni, verificate
http://subtletv.com/_r5q4meg?ftrlnk=1;irrecuperabile;HTTPError: HTTP Error 429: Too Many Requests
http://subtletv.com/_r5q4meg?nline=1;irrecuperabile;HTTPError: HTTP Error 429: Too Many Requests
https://timeanddate.com/stopwatch;letto;estratto senza affermazioni pertinenti
http://tshadowknight.com/Headbutt%20Grid.htm;letto;estratto senza affermazioni pertinenti
https://www.twitch.tv/videos/117651897;trascritto;estratto con 63 affermazioni, verificate
https://twitter.com/Atrius97/status/1558988423460925440;letto;estratto con 1 affermazioni, verificate
https://twitter.com/JoeMerrick/status/1228055915573710849;letto;estratto con 2 affermazioni, verificate
https://twitter.com/JoeMerrick/status/1664958038657187842;letto;estratto con 1 affermazioni, verificate
https://twitter.com/REVERSALx7/status/1463350315579842563?t=qbnAE0Mh82ztKbZ1hz8uQQ&s=19;letto;estratto con 1 affermazioni, verificate
https://twitter.com/SciresM/status/1319799153162006530;letto;estratto senza affermazioni pertinenti
https://twitter.com/SciresM/status/1319805906691842050;letto;estratto senza affermazioni pertinenti
https://twitter.com/SciresM/status/1319878015581523968;letto;estratto con 1 affermazioni, verificate
https://twitter.com/Sibuna_Switch/status/1558955387369439232;letto;estratto con 1 affermazioni, verificate
https://twitter.com/Sibuna_Switch/status/1558956869829492737;letto;estratto con 1 affermazioni, verificate
https://twitter.com/ariga_megamix/status/1672213717063471107;letto;estratto senza affermazioni pertinenti
https://twitter.com/riiconnect24/status/1583996519325147137?s=46&t=zixZJ1jNdh4EIWdujbBRGg;letto;estratto senza affermazioni pertinenti
http://upc.pkmn.co.uk/games/crystal/oddegg.shtml;letto;estratto con 9 affermazioni, verificate
https://wiimmfi.de;letto;estratto senza affermazioni pertinenti
https://wiki.hacks.guide/wiki/3DS:Randomizing_Pokémon;letto;estratto senza affermazioni pertinenti
https://wiki.hacks.guide/wiki/3DS:Remove_outlines_in_Pokémon_games;letto;estratto senza affermazioni pertinenti
https://wk.reddit.com/r/pokemontrades/wiki/flair;letto;estratto senza affermazioni pertinenti
http://www.wolframalpha.com/input?i=2023-10-19+22%3A25%3A31+UTC+To+Local+Time;scartato;non è una fonte: calcolo di WolframAlpha, non una fonte
http://www.wolframalpha.com/input?i=2024-02-20+22%3A35%3A28+UTC+To+Local+Time;scartato;non è una fonte: calcolo di WolframAlpha, non una fonte
https://x.com/Sibuna\_Switch/status/1462473371917111303;letto;estratto senza affermazioni pertinenti
https://x.com/Sibuna_Switch/status/1492970750264979456;letto;estratto senza affermazioni pertinenti
https://x.com/Sibuna_Switch/status/1495426743343194117;letto;estratto senza affermazioni pertinenti
https://x.com/Sibuna_Switch/status/1538721002645073920;letto;estratto senza affermazioni pertinenti
https://x.com/Sibuna\_Switch/status/1768100276399968414?lang=en;letto;estratto senza affermazioni pertinenti
https://x.com/Sibuna_Switch/status/1930459094202163632;letto;estratto senza affermazioni pertinenti
http://xkcdref.info/statistics;irrecuperabile;dalla pagina si estraggono 0 caratteri e porta 1 script: è uno scheletro JavaScript, e senza un browser non consegna il contenuto
https://youtu.be/1GF_LFPz34U?t=2647;trascritto;estratto senza affermazioni pertinenti
https://youtu.be/63LN2N2usbg;letto;video senza parlato, letti titolo e descrizione: estratto senza affermazioni pertinenti
https://youtu.be/7CgXvIuZR40?t=2;trascritto;estratto senza affermazioni pertinenti
https://youtu.be/8neWF6tQBRc;trascritto;estratto senza affermazioni pertinenti
https://youtu.be/9EEnvrmy3vk;irrecuperabile;video non più disponibile su YouTube: This video is not available
https://youtu.be/Bfze_tFEzM4;trascritto;estratto senza affermazioni pertinenti
https://youtu.be/CmawneiP9L8?si=HVBLQnLEOssLTUlC;irrecuperabile;video non più disponibile su YouTube: Private video
https://youtu.be/CzNA5enSzOY;trascritto;estratto con 15 affermazioni, verificate
https://youtu.be/D3EvpRHL_vk;letto;video senza parlato, letti titolo e descrizione: estratto senza affermazioni pertinenti
https://youtu.be/DdDI53VeGAc;irrecuperabile;video non più disponibile su YouTube: This video is unavailable
https://youtu.be/HSYtttS0nWI;trascritto;estratto con 10 affermazioni, verificate
https://youtu.be/IdlKn5oJyxI;trascritto;estratto con 12 affermazioni, verificate
https://youtu.be/PNHZ4xuJH7M;trascritto;estratto con 8 affermazioni, verificate
https://youtu.be/SrZAiR38e6E;trascritto;estratto con 22 affermazioni, verificate
https://youtu.be/e3SllwKRgMc;trascritto;estratto senza affermazioni pertinenti
https://youtu.be/gjcrMzTGuwk;trascritto;estratto senza affermazioni pertinenti
https://youtu.be/h5Igc18hc2Q;letto;video senza parlato, letti titolo e descrizione: estratto senza affermazioni pertinenti
https://youtu.be/k0HFRpqvSk4;trascritto;estratto senza affermazioni pertinenti
https://youtu.be/m42a5W7bUYI;trascritto;estratto senza affermazioni pertinenti
https://youtu.be/tIwwBKTLFXw;irrecuperabile;video non più disponibile su YouTube: Video unavailable
https://youtu.be/tPFUMRIYT08;trascritto;estratto senza affermazioni pertinenti
https://youtu.be/yesVqZcnIy0;trascritto;estratto senza affermazioni pertinenti
http://www.youtube.com/watch?v=14wqBA5Q1yc;trascritto;estratto senza affermazioni pertinenti
http://www.youtube.com/watch?v=5uDQLUi0ZEo;trascritto;estratto senza affermazioni pertinenti
http://www.youtube.com/watch?v=6XX5nIQqjrQ;trascritto;estratto senza affermazioni pertinenti
http://www.youtube.com/watch?v=7CgXvIuZR40&t=2s;trascritto;estratto senza affermazioni pertinenti
http://www.youtube.com/watch?v=D3EvpRHL_vk;letto;video senza parlato, letti titolo e descrizione: estratto senza affermazioni pertinenti
http://www.youtube.com/watch?v=DdDI53VeGAc;irrecuperabile;video non più disponibile su YouTube: This video is unavailable
http://www.youtube.com/watch?v=NsEIu6-lciA;letto;video senza parlato, letti titolo e descrizione: estratto senza affermazioni pertinenti
http://www.youtube.com/watch?v=Ukq29ePnTqI&t=1740s;trascritto;estratto senza affermazioni pertinenti
http://www.youtube.com/watch?v=ddSHGg4-qSY;letto;video senza parlato, letti titolo e descrizione: estratto senza affermazioni pertinenti
http://www.youtube.com/watch?v=hB6eY73sLV0;trascritto;estratto senza affermazioni pertinenti
https://www.youtube.com/channel/UCN2hyYKiVMH4Ka-TCuO_obw;irrecuperabile;canale non più raggiungibile: erminated because we received multiple third-party claims of copyright infringement regarding material the user posted.
https://www.youtube.com/watch?v=14wqBA5Q1yc;trascritto;estratto senza affermazioni pertinenti
https://www.youtube.com/watch?v=1cEm84fUmE4&t=0s;trascritto;estratto senza affermazioni pertinenti
https://www.youtube.com/watch?v=1nC7gAAdSPo&list=PLWQDwiGdrVjkPMnCe9P73FPzeDWUrgT6V&pp=iAQB;trascritto;estratto senza affermazioni pertinenti
https://www.youtube.com/watch?v=4uaqsBIAAGw;trascritto;estratto senza affermazioni pertinenti
https://www.youtube.com/watch?v=5CtLqTc8IaM;trascritto;estratto senza affermazioni pertinenti
https://www.youtube.com/watch?v=5uDQLUi0ZEo&lc=;trascritto;estratto senza affermazioni pertinenti
https://www.youtube.com/watch?v=6XX5nIQqjrQ;trascritto;estratto senza affermazioni pertinenti
https://www.youtube.com/watch?v=7dcg_XMBUTI&list=PLWQDwiGdrVjnvvVbFq9bM4nGc4mCx3_5-&pp=iAQB;trascritto;estratto senza affermazioni pertinenti
https://www.youtube.com/watch?v=CL3xn_Miai0;trascritto;estratto senza affermazioni pertinenti
https://www.youtube.com/watch?v=Csq0y-npQhI;trascritto;estratto senza affermazioni pertinenti
https://www.youtube.com/watch?v=Es6Lg0yCEZ4;trascritto;estratto con 57 affermazioni, verificate
https://www.youtube.com/watch?v=EvFSPUr6GFY;trascritto;estratto senza affermazioni pertinenti
https://www.youtube.com/watch?v=H8AgGp5cqPI;letto;video senza parlato, letti titolo e descrizione: estratto con 13 affermazioni, verificate
https://www.youtube.com/watch?v=ISPbxFiZkNg;trascritto;estratto con 70 affermazioni, verificate
https://www.youtube.com/watch?v=IdlKn5oJyxI;trascritto;estratto con 12 affermazioni, verificate
https://www.youtube.com/watch?v=Ld2YphF-HVI&t=1s;trascritto;estratto senza affermazioni pertinenti
https://www.youtube.com/watch?v=NByMz7VUCr4;trascritto;estratto con 83 affermazioni, verificate
https://www.youtube.com/watch?v=NeJeWOcWS5Y;trascritto;estratto senza affermazioni pertinenti
https://www.youtube.com/watch?v=NsEIu6-lciA;letto;video senza parlato, letti titolo e descrizione: estratto senza affermazioni pertinenti
https://www.youtube.com/watch?v=OPcV9uIY5i4;letto;video senza parlato, letti titolo e descrizione: estratto senza affermazioni pertinenti
https://www.youtube.com/watch?v=Om0Wljzq5Oc;trascritto;estratto con 17 affermazioni, verificate
https://www.youtube.com/watch?v=P28kp66XMw4;trascritto;estratto senza affermazioni pertinenti
https://www.youtube.com/watch?v=PRq7rJ7E7hU;trascritto;estratto senza affermazioni pertinenti
https://www.youtube.com/watch?v=PRq7rJ7E7hU&pp=ygUUZW1lcmFsZCBjbG9uZSBnbGl0Y2g%3D;trascritto;estratto senza affermazioni pertinenti
https://www.youtube.com/watch?v=PsIb3OZaYAs;letto;video senza parlato, letti titolo e descrizione: estratto senza affermazioni pertinenti
https://www.youtube.com/watch?v=QyK6gKosVnk;trascritto;estratto con 49 affermazioni, verificate
https://www.youtube.com/watch?v=RHybpfl1Cgo;trascritto;estratto con 13 affermazioni, verificate
https://www.youtube.com/watch?v=UPgq1is8MNg;trascritto;estratto con 73 affermazioni, verificate
https://www.youtube.com/watch?v=Ukq29ePnTqI&t=29m;trascritto;estratto senza affermazioni pertinenti
https://www.youtube.com/watch?v=XV2k8nhdIhQ;irrecuperabile;video non più disponibile su YouTube: Video unavailable
https://www.youtube.com/watch?v=XjBAf0E8Zv8;trascritto;estratto senza affermazioni pertinenti
https://www.youtube.com/watch?v=alqy1Truez8;letto;video senza parlato, letti titolo e descrizione: estratto con 1 affermazioni, verificate
https://www.youtube.com/watch?v=ddSHGg4-qSY;letto;video senza parlato, letti titolo e descrizione: estratto senza affermazioni pertinenti
https://www.youtube.com/watch?v=g9rq5c8Lh7k;trascritto;estratto senza affermazioni pertinenti
https://www.youtube.com/watch?v=g9rq5c8Lh7k&pp=ygUUc3RhcnRlcnMgZ2VuIDIgY2xvbmU%3D;trascritto;estratto senza affermazioni pertinenti
https://www.youtube.com/watch?v=grQLseuc4YE;trascritto;estratto senza affermazioni pertinenti
https://www.youtube.com/watch?v=hB6eY73sLV0;trascritto;estratto senza affermazioni pertinenti
https://www.youtube.com/watch?v=p9IhBTcTw9w;trascritto;estratto senza affermazioni pertinenti
https://www.youtube.com/watch?v=rvhuJsS4EhE;trascritto;estratto con 19 affermazioni, verificate
https://www.youtube.com/watch?v=rvhuJsS4EhE&t=2259s&pp=ygUVYXVzdGluIGpvaG4gcGxheXMgbWV3;trascritto;estratto con 19 affermazioni, verificate
https://www.youtube.com/watch?v=tb0eeLjTMOo&pp=ygUMeWFuY3kgY3VydGlz;trascritto;estratto con 20 affermazioni, verificate
https://www.youtube.com/watch?v=ubPS74aiMRo;trascritto;estratto senza affermazioni pertinenti
https://www.youtube.com/watch?v=wQ39NwjFwfE;trascritto;estratto senza affermazioni pertinenti
https://www.youtube.com/watch?v=yyIa9611uZk;trascritto;estratto con 29 affermazioni, verificate
https://youtube.com/shorts/MC8UcAATaE4;trascritto;estratto senza affermazioni pertinenti
https://1.bp.blogspot.com/-0-ZNK_MFMG4/XTiZMcVkgjI/AAAAAAAAaN0/RFFP2Lie7bkUMDbPtbjgAFd-fymxKvbvgCLcBGAs/s1600/011.jpg;letto a vista;foto di concept art di Pokémon Nero e Bianco a una mostra giapponese: nessun contenuto sulla collezione
https://1.bp.blogspot.com/-1q9Zju1Tcks/XTiZSLMPbEI/AAAAAAAAaPU/j_12o9VQaDYc_O0JHJH-Eu3QNGNsAsD6gCLcBGAs/s1600/bwtenji9.jpg;letto a vista;foto di concept art di Pokémon Nero e Bianco a una mostra giapponese: nessun contenuto sulla collezione
https://1.bp.blogspot.com/-3t2jV1aLaqc/XTiZQbVfRYI/AAAAAAAAaO4/Yr61ag59aLE2ENVKgZGz835yWNwNdvt-wCLcBGAs/s1600/bwtenji24.jpg;letto a vista;foto di concept art di Pokémon Nero e Bianco a una mostra giapponese: nessun contenuto sulla collezione
https://1.bp.blogspot.com/-7YCFEuQlrns/XTiZOZ-LY2I/AAAAAAAAaOU/WAb-04eQlrIJjHMy0IBk3kC6WnBOY6D5wCLcBGAs/s1600/bwtenji16.jpg;letto a vista;foto di concept art di Pokémon Nero e Bianco a una mostra giapponese: nessun contenuto sulla collezione
https://1.bp.blogspot.com/-97Gy0QlF3uA/XTiZMTHGzDI/AAAAAAAAaN8/SSN1laRhHugFZ37SqMAargculRdc9i1TQCLcBGAs/s1600/bwtenji11.jpg;letto a vista;foto di concept art di Pokémon Nero e Bianco a una mostra giapponese: nessun contenuto sulla collezione
https://1.bp.blogspot.com/-9j0_BxkgcN0/XTiZNDejkFI/AAAAAAAAaOA/FnZ8YPedThca-A5gW5YznMDrs3NuJn3ngCLcBGAs/s1600/bwtenji12.jpg;letto a vista;foto di concept art di Pokémon Nero e Bianco a una mostra giapponese: nessun contenuto sulla collezione
https://1.bp.blogspot.com/-Blo6QA7EQdQ/XTiZPAmb4RI/AAAAAAAAaOk/qc2IAipZMSEAkBcZlpX5vVZMCBgDNdiEwCLcBGAs/s1600/bwtenji20.jpg;letto a vista;foto di concept art di Pokémon Nero e Bianco a una mostra giapponese: nessun contenuto sulla collezione
https://1.bp.blogspot.com/-Hf69jCvFH4w/XTiZQ3OTBKI/AAAAAAAAaPA/ils0P78UhQgRTWyi9lCvKy_n0bY2tZmHQCLcBGAs/s1600/bwtenji26.jpg;letto a vista;foto di concept art di Pokémon Nero e Bianco a una mostra giapponese: nessun contenuto sulla collezione
https://1.bp.blogspot.com/-I7LnrTb-OK0/XTiZSgc8N8I/AAAAAAAAaPg/l4E2fYg9SmwKa69FjPqVszG-faVUxLb4wCLcBGAs/s1600/tumblr_mjif7sFwEO1rnqy52o7_1280.jpg;letto a vista;foto di una conferenza Game Freak con illustrazioni dei personaggi: nessun contenuto sulla collezione
https://1.bp.blogspot.com/-Jf0j-55lgnc/XTiZQphDTxI/AAAAAAAAaO8/8asr33mLWO0uuyh8buHjHQthoDCF7KeDQCLcBGAs/s1600/bwtenji25.jpg;letto con OCR;estratto senza affermazioni pertinenti
https://1.bp.blogspot.com/-JfU1blWb-HE/XTiZNtq-MEI/AAAAAAAAaOI/30EhHiR3BnkXYdUrD-YSXItcYQgrQ2pYgCLcBGAs/s1600/bwtenji13.jpg;letto a vista;foto di concept art di Pokémon Nero e Bianco a una mostra giapponese: nessun contenuto sulla collezione
https://1.bp.blogspot.com/-KhLr2fHI23w/XTiZN-PZrwI/AAAAAAAAaOM/wTt52n03AG0g92WDiXqEgbuDp4ACPX44ACLcBGAs/s1600/bwtenji14.jpg;letto a vista;foto di concept art di Pokémon Nero e Bianco a una mostra giapponese: nessun contenuto sulla collezione
https://1.bp.blogspot.com/-SPFKYzGe0zg/XTiZRa0MtZI/AAAAAAAAaPI/I1sC8_uW1A457k52o1hTIvlklHhE8MsOgCLcBGAs/s1600/bwtenji3.jpg;letto a vista;foto di concept art di Pokémon Nero e Bianco a una mostra giapponese: nessun contenuto sulla collezione
https://1.bp.blogspot.com/-SbptNrABoFY/XTiZON4Px6I/AAAAAAAAaOQ/O4xzyAbld1k8lIAiT7K-NCv0-hKRFHbOACLcBGAs/s1600/bwtenji15.jpg;letto a vista;foto di concept art di Pokémon Nero e Bianco a una mostra giapponese: nessun contenuto sulla collezione
https://1.bp.blogspot.com/-T54qVSY67L0/XTiZP_2iaII/AAAAAAAAaOw/g56TlQ0eg5MOGfl2r0noj9ZeSjZZNftCgCLcBGAs/s1600/bwtenji22.jpg;letto a vista;foto di concept art di Pokémon Nero e Bianco a una mostra giapponese: nessun contenuto sulla collezione
https://1.bp.blogspot.com/-X83jc4G7fFQ/XTiZPvjx5cI/AAAAAAAAaOs/3mXXddmj9mIBoDZk8c6gBrC1SVzb9uCxQCLcBGAs/s1600/bwtenji21.jpg;letto a vista;foto di concept art di Pokémon Nero e Bianco a una mostra giapponese: nessun contenuto sulla collezione
https://1.bp.blogspot.com/-YiiOuIODh7k/XTiZOm9S9BI/AAAAAAAAaOY/VA_Z18d0EqkoYIYekF4zWmBPuH0lxQzaQCLcBGAs/s1600/bwtenji17.jpg;letto a vista;foto di concept art di Pokémon Nero e Bianco a una mostra giapponese: nessun contenuto sulla collezione
https://1.bp.blogspot.com/-Zi4FxzydysM/XTiZMf-ywSI/AAAAAAAAaN4/qDVrDiImvXouOHpR52cgdXYH8OVPm867gCLcBGAs/s1600/bwtenji10.jpg;letto a vista;foto di concept art di Pokémon Nero e Bianco a una mostra giapponese: nessun contenuto sulla collezione
https://1.bp.blogspot.com/-d6vWI-_RLds/XTiZSRJvN2I/AAAAAAAAaPY/Wu-ZctP2b4wNMk3LrsUOJLWWNXz5APgIACLcBGAs/s1600/c20120805_poke_006_cs1w1_640x479.jpg;letto a vista;foto di una conferenza Game Freak con illustrazioni dei personaggi: nessun contenuto sulla collezione
https://1.bp.blogspot.com/-hZBZ-JsirB4/XTiZNQFbqVI/AAAAAAAAaOE/ElYPAT4auichwpa1YL_z4rv2qamIAT0sACLcBGAs/s1600/bwtenji13%2B%25281%2529.jpg;letto a vista;foto di concept art di Pokémon Nero e Bianco a una mostra giapponese: nessun contenuto sulla collezione
https://1.bp.blogspot.com/-iFPTanU9iTk/XTiZR0AyAvI/AAAAAAAAaPQ/4o_2ryk0uPwRy2P_ydsg1XE00pIL1lx2ACLcBGAs/s1600/bwtenji8.jpg;letto a vista;foto di concept art di Pokémon Nero e Bianco a una mostra giapponese: nessun contenuto sulla collezione
https://1.bp.blogspot.com/-jU9wQCaTzoo/XTiZPFhSxXI/AAAAAAAAaOo/W7fDnoUbO3ctjWVmsnrKroWQANg7-GfmQCLcBGAs/s1600/bwtenji21%2B%25281%2529.jpg;letto a vista;foto di concept art di Pokémon Nero e Bianco a una mostra giapponese: nessun contenuto sulla collezione
https://1.bp.blogspot.com/-kH7I5kKayrk/XTiZQ3VYIgI/AAAAAAAAaPE/Ng7IlVDtu-AAGsiuYeqviE9s9AMMjh-dgCLcBGAs/s1600/bwtenji27.jpg;letto a vista;foto di concept art di Pokémon Nero e Bianco a una mostra giapponese: nessun contenuto sulla collezione
https://1.bp.blogspot.com/-kseLVctsmAQ/XTiZQCoXeYI/AAAAAAAAaO0/A2X2oSUkhG0uWSVD0p95KpSQ9qXU4sjigCLcBGAs/s1600/bwtenji23.jpg;letto a vista;foto di concept art di Pokémon Nero e Bianco a una mostra giapponese: nessun contenuto sulla collezione
https://1.bp.blogspot.com/-pV4QXpMFzqg/XTiZOm_T0bI/AAAAAAAAaOc/A5RMC-6_Z40f6ipKJRaRMq3kCmlqwtj3gCLcBGAs/s1600/bwtenji18.jpg;letto a vista;foto di concept art di Pokémon Nero e Bianco a una mostra giapponese: nessun contenuto sulla collezione
https://1.bp.blogspot.com/-qg00cy4EJOU/XTiZPL-K6XI/AAAAAAAAaOg/YHa7qFy1CuYJt8sYb1H_zeNV9t85DuRcACLcBGAs/s1600/bwtenji19.jpg;letto a vista;foto di concept art di Pokémon Nero e Bianco a una mostra giapponese: nessun contenuto sulla collezione
https://1.bp.blogspot.com/-qi3feDielcU/XTiZRrxwl0I/AAAAAAAAaPM/Bc1CK_24ivsRXGBnAHrHUDHksj9YbEgxgCLcBGAs/s1600/bwtenji4.jpg;letto a vista;foto di concept art di Pokémon Nero e Bianco a una mostra giapponese: nessun contenuto sulla collezione
https://1.bp.blogspot.com/-tHtcFL7qDlY/XTiZSmGt1bI/AAAAAAAAaPc/YgUBzvoW3Bg-e2n7a9tkvOWN8R2hMK2MgCLcBGAs/s1600/c20120805_poke_016_cs1w1_640x480.jpg;letto a vista;foto di una conferenza Game Freak con illustrazioni dei personaggi: nessun contenuto sulla collezione
https://3ds.pokemon-gl.com/;letto;estratto senza affermazioni pertinenti
https://www.awarenetwork.org/etc/alpha?x=5;letto;documentazione tecnica o pagina generica fuori tema, conservata senza estrazione
http://bear.ces.cwru.edu/eecs_382/ARM7-TDMI-manual-pt3.pdf;letto;documentazione tecnica o pagina generica fuori tema, conservata senza estrazione
http://billspc.com/;saltato;"applicazione interattiva senza testo statico: è uno strumento da usare, non una fonte da leggere; tentato il 2026-10-01 diretto, con browser e con la Wayback Machine"
https://www.binance.bh/futures/ref?code=IHJUI7TF;irrecuperabile;dalla pagina si estraggono 0 caratteri, che non sono contenuto: registrarla come scaricata sarebbe falsa copertura
https://www.blogger.com/comment/frame/7301142893660077732?po=1821368774370293558&hl=ja&skin=contempo;scartato;"non è una fonte: pagina senza contenuto sulla collezione (file di configurazione, archivio di un vecchio progetto, pagina promozionale o commento); tentato il 2026-10-01 diretto, con browser e con la Wayback Machine"
http://bulbapedia.bulbagarden.net/wiki/List_of_Japanese_event_Pokémon_distributions_in_Generation_I;letto;estratto con 20 affermazioni, verificate
https://bulbapedia.bulbagarden.net/wiki/List_of_Wi-Fi_English_event_Pokémon_distributions_(Generation_IV;letto;estratto con 14 affermazioni, verificate
https://bulbapedia.bulbagarden.net/wiki/List_of_glitches_(Generation_V;letto;estratto senza affermazioni pertinenti
https://bulbapedia.bulbagarden.net/wiki/List_of_local_English_event_Pokémon_distributions_(Generation_IV;letto;estratto con 76 affermazioni, verificate
http://bystrousky.blogspot.com&skin=contempo/;irrecuperabile;<urlopen error [Errno 11001] getaddrinfo failed>, e nessuna copia nella Wayback Machine
http://c0re.23.nu/~chris/presentations/overflow2005.pdf;letto;documentazione tecnica o pagina generica fuori tema, conservata senza estrazione
https://cansecwest.com/csw08/csw08-holtmann.pdf;letto;documentazione tecnica o pagina generica fuori tema, conservata senza estrazione
https://cdn.discordapp.com/attachments/907741323757506590/908898581681950720/2021111220582900-7DCC42E2AF4C1BBE54BB71700F7161B6.jpg;irrecuperabile;HTTPError: HTTP Error 404: Not Found
http://cosbypokemon.com/;letto;estratto senza affermazioni pertinenti
https://csrc.nist.gov/publications/history/ande72.pdf;letto;documentazione tecnica o pagina generica fuori tema, conservata senza estrazione
http://cube.ign.com/objects/566/566823.html;letto;estratto senza affermazioni pertinenti
http://datacrystal.romhacking.net/wiki/Pok%C3%A9mon_Gold:RAM_map;letto;documentazione tecnica o pagina generica fuori tema, conservata senza estrazione
http://datacrystal.romhacking.net/wiki/Pokémon_Red/Blue:RAM_map;letto;documentazione tecnica o pagina generica fuori tema, conservata senza estrazione
http://datacrystal.romhacking.net/wiki/Pokémon_Red_and_Blue:ROM_map;letto;documentazione tecnica o pagina generica fuori tema, conservata senza estrazione
http://dcs.ics.forth.gr/Activities/papers/stride-IFIP-SEC05.pdf;letto;documentazione tecnica o pagina generica fuori tema, conservata senza estrazione
http://developer.intel.com/design/processor/manuals/253666.pdf;letto;documentazione tecnica o pagina generica fuori tema, conservata senza estrazione
https://devkitpro.org/wiki/devkitPro_pacman;letto;documentazione tecnica o pagina generica fuori tema, conservata senza estrazione
http://discord.gg/JxMZBXy;scartato;non è una fonte: invito a un server Discord, non un contenuto
https://discord.gg/FK3a6DZ;scartato;non è una fonte: invito a un server Discord, non un contenuto
https://discord.gg/nBnTrv3UMn;scartato;non è una fonte: invito a un server Discord, non un contenuto
https://discord.gg/pMs38vWAx3;scartato;non è una fonte: invito a un server Discord, non un contenuto
https://doc.bughunter.net/buffer-overflow;letto;documentazione tecnica o pagina generica fuori tema, conservata senza estrazione
https://docs.google.com/document/d/1Q733nUB-q_1Ao3qTMN_0pjFkwW2NyRXdsZtW9r795SU/edit;letto;estratto senza affermazioni pertinenti
https://docs.google.com/forms/u/0/d/e/1FAIpQLScQPusfkDX9P2IWBKo8KIdBitvjMXn43TFt2DEzHCTTtmHXSw/formResponse;letto;estratto senza affermazioni pertinenti
https://docs.google.com/spreadsheets/d/11ov5BCgmdjftGcgtZ49TFglPXJdLBC05OZSLWwSxUMY/edit?usp=sharing;irrecuperabile;HTTPError: HTTP Error 404: Not Found
https://docs.google.com/spreadsheets/d/14W8CAS9SBq3jDuZAl0YncFrrtr8z6RWUGZoqtrKMxFc/edit?usp=sharing;letto;foglio di calcolo confrontato riga per riga con la lista completa (fogli-forme-ignote.md)
https://docs.google.com/spreadsheets/d/17DXQplJ78ZsBbpMUWVTQSvtsL\_ivug1\_Iv4QBlitq8A/edit?usp=sharing;letto;foglio di calcolo confrontato riga per riga con la lista completa (fogli-forme-ignote.md)
https://docs.google.com/spreadsheets/d/1R0H24zZ3MaxQY6IBnsPttUMD4MK4fXeOmcqPNrZJaKM/copy;letto;foglio di calcolo confrontato riga per riga con la lista completa (fogli-forme-ignote.md)
https://docs.google.com/spreadsheets/d/1SQYaFkQlNjEhGaJpdpiMT331g2EAqeTojq1xGm-lajs/edit?usp=sharing;irrecuperabile;HTTPError: HTTP Error 404: Not Found
https://docs.google.com/spreadsheets/d/1T5RMu189-uMrknJlAPNp3QbQAyp8t0N5/edit?usp=drivesdk&ouid=103067789524497045001&rtpof=true&sd=true;irrecuperabile;HTTPError: HTTP Error 404: Not Found
https://docs.google.com/spreadsheets/d/1uV8xqVUqPhyz52aKNzY3VkCg8MG7Lzsdy-FAKVZJzqw/edit;letto;foglio di calcolo confrontato riga per riga con la lista completa (fogli-forme-ignote.md)
https://docs.google.com/spreadsheets/u/0/d/1dItpqk-koxZJ3s5mGArWPHo2OGPj3R-Wc_q3bOrTMqg/htmlview;letto;foglio di calcolo confrontato riga per riga con la lista completa (fogli-forme-ignote.md)
https://drive.google.com/file/d/1-IosLxZV1cVYWU9dyWV0qPTverNZmTk6/view?usp=sharing;letto con OCR;estratto con 16 affermazioni, verificate
https://drive.google.com/open?id=16lH2ruXI6sR5w5jmm4vqcPIrYTcpSuhG;scartato;non è una fonte: cartella Drive di file di gioco .cia di terzi, fuori perimetro (hardware-and-perimeter.md): elencata, non scaricata
https://drive.google.com/open?id=1LAGxOjbAPv6ppUq5giiRY17ybsUmPyzw;scartato;non è una fonte: cartella Drive di file di gioco .cia di terzi, fuori perimetro (hardware-and-perimeter.md): elencata, non scaricata
https://drive.google.com/open?id=1zb60PTOoYWRjnHdmvTYEbNQlbktK_y4v;irrecuperabile;HTTPError: HTTP Error 404: Not Found
https://www.dropbox.com/s/rzwr0ycdml3akk9/ntr_launcher.ini?dl=1;scartato;"non è una fonte: pagina senza contenuto sulla collezione (file di configurazione, archivio di un vecchio progetto, pagina promozionale o commento); tentato il 2026-10-01 diretto, con browser e con la Wayback Machine"
http://ds.ign.com/articles/966/966301p1.html;letto;estratto senza affermazioni pertinenti
https://www.ecs.csun.edu/~smirzaei/docs/ece425/arm7tdmi_instruction_set_reference.pdf;letto;estratto con 15 affermazioni, verificate
https://eduatec-my.sharepoint.com/:x:/g/personal/tiago\_cristo\_t0104843\_edu\_atec\_pt/EeQCiXq1X-hMkf8Bt\_y8HiIBWYD7J-ZChc2xjPx-IlS4VQ?e=69O49b;irrecuperabile;dalla pagina si estraggono 0 caratteri e porta 27 script: è uno scheletro JavaScript, e senza un browser non consegna il contenuto
https://en.wikipedia.org/w/index.php?title=Buffer_overflow&oldid=1360180985;letto;documentazione tecnica o pagina generica fuori tema, conservata senza estrazione
https://en.wikipedia.org/w/index.php?title=Nintendo_Game_Card&oldid=1374460720;letto;documentazione tecnica o pagina generica fuori tema, conservata senza estrazione
https://en.wikipedia.org/w/index.php?title=Program_counter&oldid=1352557684;letto;documentazione tecnica o pagina generica fuori tema, conservata senza estrazione
https://en.wikipedia.org/wiki/List_of_Virtual_Console_games_for_Nintendo_3DS_(North_America;letto;estratto senza affermazioni pertinenti
http://enderunix.org/docs/en/bof-eng.txt;scartato;"non è una fonte: documentazione di sicurezza informatica, fuori tema per il progetto; tentato il 2026-10-01 diretto, con browser e con la Wayback Machine"
https://www.explainxkcd.com/w/index.php?title=327%3A_Exploits_of_a_Mom&oldid=197752;letto;documentazione tecnica o pagina generica fuori tema, conservata senza estrazione
https://www.exploit-db.com/docs/18346.pdf;letto;documentazione tecnica o pagina generica fuori tema, conservata senza estrazione
https://www.extratricky.com/pokeworld/rb/138;saltato;"applicazione interattiva senza testo statico: è uno strumento da usare, non una fonte da leggere; tentato il 2026-10-01 diretto, con browser e con la Wayback Machine"
https://flagbrew.org/;letto;estratto senza affermazioni pertinenti
http://forums.glitchcity.info/index.php?topic=6638.msg198625.html;letto;estratto senza affermazioni pertinenti
https://forums.serebii.net/threads/ubers-now-banned.255246/page-8;letto;estratto senza affermazioni pertinenti
http://www.foryourinebriation.com/uploads/1/5/5/3/15536798/220954881.png?356=;irrecuperabile;URLError: <urlopen error [Errno 11001] getaddrinfo failed>
https://www.gamebrew.org/index.php?title=3DShell&oldid=191635;letto;estratto senza affermazioni pertinenti
https://www.gamebrew.org/index.php?title=New_Super_Ultimate_Injector_3DS&oldid=154359;letto;estratto senza affermazioni pertinenti
https://www.gamebrew.org/index.php?title=PKHeX_3DS&oldid=209501;letto;estratto con 1 affermazioni, verificate
https://www.gamebrew.org/index.php?title=PKSM_3DS&oldid=209458;letto;estratto con 78 affermazioni, verificate
http://www.gamefaqs.com/boards/696959-pokemon-x/67960441;letto;estratto senza affermazioni pertinenti
https://gamefaqs.gamespot.com/gba/918915-pokemon-firered-version/answers/127512-how-do-i-trade-between-firered-and-leafgreen-with-2-dss;letto;estratto senza affermazioni pertinenti
http://www.gamerankings.com/wii/934033-pokemon-battle-revolution/index.html;letto;estratto senza affermazioni pertinenti
http://games.nintendo.com.au/title.php?id=1275;letto;estratto senza affermazioni pertinenti
http://www.gamesindustry.biz/content_page.php?aid=1461;letto;estratto senza affermazioni pertinenti
https://gbatemp.net/threads/3ds-screen-recording-without-a-capture-card-ntr-cfw-method.423445;letto;estratto senza affermazioni pertinenti
https://gbatemp.net/threads/3dshell-multi-purpose-file-manager-for-the-3ds.471503;letto;estratto senza affermazioni pertinenti
https://gbatemp.net/threads/426174;letto;estratto senza affermazioni pertinenti
https://gbatemp.net/threads/609242;letto;estratto senza affermazioni pertinenti
https://gbatemp.net/threads/deadskullzjrs-flashcart-cheat-databases.488711/post-7673924;irrecuperabile;HTTP Error 403: Forbidden, e nessuna copia nella Wayback Machine
https://gbatemp.net/threads/discussion-new-super-ultimate-injector-nsui.500376;letto;estratto senza affermazioni pertinenti
https://gbatemp.net/threads/discussion-new-super-ultimate-injector-nsui.500376/post-9174080;irrecuperabile;HTTP Error 403: Forbidden, e nessuna copia nella Wayback Machine
https://gbatemp.net/threads/gameyob-a-gameboy-emulator-for-ds.343407;letto;estratto senza affermazioni pertinenti
https://gbatemp.net/threads/nds-forwarder-cias-for-your-home-menu.426174;letto;estratto senza affermazioni pertinenti
https://gbatemp.net/threads/pokemon-virtual-console-patches-debug-menu-speed-up-full-screen.498833;letto;estratto senza affermazioni pertinenti
https://gbatemp.net/threads/pokemon-virtual-console-patches-debug-menu-speed-up-full-screen.498833/page-2;letto;estratto senza affermazioni pertinenti
https://gbatemp.net/threads/release-godmode9-scripts-megathread.482150/page-10;letto;estratto senza affermazioni pertinenti
https://gbatemp.net/threads/trading-in-gba-pokemon-games-on-ds.599309;letto;estratto senza affermazioni pertinenti
https://gbatemp.net/threads/xy-oras-sm-custom-3d-models-textures-sharing-thread.392711/page-108;letto;estratto senza affermazioni pertinenti
https://ghosteshop.com/;saltato;file eseguibile o archivio (intestazione «<!do»), non una fonte
https://github.com/ApacheThunder/NTR_Launcher/releases/download/1.9.9/NTR_Launcher.cia;saltato;file eseguibile o archivio (b'  \x00\x00'), non una fonte
https://github.com/FlagBrew/PKSM.git;letto;estratto senza affermazioni pertinenti
https://github.com/christianhaitian/retroarch-cores/tree/master;letto;estratto senza affermazioni pertinenti
https://github.com/concreted/3DSync/commits/citra-sync;letto;estratto senza affermazioni pertinenti
https://github.com/kuroppoi/entralinked.git;letto;estratto senza affermazioni pertinenti
https://github.com/projectpokemon/EventsGallery/tree/master/Released/Gen%205/C-Gear%20Backgrounds;letto;estratto senza affermazioni pertinenti
https://github.com/projectpokemon/EventsGallery/tree/master/Released/Gen%205/Musicals;letto;estratto con 6 affermazioni, verificate
https://github.com/projectpokemon/EventsGallery/tree/master/Released/Gen%205/Pokedex%20Skins;letto;estratto senza affermazioni pertinenti
https://github.com/projectpokemon/EventsGallery/tree/master/Released/Gen%205/World%20Tournaments;letto;estratto senza affermazioni pertinenti
https://glitchcity.wiki/wiki/GlitchDex/GS/255?oldid=52928;letto;estratto con 5 affermazioni, verificate
https://glitchcity.wiki/wiki/Guides:Mail_Writer_Codes?oldid=47483;letto;estratto con 1 affermazioni, verificate
https://glitchcity.wiki/wiki/Guides:RAM_Writer?oldid=47527;letto;estratto senza affermazioni pertinenti
https://glitchcity.wiki/wiki/Guides:TimoVM%27s_gen_2_ACE_setups?oldid=51789;letto;estratto senza affermazioni pertinenti
https://glitchcity.wiki/wiki/Time_Capsule_exploit?oldid=51684;letto;estratto con 44 affermazioni, verificate
http://global3.memecdn.com/i-have-no-idea-what-im-doing_gp_865021.jpg;irrecuperabile;URLError: <urlopen error [Errno 11002] getaddrinfo failed>
http://gonintendo.com/viewstory.php?id=94312;letto;estratto senza affermazioni pertinenti
https://gyazo.com/7fc291f31533729c2b82cc7e66e37d52;scartato;"non è una fonte: segnaposto, accorciatore o pagina d'esempio senza contenuto; tentato il 2026-10-01 diretto, con browser e con la Wayback Machine"
http://i.imgur.com/17PlyDA.jpg;letto con OCR;estratto senza affermazioni pertinenti
http://i.imgur.com/3o7klcA.png;letto a vista;fotogramma o tabella del glitch di Mew in Rosso, Blu e Giallo (allenatori lontani, camion della M/N Anna): procedura già in STUDIO-08
http://i.imgur.com/7grgOoS.png?1=;letto con OCR;estratto senza affermazioni pertinenti
http://i.imgur.com/8LDE3wO.png?1=;letto a vista;fotogramma del codice nel nome del box in Oro, Argento e Cristallo, con l'uovo che schiude Umbreon: procedura già in STUDIO-08
http://i.imgur.com/9zS2Nsv.jpg;letto con OCR;estratto senza affermazioni pertinenti
http://i.imgur.com/AX0lYmk.png?1=;letto con OCR;estratto senza affermazioni pertinenti
http://i.imgur.com/AkdJS3r.png?1=;letto con OCR;estratto senza affermazioni pertinenti
http://i.imgur.com/CNxQwf6.jpg;letto con OCR;estratto senza affermazioni pertinenti
http://i.imgur.com/DEs0AXG.png?1=;letto con OCR;estratto senza affermazioni pertinenti
http://i.imgur.com/EEjqFe7.png?1=;letto con OCR;estratto senza affermazioni pertinenti
http://i.imgur.com/GkakEW8.png?1=;letto con OCR;estratto senza affermazioni pertinenti
http://i.imgur.com/JMrUhTJ.png?1=;letto con OCR;estratto senza affermazioni pertinenti
http://i.imgur.com/KMrQpaV.png?1=;letto a vista;fotogramma del codice nel nome del box in Oro, Argento e Cristallo, con l'uovo che schiude Umbreon: procedura già in STUDIO-08
http://i.imgur.com/KuQsNWD.png?1=;letto con OCR;estratto senza affermazioni pertinenti
http://i.imgur.com/OJQJYN6.png;letto con OCR;estratto senza affermazioni pertinenti
http://i.imgur.com/P9RfMJv.png?1=;letto a vista;fotogramma del codice nel nome del box in Oro, Argento e Cristallo, con l'uovo che schiude Umbreon: procedura già in STUDIO-08
http://i.imgur.com/RzE7Bf1.png?1=;letto a vista;fotogramma del codice nel nome del box in Oro, Argento e Cristallo, con l'uovo che schiude Umbreon: procedura già in STUDIO-08
http://i.imgur.com/UwQI59C.png?1=;letto con OCR;estratto senza affermazioni pertinenti
http://i.imgur.com/X75kwOi.jpg;letto con OCR;estratto senza affermazioni pertinenti
http://i.imgur.com/YAGpXPd.png;letto a vista;meme: nessun contenuto
http://i.imgur.com/YO9YFgc.mp4;letto con OCR;estratto senza affermazioni pertinenti
http://i.imgur.com/ZNn7K6j.png;letto con OCR;estratto senza affermazioni pertinenti
http://i.imgur.com/ZXgSGNa.png?1=;letto con OCR;estratto senza affermazioni pertinenti
http://i.imgur.com/eZqV6b6.jpg;letto con OCR;estratto senza affermazioni pertinenti
http://i.imgur.com/fo5WNjO.jpg;letto con OCR;estratto senza affermazioni pertinenti
http://i.imgur.com/j3yeMjZ.png?1=;letto con OCR;estratto senza affermazioni pertinenti
http://i.imgur.com/jKxEVTN.png?1=;letto a vista;fotogramma del codice nel nome del box in Oro, Argento e Cristallo, con l'uovo che schiude Umbreon: procedura già in STUDIO-08
http://i.imgur.com/kqmBl63.png?1=;letto a vista;fotogramma del codice nel nome del box in Oro, Argento e Cristallo, con l'uovo che schiude Umbreon: procedura già in STUDIO-08
http://i.imgur.com/mBznNBB.jpg;letto con OCR;estratto senza affermazioni pertinenti
http://i.imgur.com/oaA4AXS.png?1=;letto a vista;fotogramma del codice nel nome del box in Oro, Argento e Cristallo, con l'uovo che schiude Umbreon: procedura già in STUDIO-08
http://i.imgur.com/vOMd5Yq.png?1=;letto con OCR;estratto senza affermazioni pertinenti
http://i.imgur.com/yefMuNy.jpg;letto con OCR;estratto senza affermazioni pertinenti
https://i.imgur.com/4Q9rLmQ.png;letto a vista;fotogramma o tabella del glitch di Mew in Rosso, Blu e Giallo (allenatori lontani, camion della M/N Anna): procedura già in STUDIO-08
https://i.redd.it/3j5vegztr1c91.jpg;letto con OCR;estratto senza affermazioni pertinenti
https://i.redd.it/4vbh98sq1x711.png;letto con OCR;estratto con 8 affermazioni, verificate
https://i.redd.it/60blf9m4c2dc1.png;letto con OCR;estratto senza affermazioni pertinenti
https://i.redd.it/6d4rk2bzebkg1.jpeg;letto a vista;foto di console o schermata del titolo: nessun contenuto sulla collezione
https://i.redd.it/7w2t0lz8ahlf1.png;letto con OCR;estratto con 32 affermazioni, verificate
https://i.redd.it/93oog27zod9f1.jpeg;letto con OCR;estratto senza affermazioni pertinenti
https://i.redd.it/9i3pw569nw0d1.png;letto con OCR;estratto senza affermazioni pertinenti
https://i.redd.it/9v8cvm83k96f1.png;letto con OCR;estratto senza affermazioni pertinenti
https://i.redd.it/ge39d5p4m4tc1.jpeg;letto con OCR;estratto senza affermazioni pertinenti
https://i.redd.it/pd1oktdho4ef1.jpeg;letto con OCR;estratto senza affermazioni pertinenti
https://iac.dtic.mil/iatac/download/Vol7_No4.pdf;letto;documentazione tecnica o pagina generica fuori tema, conservata senza estrazione
https://www.ign.com/blogs/mechassaultds/2006/06/16/creating-a-3d-game-on-the-nintendo-ds;letto;documentazione tecnica o pagina generica fuori tema, conservata senza estrazione
https://imgs.xkcd.com/comics/exploits_of_a_mom.png;letto con OCR;estratto senza affermazioni pertinenti
https://imgs.xkcd.com/comics/semaphore.png;letto con OCR;estratto senza affermazioni pertinenti
http://imgur.com/A6zfset;letto;estratto senza affermazioni pertinenti
http://imgur.com/a/RWaHc;letto;estratto con 1 affermazioni, verificate
http://imgur.com/a/YGFwA;letto;estratto senza affermazioni pertinenti
http://imgur.com/a/ZLcpv;letto;estratto senza affermazioni pertinenti
http://imgur.com/gallery/8G4fJ;letto;estratto senza affermazioni pertinenti
https://imgur.com/a/3ypWcfh;letto;estratto senza affermazioni pertinenti
https://imgur.com/a/F0ra5H7;letto;estratto senza affermazioni pertinenti
https://imgur.com/a/Ons79Zw;letto;estratto senza affermazioni pertinenti
https://imgur.com/a/TTubbHF;letto;estratto senza affermazioni pertinenti
https://imgur.com/a/YNabu;letto;estratto senza affermazioni pertinenti
https://imgur.com/a/bCu6DyK;letto;estratto senza affermazioni pertinenti
https://imgur.com/a/gen-i-map-of-pok-mon-spawnable-with-trainer-fly-glitch-yAZgdND;letto;estratto senza affermazioni pertinenti
https://imgur.com/a/tPk8I8n;letto;estratto senza affermazioni pertinenti
https://imgur.com/gallery/Yk2xt;irrecuperabile;Imgur non restituisce il post, forse rimosso
https://imgur.com/gallery/bZrGU;letto;estratto senza affermazioni pertinenti
https://imgur.com/gallery/gen-i-chart-of-trainer-fly-glitch-information-OPQlqAE;letto;estratto senza affermazioni pertinenti
https://imgur.com/jyza4r9;letto;estratto senza affermazioni pertinenti
https://inject.sigkill.tech/vc-save;saltato;"applicazione interattiva senza testo statico: è uno strumento da usare, non una fonte da leggere; tentato il 2026-10-01 diretto, con browser e con la Wayback Machine"
http://is.4chan.org/vp/1481893195109.png;irrecuperabile;URLError: <urlopen error [Errno 11001] getaddrinfo failed>
http://www.jesseworld.com/Codes/gameGetTesters.asp?platform_id=4&game_id=1066;irrecuperabile;dalla pagina si estraggono 0 caratteri, che non sono contenuto: registrarla come scaricata sarebbe falsa copertura
http://john.ccac.rwth-aachen.de/as/as_EN.html;irrecuperabile;<urlopen error [WinError 10061] Impossibile stabilire la connessione. Rifiuto persistente del computer di destinazione>, e nessuna copia nella Wayback Machine
http://linux.softpedia.com/get/System/Operating-Systems/Kernels/Openwall-Linux-kernel-patch-16454.shtml;letto;documentazione tecnica o pagina generica fuori tema, conservata senza estrazione
http://m.imgur.com/HBb2Zzd,hFCCRWd,FS7VYSA,IzvZClq,a0cl6AS,4gbkU6e,JNAv85o;letto;estratto senza affermazioni pertinenti
https://mega.nz/;irrecuperabile;collegamento Mega senza la chiave di decrittazione dopo il cancelletto: il contenuto non si apre (2026-10-05)
https://mega.nz/file/5YZE0b5T;irrecuperabile;collegamento Mega senza la chiave di decrittazione dopo il cancelletto: il contenuto non si apre (2026-10-05)
https://mega.nz/folder/UNwxET6K;irrecuperabile;collegamento Mega senza la chiave di decrittazione dopo il cancelletto: il contenuto non si apre (2026-10-05)
http://www.metacritic.com/games/platforms/wii/pokemonbattlerevolution;letto;documentazione tecnica o pagina generica fuori tema, conservata senza estrazione
http://www.metasploit.com/users/opcode/msfopcode.cgi;scartato;"non è una fonte: documentazione di sicurezza informatica, fuori tema per il progetto; tentato il 2026-10-01 diretto, con browser e con la Wayback Machine"
http://www.microsoft.com/technet/security/bulletin/MS04-028.mspx;letto;documentazione tecnica o pagina generica fuori tema, conservata senza estrazione
http://www.microsoft.com/technet/security/bulletin/ms02-039.mspx;letto;documentazione tecnica o pagina generica fuori tema, conservata senza estrazione
https://mtheall.com/~mtheall/ftpd.nds;saltato;file eseguibile o archivio (b'HOME'), non una fonte
http://www.net-security.org/dl/articles/unicodebo.pdf;letto;documentazione tecnica o pagina generica fuori tema, conservata senza estrazione
http://www.neworder.box.sk/newsread.php?newsid=12476;letto;documentazione tecnica o pagina generica fuori tema, conservata senza estrazione
http://www.ngsec.com/ngproducts/stackdefender;letto;estratto senza affermazioni pertinenti
http://www.nintendo.co.jp/n10/news/030430a.html;letto;estratto con 1 affermazioni, verificate
http://www.nintendo.co.jp/wii/wiiware/wbmj/index.html;letto;estratto senza affermazioni pertinenti
http://www.nintendo.co.kr/www/soft/PokemonDP/sub07.php;letto;estratto senza affermazioni pertinenti
https://www.nintendo.co.uk/en-gb/-225842.html&original_referer=https://www.nintendo.com/en-gb/Iwata-Asks/Iwata-Asks-Pokemon-HeartGold-Version-SoulSilver-Version/Iwata-Asks-Pokemon-HeartGold-Version-SoulSilver-Version/1-Just-Making-The-Last-Train/1-Just-Making-The-Last-Train-225842.html&source=tweetbutton&text=Iwata+Asks+-+Pokémon+HeartGold+Version+&+SoulSilver+Version&via=NintendoUK;letto;estratto senza affermazioni pertinenti
http://www.nintendo.com/consumer/gameslist/en/games-wifi.jsp;letto;estratto senza affermazioni pertinenti
http://www.nintendo.com/cpp/login/offSiteGetProfile.do?rDirect=http%3A%2F%2Fwww.pokemon-games.com%2Fportal%2Fportal.jsp;letto;estratto senza affermazioni pertinenti
http://www.nintendo.com/gamemini?gameid=d5ee1100-0385-4455-b6ad-df678c8da714;letto;estratto senza affermazioni pertinenti
http://www.nintendo.com/gamemini?gameid=m-Game-0000-1846;letto;estratto senza affermazioni pertinenti
http://www.nintendo.com/gamemini?gameid=m-Game-0000-1847;letto;estratto senza affermazioni pertinenti
http://www.nintendo.com/games/detail/V0813Zh_mhIXGhrmFekxBPPq4wEXQolA;letto;estratto senza affermazioni pertinenti
http://www.nintendo.com/news/news_articles.jsp?articleID=3938;letto;estratto senza affermazioni pertinenti
https://www.nintendo.com/consumer/downloads/Pokewalker_Tri.pdf;letto;estratto senza affermazioni pertinenti
https://www.nintendo.com/consumer/gameslist/manuals/DS_Pokemon_Black.pdf;letto;estratto con 9 affermazioni, verificate
https://www.nintendo.com/consumer/gameslist/manuals/DS_pokemon_black_2.pdf;letto;estratto con 7 affermazioni, verificate
https://www.nintendo.com/en-gb/Iwata-Asks/Iwata-Asks-Pokemon-HeartGold-Version-SoulSilver-Version/Iwata-Asks-Pokemon-HeartGold-Version-SoulSilver-Version/1-Just-Making-The-Last-Train/1-Just-Making-The-Last-Train-225842.html&original_referer=https://www.nintendo.com/en-gb/Iwata-Asks/Iwata-Asks-Pokemon-HeartGold-Version-SoulSilver-Version/Iwata-Asks-Pokemon-HeartGold-Version-SoulSilver-Version/1-Just-Making-The-Last-Train/1-Just-Making-The-Last-Train-225842.html&source=tweetbutton&text=Iwata+Asks+-+Pokémon+HeartGold+Version+&+SoulSilver+Version&via=NintendoUK;letto;estratto senza affermazioni pertinenti
http://www.nintendo.com.au/nintendo/news/index.php;scartato;"non è una fonte: pagina senza contenuto sulla collezione (file di configurazione, archivio di un vecchio progetto, pagina promozionale o commento); tentato il 2026-10-01 diretto, con browser e con la Wayback Machine"
https://nintendo.fandom.com/wiki/List_of_Pok%C3%A9mon_games;letto;estratto senza affermazioni pertinenti
http://www.nintendo.tw/wii/wii_software.htm;letto;estratto senza affermazioni pertinenti
http://olmectron.github.io/forwarders/sdcard.(fwd%7Cnds;irrecuperabile;HTTP Error 404: Not Found, e nessuna copia nella Wayback Machine
https://www.owasp.org/index.php/Buffer_Overflows;letto;documentazione tecnica o pagina generica fuori tema, conservata senza estrazione
https://www.owasp.org/index.php/Buffer_OverflowsBuffer;irrecuperabile;HTTP Error 404: Not Found, e nessuna copia nella Wayback Machine
http://packetstormsecurity.com/files/download/121751/ModernOverflowTargets.pdf;letto;estratto senza affermazioni pertinenti
http://pages.citebite.com/v5l6v8x9t1sph;scartato;"non è una fonte: segnaposto, accorciatore o pagina d'esempio senza contenuto; tentato il 2026-10-01 diretto, con browser e con la Wayback Machine"
https://play.google.com/store/apps/details?id=com.laurencedawson.reddit_sync;letto;documentazione tecnica o pagina generica fuori tema, conservata senza estrazione
https://www.pokecommunity.com/showthread.php?t=378618;letto;estratto senza affermazioni pertinenti
http://www.pokemon.co.jp/anime/sunday/special.html;letto;estratto senza affermazioni pertinenti
http://www.pokemon.co.jp/game/wii/bokujou;letto;estratto senza affermazioni pertinenti
http://pokemon.com/pokedex/encyclopedia/nidoran-male.html;letto;estratto senza affermazioni pertinenti
http://www.pokemon.com/pokedex/encyclopedia/nidoran-female.html;letto;estratto senza affermazioni pertinenti
http://www.pokemonchannel.tv/;scartato;"non è una fonte: pagina senza contenuto sulla collezione (file di configurazione, archivio di un vecchio progetto, pagina promozionale o commento); tentato il 2026-10-01 diretto, con browser e con la Wayback Machine"
https://preview.redd.it/2ze550pgb66b1.jpg?width=1280&format=pjpg&auto=webp&s=e733298a2f4b6ea6234dd9880f43d92ae550fff7;letto con OCR;estratto senza affermazioni pertinenti
https://preview.redd.it/37fwjuc9hgkg1.jpeg?width=3000&format=pjpg&auto=webp&s=c74ca0103fc3e87bb9891209e1ba061c06c65345;letto a vista;foto di console o schermata del titolo: nessun contenuto sulla collezione
https://preview.redd.it/431czr856kva1.png?width=1080&format=png&auto=webp&s=f3f972fcb3cbba2774e2b4875f81f063f9db4810;letto con OCR;estratto con 1 affermazioni, verificate
https://preview.redd.it/4tnw0w65c2hb1.png?width=331&format=png&auto=webp&s=d9718dcec855d00acea42a47430de42c9d2583ba;letto con OCR;estratto senza affermazioni pertinenti
https://preview.redd.it/4zfj0fz6hgjg1.jpeg?width=1080&format=pjpg&auto=webp&s=51daf319ce7f423ac9c4dd7ab63833909ac08ab0;letto con OCR;estratto senza affermazioni pertinenti
https://preview.redd.it/5tq8ukwc6j6g1.jpeg?width=1179&format=pjpg&auto=webp&s=62e1cff17b05a88ebed239090ef349e188e72fb2;letto con OCR;estratto senza affermazioni pertinenti
https://preview.redd.it/66p7ztgcsova1.png?width=2300&format=png&auto=webp&v=enabled&s=d8d16c0d2ca024702e2f9d48b1a2055b7f5dc8ae;letto con OCR;estratto con 1 affermazioni, verificate
https://preview.redd.it/6eow3crcvsmg1.jpeg?width=3024&format=pjpg&auto=webp&s=0860c0773426e61342bdbbcf49b05410e7a975c3;letto con OCR;estratto senza affermazioni pertinenti
https://preview.redd.it/72oyhufvp01d1.png?width=2100&format=png&auto=webp&s=f532b82f90302ca8fdec0fc3ce4f07e0f0013124;letto con OCR;estratto senza affermazioni pertinenti
https://preview.redd.it/7gm1jy8a15g91.png?width=1800&format=png&auto=webp&s=4dfac5eed2824f36b105d6d2ae195a92969f5cb8;letto a vista;meme: nessun contenuto
https://preview.redd.it/8938p2z71i3f1.jpeg?width=3072&format=pjpg&auto=webp&s=2cf9f0f220b035a72df983323bfa4cca67e3357e;letto con OCR;estratto senza affermazioni pertinenti
https://preview.redd.it/9yokzoynfmug1.png?width=9600&format=png&auto=webp&s=7fe7a48aaca35e569a9d1f7393977ca3e7018970;letto con OCR;estratto con 11 affermazioni, verificate
https://preview.redd.it/b2e86br8nhq91.jpg?width=4032&format=pjpg&auto=webp&s=cae260fad4fb2e4870189c52af093f73c9671113;letto a vista;fotogramma del codice nel nome del box in Oro, Argento e Cristallo, con l'uovo che schiude Umbreon: procedura già in STUDIO-08
https://preview.redd.it/bfd0iqminskd1.jpeg?width=1235&format=pjpg&auto=webp&s=96f649c8ec54377bd3a3f6ae7f77bb84f34a8ede;letto con OCR;estratto senza affermazioni pertinenti
https://preview.redd.it/cgk1hulrm7uc1.png?width=2048&format=png&auto=webp&s=3c9bfd54df3aaafc9a3e116ede12c0fc0cf01a1e;letto con OCR;estratto senza affermazioni pertinenti
https://preview.redd.it/cyxggbukdxyf1.jpeg?width=3024&format=pjpg&auto=webp&s=a3c15ed64488a80ed410abf1d78d49f4a18fb3a5;letto a vista;frammento d'interfaccia (Reddit, profilo di HOME, FBI sul 3DS, menu del 3DS): nessun contenuto sulla collezione
https://preview.redd.it/e7y5vrf2kkzb1.png?width=1800&format=png&auto=webp&s=0176f17405efad3e27438dccdac3738dcba3dca8;letto con OCR;estratto senza affermazioni pertinenti
https://preview.redd.it/et3i2y4evsmg1.jpeg?width=3024&format=pjpg&auto=webp&s=c89b93d5f2b721c2bded02afa36dfc5df78957f0;letto con OCR;estratto senza affermazioni pertinenti
https://preview.redd.it/g07hbmoh98pb1.png?width=4420&format=png&auto=webp&s=a2683118c5dc3f20a0d04b3fa4d6c0f3bcffe5c7;irrecuperabile;immagine cancellata da Reddit: l'anteprima risponde con la pagina del visualizzatore e l'originale https://i.redd.it/g07hbmo
https://preview.redd.it/g9sh9br8nhq91.jpg?width=4032&format=pjpg&auto=webp&s=de5cf5d49cfeff82c81cff6115a952df98bf4ca2;letto a vista;fotogramma del codice nel nome del box in Oro, Argento e Cristallo, con l'uovo che schiude Umbreon: procedura già in STUDIO-08
https://preview.redd.it/gdzyj0zlm7uc1.png?width=2048&format=png&auto=webp&s=1355d40d2877da70a880de71a3cc33f331a7d8c4;letto con OCR;estratto senza affermazioni pertinenti
https://preview.redd.it/gxyiazrr2kva1.jpg?width=1080&format=pjpg&auto=webp&s=a1d8890abfbc95e99596004a3e048d9899d2fa02;letto con OCR;estratto senza affermazioni pertinenti
https://preview.redd.it/hehwq0dfupmf1.png?width=941&format=png&auto=webp&s=6daa9b5974178fe30546ed1ba925143aaa8927c9;letto a vista;fotogramma o tabella del glitch di Mew in Rosso, Blu e Giallo (allenatori lontani, camion della M/N Anna): procedura già in STUDIO-08
https://preview.redd.it/iik81i3rrede1.png?width=1080&format=png&auto=webp&s=395c9522485fb3b121169ddde36af85375525ff2;irrecuperabile;immagine cancellata da Reddit: l'anteprima risponde con la pagina del visualizzatore e l'originale https://i.redd.it/iik81i3
https://preview.redd.it/ipeiqvefvsmg1.jpeg?width=3024&format=pjpg&auto=webp&s=277b0a73d1dd048f3a98427ccca4260e2ff7c416;letto con OCR;estratto senza affermazioni pertinenti
https://preview.redd.it/j13lpz9259mg1.jpeg?width=1440&format=pjpg&auto=webp&s=98272860b2a122699e3cb75e2257667ffe5220ef;letto a vista;foto di console o schermata del titolo: nessun contenuto sulla collezione
https://preview.redd.it/jnmwa86c2kva1.jpg?width=1080&format=pjpg&auto=webp&s=bf8df85c3d982d665ac3ab3320bbd2245bbb1f22;letto con OCR;estratto senza affermazioni pertinenti
https://preview.redd.it/knyo9yde98pb1.png?width=960&format=png&auto=webp&s=23514c3f9eff0d0a63cb25b1d9fed5474bf30cae;letto con OCR;estratto senza affermazioni pertinenti
https://preview.redd.it/o0zs38z8tvpd1.jpeg?width=710&format=pjpg&auto=webp&s=fdc568d13e3c8f4d2e84addcf2aec6325c67e7e7;letto con OCR;estratto senza affermazioni pertinenti
https://preview.redd.it/po955zpgvsmg1.jpeg?width=3024&format=pjpg&auto=webp&s=2ec04da33bbc89c4140ed823185f4819c82d161e;letto con OCR;estratto senza affermazioni pertinenti
https://preview.redd.it/pwrs9gti0cqb1.png?width=1080&format=pjpg&auto=webp&s=1cbfd7d7a85510f41758b85d05c31fd529803d21;letto con OCR;estratto senza affermazioni pertinenti
https://preview.redd.it/q9bh6zrwe66b1.png?width=365&format=png&auto=webp&s=c0725a748ddd1a5e265f0b06e77822e94ae7dbfd;letto a vista;frammento d'interfaccia (Reddit, profilo di HOME, FBI sul 3DS, menu del 3DS): nessun contenuto sulla collezione
https://preview.redd.it/sl3kspdcz30c1.png?width=3024&format=png&auto=webp&s=9d9023919693770caab400bcea52a439b2afa7eb;letto con OCR;estratto senza affermazioni pertinenti
https://preview.redd.it/slqj5o6xjkzb1.jpg?width=1280&format=pjpg&auto=webp&s=ff251068f225aaff557045d54e44800b4283291f;letto con OCR;estratto senza affermazioni pertinenti
https://preview.redd.it/ucfxhdphvsmg1.jpeg?width=3024&format=pjpg&auto=webp&s=3c46be2315277bb2cc086f3373f34324b6ce42e7;letto con OCR;estratto senza affermazioni pertinenti
https://preview.redd.it/v6iy6hf1c2hb1.png?width=1260&format=png&auto=webp&s=df9484c2a53fce413e2d757ee40afdcb59cb9c75;letto con OCR;estratto senza affermazioni pertinenti
https://preview.redd.it/v888sbhatvpd1.jpeg?width=788&format=pjpg&auto=webp&s=53369d55213d182394d18003bdf0c94ac0bd85d7;letto con OCR;estratto con 2 affermazioni, verificate
https://preview.redd.it/vvcinxvjzjva1.jpg?width=1080&format=pjpg&auto=webp&s=27c8cf33670cf3555efebfc0720b5231f4e06ee2;letto con OCR;estratto senza affermazioni pertinenti
https://preview.redd.it/wb5auf4ubvne1.jpeg?width=3000&format=pjpg&auto=webp&s=a9fc970120eeb24539c67ef2f926dc3b3d88a918;letto con OCR;estratto senza affermazioni pertinenti
https://preview.redd.it/x4xm1u9vrede1.png?width=1080&format=png&auto=webp&s=a593a072d5be70017735931a9b1eca85d61a18f9;irrecuperabile;immagine cancellata da Reddit: l'anteprima risponde con la pagina del visualizzatore e l'originale https://i.redd.it/x4xm1u9
http://problemkaputt.de/gbatek.htm;letto;documentazione tecnica o pagina generica fuori tema, conservata senza estrazione
https://problemkaputt.de/gbatek.htm;letto;documentazione tecnica o pagina generica fuori tema, conservata senza estrazione
https://projectpokemon.org/home/tutorials/rom/3ds-pokemon-games-hacking-tutorials/injecting-a-custom-virtual-console-frame-into-an-official-virtual-console-release-r120/&media=;irrecuperabile;HTTP Error 404: Not Found, e nessuna copia nella Wayback Machine
https://projectpokemon.org/home/tutorials/save-editing/managing-nds-saves/using-checkpoint-r70/&media=;irrecuperabile;HTTP Error 404: Not Found, e nessuna copia nella Wayback Machine
https://projectpokemon.org/home/tutorials/save-editing/using-pkhex/how-to-use-the-batch-editor-in-pkhex-r77/&media=;irrecuperabile;HTTP Error 404: Not Found, e nessuna copia nella Wayback Machine
https://projectpokemon.org/home/tutorials/save-editing/using-pkhex/pid-mismatch-origin-game-rsefrlg-dppthgss-rngreporter-r31/&media=;irrecuperabile;HTTPError: HTTP Error 429: Too Many Requests
http://www.psypokes.com/gsc/dv.php;letto;estratto senza affermazioni pertinenti
http://www.reddit.com/r/NintendoSwitch/about/rules;scartato;non è una fonte: pagina di profilo o di sottocomunità, un elenco e non un contenuto
https://www.reddit.com/gallery/1n7627e;letto;estratto con 2 affermazioni, verificate
https://www.reddit.com/gallery/irslpt;letto;estratto con 2 affermazioni, verificate
https://www.reddit.com/message/compose?to=%2Fr%2FNintendoSwitch;scartato;non è una fonte: collegamento del bot RemindMe, un promemoria e non un contenuto
https://www.reddit.com/message/compose?to=%2Fr%2FPokePortal;scartato;non è una fonte: collegamento del bot RemindMe, un promemoria e non un contenuto
https://www.reddit.com/message/compose?to=%2Fr%2Fpokemon;scartato;non è una fonte: collegamento del bot RemindMe, un promemoria e non un contenuto
https://www.reddit.com/message/compose?to=RemindMeBot&subject=Delete+Comment&message=Delete%21+143tqdv;scartato;non è una fonte: collegamento del bot RemindMe, un promemoria e non un contenuto
https://www.reddit.com/message/compose?to=RemindMeBot&subject=RemindMe;scartato;non è una fonte: collegamento del bot RemindMe, un promemoria e non un contenuto
https://www.reddit.com/message/compose?to=RemindMeBot&subject=Reminder&message=%5Bhttps%3A%2F%2Fwww.reddit.com%2Fr%2F3dspiracy%2Fcomments%2F143tqdv%2Fcreating_the_ultimate_pok%C3%A9mon_machine_and_more_v20%2Fp7q2y57%2F%5D%0A%0ARemindMe%21+2026-09-05+05%3A33%3A38+UTC;scartato;non è una fonte: collegamento del bot RemindMe, un promemoria e non un contenuto
https://www.reddit.com/message/compose?to=RemindMeBot&subject=Test&message=Test;scartato;non è una fonte: collegamento del bot RemindMe, un promemoria e non un contenuto
https://www.reddit.com/r/3dspiracy/wiki/err;scartato;non è una fonte: wiki di una comunità di pirateria, fuori perimetro (hardware-and-perimeter.md)
https://www.reddit.com/r/3dspiracy/wiki/games;scartato;non è una fonte: wiki di una comunità di pirateria, fuori perimetro (hardware-and-perimeter.md)
https://www.reddit.com/r/3dspiracy/wiki/issues;scartato;non è una fonte: wiki di una comunità di pirateria, fuori perimetro (hardware-and-perimeter.md)
https://www.reddit.com/r/3dspiracy/wiki/sd_cards;scartato;non è una fonte: wiki di una comunità di pirateria, fuori perimetro (hardware-and-perimeter.md)
https://www.reddit.com/r/NewToReddit;scartato;non è una fonte: pagina di profilo o di sottocomunità, un elenco e non un contenuto
https://www.reddit.com/r/NintendoSwitch;scartato;non è una fonte: pagina di profilo o di sottocomunità, un elenco e non un contenuto
https://www.reddit.com/r/PokePortal/channel/b72/Pok%C3%A9_Portal_Hub?r=%21fK_JtrSAROOHch1_CB4IbQ%3Areddit.com;scartato;non è una fonte: pagina di profilo o di sottocomunità, un elenco e non un contenuto
https://www.reddit.com/r/PokePortal/wiki/index/rules;letto;estratto con 1 affermazioni, verificate
https://www.reddit.com/r/pokemontrades/wiki/quickstart;letto;estratto senza affermazioni pertinenti
https://reddit.zendesk.com/hc/en-us/articles/205926439-Reddiquette;letto;documentazione tecnica o pagina generica fuori tema, conservata senza estrazione
https://www.reddithelp.com/en/categories/reddit-101/reddit-basics/reddiquette;letto;documentazione tecnica o pagina generica fuori tema, conservata senza estrazione
http://research.eeye.com/html/advisories/published/AL20010717.html;letto;documentazione tecnica o pagina generica fuori tema, conservata senza estrazione
https://scontent-lhr3-1.xx.fbcdn.net/v/t1.0-9/15940978_1883267241904863_4393868519816564903_n.jpg?oh=fe6b4c9bc9db5d56d37980e2d5136287&oe=58DD9CB9;irrecuperabile;URLError: <urlopen error [Errno 11001] getaddrinfo failed>
https://scontent-lhr3-1.xx.fbcdn.net/v/t1.0-9/16002849_1590518517630714_1630673376565328564_n.jpg?oh=c85275692d72c09026c831b70eabf57b&oe=59244C20;irrecuperabile;URLError: <urlopen error [Errno 11001] getaddrinfo failed>
http://www.security-express.com/archives/bugtraq/1995_1/0403.html;scartato;"non è una fonte: documentazione di sicurezza informatica, fuori tema per il progetto; tentato il 2026-10-01 diretto, con browser e con la Wayback Machine"
http://www.smogon.com/forums/threads/rng-manipulation-in-firered-leafgreen-wild-pokémon-supported-in-rng-reporter-9-93.62357;letto;estratto con 25 affermazioni, verificate
http://www.ssbwiki.com/index.php?title=Wobbling&mobileaction=toggle_view_desktop;letto;documentazione tecnica o pagina generica fuori tema, conservata senza estrazione
https://store.xkcd.com/products/signed-prints;letto;documentazione tecnica o pagina generica fuori tema, conservata senza estrazione
https://www.stratospherix.com/setupvpn;irrecuperabile;HTTPError: HTTP Error 429: Too Many Requests
https://www.syngress.com/book_catalog/327_SSPC/sample.pdf;letto;documentazione tecnica o pagina generica fuori tema, conservata senza estrazione
http://technet2.microsoft.com/WindowsServer/en/Library/b0de1052-4101-44c3-a294-4da1bd1ef2271033.mspx?mfr=true;scartato;"non è una fonte: documentazione di sicurezza informatica, fuori tema per il progetto; tentato il 2026-10-01 diretto, con browser e con la Wayback Machine"
http://tellu.wpblog.jp/rng-abuse/7thgen-rng-abuse/guide-for-breeding-abuse-on-sunmoon;irrecuperabile;dalla pagina si estraggono 161 caratteri, che non sono contenuto: registrarla come scaricata sarebbe falsa copertura
https://translate.googleusercontent.com/translate_c?depth=1&hl=de&ie=UTF8&prev=_t&rurl=translate.google.com&sl=ja&tl=en&u=http%3A%2F%2Fblastoise-x.hatenablog.com%2Fentry%2FSM-breed&usg=ALkJrhiRnklaS0fZrdeVutgQ4qLI56h3QQ;irrecuperabile;HTTP Error 404: Not Found, e nessuna copia nella Wayback Machine
https://twitch.tv/Pokemon;saltato;pagina del canale Twitch di Pokémon: dirette senza archivio, nessun contenuto statico da leggere
https://www.twitch.tv/videos/117651897?t=17m05s;trascritto;estratto con 63 affermazioni, verificate
https://twitter.com/SciresM/status/1197055570290700288;letto;estratto senza affermazioni pertinenti
https://twitter.com/Sibuna_Switch/status/1483795417288564743;letto;estratto senza affermazioni pertinenti
https://twitter.com/Sibuna_Switch/status/1492970750264979456;letto;estratto senza affermazioni pertinenti
https://twitter.com/Sibuna_Switch/status/1495426743343194117;letto;estratto senza affermazioni pertinenti
https://twitter.com/Sibuna_Switch/status/1538721015269826561;letto;estratto senza affermazioni pertinenti
https://twitter.com/Sibuna_Switch/status/1538721018717560832;letto;estratto senza affermazioni pertinenti
https://twitter.com/Sibuna_Switch/status/1538721153342066689;letto;estratto senza affermazioni pertinenti
https://twitter.com/Sibuna_Switch/status/1538721156932444161;letto;estratto senza affermazioni pertinenti
https://twitter.com/Sibuna_Switch/status/1768100292413796367;letto;estratto senza affermazioni pertinenti
https://twitter.com/Sibuna_Switch/status/1881209369146359923;letto;estratto senza affermazioni pertinenti
https://twitter.com/TheMantyke/status/824138136129339392;irrecuperabile;"FxTwitter 401 PRIVATE_TWEET (account protetto); Wayback id_ 302 poi 200 solo shell JavaScript senza testo del tweet; r.jina.ai 403 (dominio twitter.com bloccato per abuso), 2026-10-05"
https://twitter.com/pokemon_PhD/status/809313886117695488;irrecuperabile;"FxTwitter 404 NOT_FOUND (tweet cancellato o account non più disponibile); Wayback id_ 302 poi 200 solo shell JavaScript senza testo; r.jina.ai 403 (dominio bloccato), 2026-10-05"
https://twitter.com/pokemon_PhD/status/809906064649048065;irrecuperabile;"FxTwitter 404 NOT_FOUND (tweet cancellato o account non più disponibile); Wayback id_ 302 poi 200 solo shell JavaScript senza testo; r.jina.ai 403 (dominio bloccato), 2026-10-05"
http://www.usenix.org/publications/login/2005-06/pdfs/alexander0506.pdf;letto;documentazione tecnica o pagina generica fuori tema, conservata senza estrazione
https://www.usenix.org/publications/library/proceedings/sec98/full_papers/cowan/cowan.pdf;letto;documentazione tecnica o pagina generica fuori tema, conservata senza estrazione
https://v.redd.it/lg0upuoiil191;letto;video senza parlato, letti titolo e descrizione: estratto con 1 affermazioni, verificate
https://v.redd.it/mvbczpu4g9z71;letto;video senza parlato, letti titolo e descrizione: estratto con 1 affermazioni, verificate
https://wii.guide/riiconnect24;letto;estratto senza affermazioni pertinenti
https://wiki.gbatemp.net/w/index.php?title=GBARunner2%2FLink&oldid=73221;letto;estratto senza affermazioni pertinenti
https://wiki.gbatemp.net/wiki/DaedalusX64_3DS_Compatibility_List;letto;estratto senza affermazioni pertinenti
http://wiki.x.org/wiki/ProPolice;letto;estratto senza affermazioni pertinenti
http://wiretap.area.com/Gopher/Library/Techdoc/Virus/inetvir.823;letto;documentazione tecnica o pagina generica fuori tema, conservata senza estrazione
http://www.wolframalpha.com/input?i=2026-09-05+05%3A33%3A38+UTC+To+Local+Time;scartato;non è una fonte: calcolo di WolframAlpha, non una fonte
http://world.std.com/~franl/worm.html;letto;documentazione tecnica o pagina generica fuori tema, conservata senza estrazione
http://ww1.microchip.com/downloads/en/DeviceDoc/DDI0029G_7TDMI_R3_trm.pdf;letto;documentazione tecnica o pagina generica fuori tema, conservata senza estrazione
https://x.com/Sibuna_Switch/status/1913263101908070662;letto;estratto senza affermazioni pertinenti
https://x.com/lewchube/status/1510382980132442113;letto;estratto senza affermazioni pertinenti
https://x.com/wwwwwwzx/status/979949167224045568;letto;estratto senza affermazioni pertinenti
https://your-domain.com/;scartato;"non è una fonte: segnaposto, accorciatore o pagina d'esempio senza contenuto; tentato il 2026-10-01 diretto, con browser e con la Wayback Machine"
https://youtu.be/5uDQLUi0ZEo;trascritto;estratto senza affermazioni pertinenti
https://youtu.be/8Lb5pq0y6h8;letto;video senza parlato, letti titolo e descrizione: estratto con 2 affermazioni, verificate
https://youtu.be/BNbXfuTocvU;trascritto;estratto senza affermazioni pertinenti
https://youtu.be/G19RMhvOzbI;trascritto;estratto senza affermazioni pertinenti
https://youtu.be/G_D3IIXaoTw;trascritto;estratto con 4 affermazioni, verificate
https://youtu.be/JBjSym_lfEs;irrecuperabile;video non più disponibile su YouTube: This video is not available
https://youtu.be/Ld2YphF-HVI;trascritto;estratto senza affermazioni pertinenti
https://youtu.be/QP19sj3HaWw;letto;video senza parlato, letti titolo e descrizione: estratto senza affermazioni pertinenti
https://youtu.be/TzRL_opOvVM;letto;video senza parlato, letti titolo e descrizione: estratto senza affermazioni pertinenti
https://youtu.be/UJTneOSkCcg;irrecuperabile;video non più disponibile su YouTube: Private video
https://youtu.be/WzgdwZaXtnA?t=1231;trascritto;estratto con 27 affermazioni, verificate
https://youtu.be/XyKTeQkzqys?t=115;trascritto;estratto senza affermazioni pertinenti
https://youtu.be/XyKTeQkzqys?t=629;trascritto;estratto senza affermazioni pertinenti
https://youtu.be/ffZjCabeNr4;letto;video senza parlato, letti titolo e descrizione: estratto senza affermazioni pertinenti
https://youtu.be/iL1PtXHDzFU;trascritto;estratto senza affermazioni pertinenti
https://youtu.be/oklw2swIT4w;trascritto;estratto senza affermazioni pertinenti
https://youtu.be/xxyQFPqltiM;trascritto;estratto senza affermazioni pertinenti
http://www.youtube.com/watch?v=Sw0h7ImFsAs;letto;video senza parlato, letti titolo e descrizione: estratto senza affermazioni pertinenti
https://www.youtube.com/channel/UCJ6244ZF0wybrxZxUNS--AA;catalogo letto;110 video in catalogo, 5 scelti per tema: 5 letti dalla trascrizione, 0 senza testo ricavabile (canali/senza-testo.json)
https://www.youtube.com/channel/UCKlA7qF9XKwu79ULYmVu28w;catalogo letto;143 video in catalogo, 12 scelti per tema: 12 letti dalla trascrizione, 0 senza testo ricavabile (canali/senza-testo.json)
https://www.youtube.com/channel/UCNOJh-R1C9OBC4TqNwEAMMg;catalogo letto;526 video in catalogo, 77 scelti per tema: 75 letti dalla trascrizione, 2 senza testo ricavabile (canali/senza-testo.json)
https://www.youtube.com/channel/UCQcizw_rc-q55lmwU3w6-wA;catalogo letto;150 video in catalogo, 13 scelti per tema: 13 letti dalla trascrizione, 0 senza testo ricavabile (canali/senza-testo.json)
https://www.youtube.com/watch?v=1qRGQacKRm0;letto;video senza parlato, letti titolo e descrizione: estratto con 7 affermazioni, verificate
https://www.youtube.com/watch?v=98_azamLeh4;letto;video senza parlato, letti titolo e descrizione: estratto senza affermazioni pertinenti
https://www.youtube.com/watch?v=9EKfcIpYS2w&t=1s%2F;trascritto;estratto senza affermazioni pertinenti
https://www.youtube.com/watch?v=Dh2WcRJOVPU;trascritto;estratto senza affermazioni pertinenti
https://www.youtube.com/watch?v=E757YbGVWoo;irrecuperabile;video non più disponibile su YouTube: This video is unavailable
https://www.youtube.com/watch?v=FjqMC_p024A;letto;video senza parlato, letti titolo e descrizione: estratto con 9 affermazioni, verificate
https://www.youtube.com/watch?v=GWWCicAWpNY;trascritto;estratto senza affermazioni pertinenti
https://www.youtube.com/watch?v=H8AgGp5cqPI&t=32s;letto;video senza parlato, letti titolo e descrizione: estratto con 13 affermazioni, verificate
https://www.youtube.com/watch?v=H8AgGp5cqPI&t=9m47s;letto;video senza parlato, letti titolo e descrizione: estratto con 13 affermazioni, verificate
https://www.youtube.com/watch?v=KlxO\_Ge\_BdI&t=72s;trascritto;estratto senza affermazioni pertinenti
https://www.youtube.com/watch?v=LxOassBqWiA;trascritto;estratto senza affermazioni pertinenti
https://www.youtube.com/watch?v=NeJeWOcWS5Y&t=52s;trascritto;estratto senza affermazioni pertinenti
https://www.youtube.com/watch?v=Qcp4vxyaUJc;trascritto;estratto senza affermazioni pertinenti
https://www.youtube.com/watch?v=WD_GVaQwn8o;letto;video senza parlato, letti titolo e descrizione: estratto senza affermazioni pertinenti
https://www.youtube.com/watch?v=fKiRIMDNj4A;trascritto;estratto senza affermazioni pertinenti
https://www.youtube.com/watch?v=jR5rov2e6PU;letto;video senza parlato, letti titolo e descrizione: estratto con 7 affermazioni, verificate
https://www.youtube.com/watch?v=k0HFRpqvSk4&t=3s&ab\_channel=Voltzo%28Manectric77%29;trascritto;estratto senza affermazioni pertinenti
https://www.youtube.com/watch?v=mQLkeK3ETP4;trascritto;estratto senza affermazioni pertinenti
https://www.youtube.com/watch?v=nOEwPnv2TFM;trascritto;estratto con 6 affermazioni, verificate
https://www.youtube.com/watch?v=za92Q5L3A3A;letto;video senza parlato, letti titolo e descrizione: estratto con 2 affermazioni, verificate
https://youtube.com/@OddTinkering;catalogo letto;164 video in catalogo, 3 scelti per tema: 3 letti dalla trascrizione, 0 senza testo ricavabile (canali/senza-testo.json)
https://youtube.com/@RetroGameCorps;catalogo letto;946 video in catalogo, 2 scelti per tema: 2 letti dalla trascrizione, 0 senza testo ricavabile (canali/senza-testo.json)
https://youtube.com/@ScottTheWoz;catalogo letto;292 video in catalogo, 0 scelti per tema: 0 letti dalla trascrizione, 0 senza testo ricavabile (canali/senza-testo.json)
https://youtube.com/@TheRetroFuture;catalogo letto;628 video in catalogo, 1 scelti per tema: 1 letti dalla trascrizione, 0 senza testo ricavabile (canali/senza-testo.json)
https://youtube.com/@WulffDen;catalogo letto;1300 video in catalogo, 10 scelti per tema: 9 letti dalla trascrizione, 1 senza testo ricavabile (canali/senza-testo.json)
https://youtube.com/@imablisy;catalogo letto;434 video in catalogo, 47 scelti per tema: 47 letti dalla trascrizione, 0 senza testo ricavabile (canali/senza-testo.json)
http://127.0.0.x.9999/;irrecuperabile;<urlopen error [Errno 11001] getaddrinfo failed>, e nessuna copia nella Wayback Machine
http://192.168.x.xxx/;irrecuperabile;<urlopen error [Errno 11001] getaddrinfo failed>, e nessuna copia nella Wayback Machine
http://192.168.xx.xxx/;irrecuperabile;<urlopen error [Errno 11001] getaddrinfo failed>, e nessuna copia nella Wayback Machine
http://192.xxx.x.xx/;irrecuperabile;<urlopen error [Errno 11001] getaddrinfo failed>, e nessuna copia nella Wayback Machine
https://3ds.eiphax.tech/sd.html;letto;estratto senza affermazioni pertinenti
https://3ds.eiphax.tech/tips.html;letto;estratto senza affermazioni pertinenti
https://3ds.hacks.guide/alternate-exploits;saltato;"applicazione interattiva senza testo statico: è uno strumento da usare, non una fonte da leggere; tentato il 2026-10-01 diretto, con browser e con la Wayback Machine"
https://3ds.hacks.guide/checking-for-cfw;letto;estratto senza affermazioni pertinenti
https://3ds.hacks.guide/checking-for-cfw.html;letto;estratto senza affermazioni pertinenti
https://3ds.hacks.guide/finalizing-setup.html;letto;estratto senza affermazioni pertinenti
https://3ds.hacks.guide/formatting-sd-(linux;letto;estratto senza affermazioni pertinenti
https://3ds.hacks.guide/formatting-sd-(mac;letto;estratto senza affermazioni pertinenti
https://3ds.hacks.guide/formatting-sd-(windows;letto;estratto senza affermazioni pertinenti
https://3ds.hacks.guide/godmode9-usage.html;letto;estratto senza affermazioni pertinenti
https://3ds.hacks.guide/h2testw-(windows;letto;estratto senza affermazioni pertinenti
https://3ds.hacks.guide/homebrew-launcher-(ninjhax2-dx;saltato;"applicazione interattiva senza testo statico: è uno strumento da usare, non una fonte da leggere; tentato il 2026-10-01 diretto, con browser e con la Wayback Machine"
https://3ds.hacks.guide/homebrew-launcher-(super-skaterhax\;saltato;"applicazione interattiva senza testo statico: è uno strumento da usare, non una fonte da leggere; tentato il 2026-10-01 diretto, con browser e con la Wayback Machine"
https://3ds.hacks.guide/ntrboot;letto;estratto senza affermazioni pertinenti
https://3ds.hacks.guide/region-changing.html;letto;estratto senza affermazioni pertinenti
https://3ds.hacks.guide/restoring-updating-cfw;letto;estratto senza affermazioni pertinenti
https://3ds.hacks.guide/restoring-updating-cfw.html;letto;estratto senza affermazioni pertinenti
https://3ds.hacks.guide/troubleshooting;letto;estratto senza affermazioni pertinenti
https://3ds.hacks.guide/troubleshooting.html;letto;estratto senza affermazioni pertinenti
https://archive.org/download/3ds-cia-undatted-encrypted;letto;documentazione tecnica o pagina generica fuori tema, conservata senza estrazione
https://botrank.pastimes.eu/;letto;estratto senza affermazioni pertinenti
http://bulbapedia.bulbagarden.net/wiki/Pok%C3%A9_Pelago;letto;documentazione tecnica o pagina generica fuori tema, conservata senza estrazione
https://bulbapedia.bulbagarden.net/wiki/List\_of\_Pok%C3%A9mon\_by\_Unova\_Pok%C3%A9dex\_number\_(Black\_2\_and\_White\_2);letto;estratto senza affermazioni pertinenti
https://bulbapedia.bulbagarden.net/wiki/Pok%C3%A9mon_breeding;letto;documentazione tecnica o pagina generica fuori tema, conservata senza estrazione
https://cdn.bulbagarden.net/upload/thumb/a/a7/Zacian.png/1200px-Zacian.png;irrecuperabile;immagine non più scaricabile: la risposta salvata era un frammento binario e il nuovo tentativo non restituisce un'immagine
https://cdn.discordapp.com/attachments/1122612317952163981/1122669381948821544/3DS-Home-Menu.png;irrecuperabile;HTTPError: HTTP Error 404: Not Found
https://cdn.discordapp.com/attachments/1122612317952163981/1122670731956854855/IMG_20230625_183201003.jpg;irrecuperabile;HTTPError: HTTP Error 404: Not Found
https://citra-emu.org/wiki/user-directory;letto;documentazione tecnica o pagina generica fuori tema, conservata senza estrazione
http://crsay.com/;scartato;"non è una fonte: segnaposto, accorciatore o pagina d'esempio senza contenuto; tentato il 2026-10-01 diretto, con browser e con la Wayback Machine"
https://daily.pokecommunity.com/2017/09/21/pokemon-stats-red-blue-yellow-recalculated;irrecuperabile;HTTP Error 403: Forbidden, e nessuna copia nella Wayback Machine
https://developers.reddit.com/apps/spotlight-app;scartato;non è una fonte: pagina di profilo o di sottocomunità, un elenco e non un contenuto
https://digiex.net/threads/pokemon-gameboy-rom-save-transfer-to-3ds-red-blue-yellow-green.14646/;letto;estratto con 1 affermazioni, verificate
https://discord.gg/MWxPgEp;scartato;non è una fonte: invito a un server Discord, non un contenuto
https://discord.gg/fCzqcWteC4;scartato;non è una fonte: invito a un server Discord, non un contenuto
https://docs.google.com/spreadsheets/d/1dItpqk-koxZJ3s5mGArWPHo2OGPj3R-Wc\_q3bOrTMqg/edit#gid=0;letto;foglio di calcolo confrontato riga per riga con la lista completa (fogli-forme-ignote.md)
https://drive.google.com/drive/folders/16lH2ruXI6sR5w5jmm4vqcPIrYTcpSuhG;letto;estratto senza affermazioni pertinenti
https://drive.google.com/drive/mobile/folders/1zb60PTOoYWRjnHdmvTYEbNQlbktK_y4v?usp=drive_open;irrecuperabile;HTTP Error 404: Not Found, e nessuna copia nella Wayback Machine
https://drive.google.com/open?id=13jn3RKQ_zk79pDZVTOn7-QztTqGSg3PF;scartato;non è una fonte: cartella Drive di file di gioco .cia di terzi, fuori perimetro (hardware-and-perimeter.md): elencata, non scaricata
https://drive.google.com/open?id=1Vz1G8R8ZTmHMOV38szitPD9Fnn1BaOzO;scartato;non è una fonte: cartella Drive dello stesso archivio di file .cia, fuori perimetro
https://drive.google.com/open?id=1ryUyBhIhbtOuZRmlwUpN4UUinvqy8DOw;scartato;non è una fonte: cartella Drive dello stesso archivio di file .cia, fuori perimetro
https://www.dropbox.com/s/nrz321yycb9p84t/Fire%20Red%20Omega.gba?dl=0;irrecuperabile;dalla pagina si estraggono 0 caratteri e porta 43 script: è uno scheletro JavaScript, e senza un browser non consegna il contenuto
https://dsi.cfw.guide/;letto;estratto senza affermazioni pertinenti
https://en-americas-support.nintendo.com/app/answers/detail/a_id/14112/~/how-to-perform-a-system-transfer-to-a-new-nintendo-3ds-system-%28wireless;letto;estratto senza affermazioni pertinenti
https://en.wikipedia.org/wiki/Game\_Link\_Cable#Third\_generation;letto;documentazione tecnica o pagina generica fuori tema, conservata senza estrazione
https://en.wikipedia.org/wiki/Geometric_distribution;letto;documentazione tecnica o pagina generica fuori tema, conservata senza estrazione
https://en.wikipedia.org/wiki/User_space;letto;documentazione tecnica o pagina generica fuori tema, conservata senza estrazione
https://www.gamebrew.org/wiki/GBA_Backup_Tool;letto;estratto senza affermazioni pertinenti
https://www.gamebrew.org/wiki/LumaLocaleSwitcher_3DS;letto;estratto senza affermazioni pertinenti
https://www.gbahacks.com/p/completed.html;letto;estratto senza affermazioni pertinenti
https://gbatemp.net/attachments/mrg_1906-12-20_21-31-13-738-bmp-png.293610;letto con OCR;estratto senza affermazioni pertinenti
https://gbatemp.net/download/batch-cia-3ds-decryptor.35098;letto;estratto senza affermazioni pertinenti
https://gbatemp.net/download/retrogamefan-nds-rom-tool-v1-0_b1215.35735;letto;estratto senza affermazioni pertinenti
https://gbatemp.net/threads/how-to-perform-a-system-transfer-without-losing-non-legitimate-titles.531950;letto;estratto senza affermazioni pertinenti
https://gbatemp.net/threads/pokemon-dream-radar-cart-redirect-patch-use-save-file-on-sd-instead-of-nds-cart.550958/;letto;estratto senza affermazioni pertinenti
https://gbatemp.net/threads/release-ndsforwarder-for-dsi-generate-hiyacfw-forwarders-on-the-dsi-directly.606964;letto;estratto senza affermazioni pertinenti
https://gbatemp.net/threads/release-wip-3dsync.558310;letto;estratto senza affermazioni pertinenti
https://gbatemp.net/threads/transferring-all-data-from-one-cfw-3ds-to-another.571430;letto;estratto con 1 affermazioni, verificate
https://github.com/Ajarmar/universal-pokemon-randomizer-zx/blob/master/README.md;letto;estratto senza affermazioni pertinenti
https://github.com/FlagBrew/PKSM/releases/tag/10.1.2;letto;estratto senza affermazioni pertinenti
https://github.com/FlagBrew/local-gpss;letto;estratto senza affermazioni pertinenti
https://github.com/FlagBrew/local-gpss/releases;letto;estratto senza affermazioni pertinenti
https://github.com/FlagBrew/local-gpss/wiki/PKSM-Troubleshooting;letto;estratto senza affermazioni pertinenti
https://github.com/FlagBrew/local-gpss/wiki/Server-Setup-Guide;letto;estratto senza affermazioni pertinenti
https://github.com/FlagBrew/local-gpss/wiki/Server-Troubleshooting;letto;estratto senza affermazioni pertinenti
https://github.com/FlagBrew/local-gpss/wiki/Using-the-GPSS-Backup-Database;letto;estratto senza affermazioni pertinenti
https://github.com/Gericom/GBARunner2;letto;estratto senza affermazioni pertinenti
https://github.com/SIlver--/remindmebot-reddit;letto;estratto senza affermazioni pertinenti
https://github.com/Watchful1/RemindMeBot/blob/master/timezones.txt;letto;documentazione tecnica o pagina generica fuori tema, conservata senza estrazione
https://github.com/ihaveamac/faketik;letto;estratto senza affermazioni pertinenti
https://github.com/luigoalma/cleaninty;letto;estratto senza affermazioni pertinenti
https://github.com/zoogie/super-skaterhax;letto;estratto senza affermazioni pertinenti
https://www.google.com/amp/s/theoldschoolgamevault.com/blog/articles/952-counterfeit-pokemon-ds-games;letto;estratto senza affermazioni pertinenti
https://home.pokemon.com/en-us/move;letto;estratto con 9 affermazioni, verificate
https://i.imgur.com/9YT4oBL.jpg;letto con OCR;estratto senza affermazioni pertinenti
https://i.imgur.com/Wq1POmb.jpg;letto con OCR;estratto senza affermazioni pertinenti
https://i.imgur.com/ZHMYq6a.png;letto con OCR;estratto senza affermazioni pertinenti
https://i.imgur.com/lf6HqH5.png;letto con OCR;estratto senza affermazioni pertinenti
https://i.redd.it/3qtxfscutc7c1.jpeg;letto con OCR;estratto senza affermazioni pertinenti
https://i.redd.it/c68in6vl5hkg1.jpeg;letto con OCR;estratto senza affermazioni pertinenti
https://i.redd.it/sbe4zhr95cta1.jpg;letto con OCR;estratto senza affermazioni pertinenti
https://i.redd.it/sohv72bl02tc1.jpeg;letto con OCR;estratto senza affermazioni pertinenti
https://i.redd.it/t9ubxnddhp351.png;letto con OCR;estratto con 40 affermazioni, verificate
https://iili.io/Bol5Wx.jpg;letto con OCR;estratto senza affermazioni pertinenti
https://imgur.com/a/4ZXMZgI;letto;estratto senza affermazioni pertinenti
https://imgur.com/a/8RjVyra;letto;estratto senza affermazioni pertinenti
https://imgur.com/a/9iWA1ML;letto;estratto senza affermazioni pertinenti
https://imgur.com/a/DMhihqb;letto;estratto senza affermazioni pertinenti
https://imgur.com/a/Il2z4Ln;letto;estratto senza affermazioni pertinenti
https://imgur.com/a/RGlL97v;letto;estratto senza affermazioni pertinenti
https://imgur.com/a/m1tuiX7;letto;estratto senza affermazioni pertinenti
https://imgur.com/a/vTwocgo;letto;estratto senza affermazioni pertinenti
https://imgur.com/a/wYAhBAr;letto;estratto senza affermazioni pertinenti
https://imgur.com/tmOoXwq;letto;estratto senza affermazioni pertinenti
https://www.instructables.com/id/How-to-Change-Game-Boy-Cartridge-Battery;letto;documentazione tecnica o pagina generica fuori tema, conservata senza estrazione
https://kotaku.com/players-try-bringing-missingno-into-pokemon-sun-and-moo-1791621674;letto;estratto con 6 affermazioni, verificate
https://m.bulbapedia.bulbagarden.net/wiki/Nintendo_DSi;letto;estratto senza affermazioni pertinenti
https://m.youtube.com/watch?v=vN7l4gE0qgI;trascritto;estratto senza affermazioni pertinenti
https://matrix.to/;saltato;"applicazione interattiva senza testo statico: è uno strumento da usare, non una fonte da leggere; tentato il 2026-10-01 diretto, con browser e con la Wayback Machine"
https://media.discordapp.net/attachments/414850700519145475/1094485387621175377/IMG_5283.jpg?width=901&height=676;irrecuperabile;HTTPError: HTTP Error 404: Not Found
https://mega.nz/file/NE833RAD;irrecuperabile;collegamento Mega senza la chiave di decrittazione dopo il cancelletto: il contenuto non si apre (2026-10-05)
https://www.nintendo.com/nintendo-direct/02-27-2019;scartato;"non è una fonte: pagina senza contenuto sulla collezione (file di configurazione, archivio di un vecchio progetto, pagina promozionale o commento); tentato il 2026-10-01 diretto, con browser e con la Wayback Machine"
http://np.reddit.com/message/compose?to=RemindMeBotWrangler&subject=Feedback;scartato;non è una fonte: collegamento del bot RemindMe, un promemoria e non un contenuto
https://np.reddit.com/message/compose?to=RemindMeBot&subject=Delete+Comment&message=Delete%21+e0tgoj;scartato;non è una fonte: collegamento del bot RemindMe, un promemoria e non un contenuto
https://np.reddit.com/message/compose?to=RemindMeBot&subject=Delete+Comment&message=Delete%21+e1asdu;scartato;non è una fonte: collegamento del bot RemindMe, un promemoria e non un contenuto
https://np.reddit.com/message/compose?to=RemindMeBot&subject=List+Of+Reminders&message=MyReminders%21;scartato;non è una fonte: collegamento del bot RemindMe, un promemoria e non un contenuto
https://np.reddit.com/message/compose?to=RemindMeBot&subject=Reminder&message=%5BLink+or+message+inside+square+brackets%5D%0A%0ARemindMe%21+Time+period+here;scartato;non è una fonte: collegamento del bot RemindMe, un promemoria e non un contenuto
https://np.reddit.com/message/compose?to=RemindMeBot&subject=Reminder&message=%5Bhttps%3A%2F%2Fwww.reddit.com%2Fr%2FRemindMeBot%2Fcomments%2Fe0tgoj%2Fcakeday_info_post%2Ffee6hpi%2F%5D%0A%0ARemindMe%21+2020-04-04+02%3A27%3A21+UTC;scartato;non è una fonte: collegamento del bot RemindMe, un promemoria e non un contenuto
https://np.reddit.com/message/compose?to=RemindMeBot&subject=Reminder&message=%5Bhttps%3A%2F%2Fwww.reddit.com%2Fr%2FRemindMeBot%2Fcomments%2Fe0tgoj%2Fcakeday_info_post%2Ffeghdvs%2F%5D%0A%0ARemindMe%21+2020-08-24+10%3A06%3A15+UTC;scartato;non è una fonte: collegamento del bot RemindMe, un promemoria e non un contenuto
https://np.reddit.com/message/compose?to=RemindMeBot&subject=Reminder&message=%5Bhttps%3A%2F%2Fwww.reddit.com%2Fr%2FRemindMeBot%2Fcomments%2Fe0tgoj%2Fcakeday_info_post%2Ffei3pd3%2F%5D%0A%0ARemindMe%21+2020-09-02+03%3A47%3A12+UTC;scartato;non è una fonte: collegamento del bot RemindMe, un promemoria e non un contenuto
https://np.reddit.com/message/compose?to=RemindMeBot&subject=Reminder&message=%5Bhttps%3A%2F%2Fwww.reddit.com%2Fr%2FRemindMeBot%2Fcomments%2Fe0tgoj%2Fcakeday_info_post%2Ffen3jim%2F%5D%0A%0ARemindMe%21+2020-09-30+01%3A44%3A21+UTC;scartato;non è una fonte: collegamento del bot RemindMe, un promemoria e non un contenuto
https://np.reddit.com/message/compose?to=RemindMeBot&subject=Reminder&message=%5Bhttps%3A%2F%2Fwww.reddit.com%2Fr%2FRemindMeBot%2Fcomments%2Fe0tgoj%2Fcakeday_info_post%2Fff3rdg0%2F%5D%0A%0ARemindMe%21+2020-05-23+15%3A35%3A18+UTC;scartato;non è una fonte: collegamento del bot RemindMe, un promemoria e non un contenuto
https://np.reddit.com/message/compose?to=RemindMeBot&subject=Reminder&message=%5Bhttps%3A%2F%2Fwww.reddit.com%2Fr%2FRemindMeBot%2Fcomments%2Fe0tgoj%2Fcakeday_info_post%2Fff4prl7%2F%5D%0A%0ARemindMe%21+2020-11-05+04%3A58%3A32+UTC;scartato;non è una fonte: collegamento del bot RemindMe, un promemoria e non un contenuto
https://np.reddit.com/message/compose?to=RemindMeBot&subject=Reminder&message=%5Bhttps%3A%2F%2Fwww.reddit.com%2Fr%2FRemindMeBot%2Fcomments%2Fe0tgoj%2Fcakeday_info_post%2Ffg3kcmq%2F%5D%0A%0ARemindMe%21+2020-02-17+15%3A35%3A47+UTC;scartato;non è una fonte: collegamento del bot RemindMe, un promemoria e non un contenuto
https://np.reddit.com/message/compose?to=RemindMeBot&subject=Reminder&message=%5Bhttps%3A%2F%2Fwww.reddit.com%2Fr%2FRemindMeBot%2Fcomments%2Fe0tgoj%2Fcakeday_info_post%2Ffghaf8f%2F%5D%0A%0ARemindMe%21+2020-03-11+14%3A14%3A25+UTC;scartato;non è una fonte: collegamento del bot RemindMe, un promemoria e non un contenuto
https://np.reddit.com/message/compose?to=RemindMeBot&subject=Reminder&message=%5Bhttps%3A%2F%2Fwww.reddit.com%2Fr%2FRemindMeBot%2Fcomments%2Fe0tgoj%2Fcakeday_info_post%2Ffgod7js%2F%5D%0A%0ARemindMe%21+2020-04-18+02%3A23%3A32+UTC;scartato;non è una fonte: collegamento del bot RemindMe, un promemoria e non un contenuto
https://np.reddit.com/message/compose?to=RemindMeBot&subject=Reminder&message=%5Bhttps%3A%2F%2Fwww.reddit.com%2Fr%2FRemindMeBot%2Fcomments%2Fe0tgoj%2Fcakeday_info_post%2Ffh80j86%2F%5D%0A%0ARemindMe%21+2020-03-22+08%3A02%3A39+UTC;scartato;non è una fonte: collegamento del bot RemindMe, un promemoria e non un contenuto
https://np.reddit.com/message/compose?to=RemindMeBot&subject=Reminder&message=%5Bhttps%3A%2F%2Fwww.reddit.com%2Fr%2FRemindMeBot%2Fcomments%2Fe0tgoj%2Fcakeday_info_post%2Ffhcihs0%2F%5D%0A%0ARemindMe%21+2020-11-30+22%3A54%3A52+UTC;scartato;non è una fonte: collegamento del bot RemindMe, un promemoria e non un contenuto
https://np.reddit.com/message/compose?to=RemindMeBot&subject=Reminder&message=%5Bhttps%3A%2F%2Fwww.reddit.com%2Fr%2FRemindMeBot%2Fcomments%2Fe0tgoj%2Fcakeday_info_post%2Ffhhcdyv%2F%5D%0A%0ARemindMe%21+2021-01-15+23%3A51%3A30+UTC;scartato;non è una fonte: collegamento del bot RemindMe, un promemoria e non un contenuto
https://np.reddit.com/message/compose?to=RemindMeBot&subject=Reminder&message=%5Bhttps%3A%2F%2Fwww.reddit.com%2Fr%2FRemindMeBot%2Fcomments%2Fe0tgoj%2Fcakeday_info_post%2Ffhwmgr6%2F%5D%0A%0ARemindMe%21+2020-05-28+13%3A33%3A46+UTC;scartato;non è una fonte: collegamento del bot RemindMe, un promemoria e non un contenuto
https://np.reddit.com/message/compose?to=RemindMeBot&subject=Reminder&message=%5Bhttps%3A%2F%2Fwww.reddit.com%2Fr%2FRemindMeBot%2Fcomments%2Fe0tgoj%2Fcakeday_info_post%2Ffi3grqr%2F%5D%0A%0ARemindMe%21+2020-09-13+05%3A30%3A48+UTC;scartato;non è una fonte: collegamento del bot RemindMe, un promemoria e non un contenuto
https://np.reddit.com/message/compose?to=RemindMeBot&subject=Reminder&message=%5Bhttps%3A%2F%2Fwww.reddit.com%2Fr%2FRemindMeBot%2Fcomments%2Fe0tgoj%2Fcakeday_info_post%2Ffi6urio%2F%5D%0A%0ARemindMe%21+2020-04-28+21%3A49%3A35+UTC;scartato;non è una fonte: collegamento del bot RemindMe, un promemoria e non un contenuto
https://np.reddit.com/message/compose?to=RemindMeBot&subject=Reminder&message=%5Bhttps%3A%2F%2Fwww.reddit.com%2Fr%2FRemindMeBot%2Fcomments%2Fe0tgoj%2Fcakeday_info_post%2Ffi95hvy%2F%5D%0A%0ARemindMe%21+2021-01-27+08%3A14%3A05+UTC;scartato;non è una fonte: collegamento del bot RemindMe, un promemoria e non un contenuto
https://np.reddit.com/message/compose?to=RemindMeBot&subject=Reminder&message=%5Bhttps%3A%2F%2Fwww.reddit.com%2Fr%2FRemindMeBot%2Fcomments%2Fe0tgoj%2Fcakeday_info_post%2Ffiblahf%2F%5D%0A%0ARemindMe%21+2021-01-03+06%3A15%3A26+UTC;scartato;non è una fonte: collegamento del bot RemindMe, un promemoria e non un contenuto
https://np.reddit.com/message/compose?to=RemindMeBot&subject=Reminder&message=%5Bhttps%3A%2F%2Fwww.reddit.com%2Fr%2FRemindMeBot%2Fcomments%2Fe0tgoj%2Fcakeday_info_post%2Fficu0sw%2F%5D%0A%0ARemindMe%21+2021-01-05+13%3A34%3A48+UTC;scartato;non è una fonte: collegamento del bot RemindMe, un promemoria e non un contenuto
https://np.reddit.com/message/compose?to=RemindMeBot&subject=Reminder&message=%5Bhttps%3A%2F%2Fwww.reddit.com%2Fr%2FRemindMeBot%2Fcomments%2Fe0tgoj%2Fcakeday_info_post%2Ffiiy3uc%2F%5D%0A%0ARemindMe%21+2020-12-20+02%3A33%3A17+UTC;scartato;non è una fonte: collegamento del bot RemindMe, un promemoria e non un contenuto
https://np.reddit.com/message/compose?to=RemindMeBot&subject=Reminder&message=%5Bhttps%3A%2F%2Fwww.reddit.com%2Fr%2FRemindMeBot%2Fcomments%2Fe0tgoj%2Fcakeday_info_post%2Ffikay3x%2F%5D%0A%0ARemindMe%21+2020-10-28+02%3A52%3A32+UTC;scartato;non è una fonte: collegamento del bot RemindMe, un promemoria e non un contenuto
https://np.reddit.com/message/compose?to=RemindMeBot&subject=Reminder&message=%5Bhttps%3A%2F%2Fwww.reddit.com%2Fr%2FRemindMeBot%2Fcomments%2Fe0tgoj%2Fcakeday_info_post%2Ffixwcex%2F%5D%0A%0ARemindMe%21+2020-06-16+15%3A35%3A50+UTC;scartato;non è una fonte: collegamento del bot RemindMe, un promemoria e non un contenuto
https://np.reddit.com/message/compose?to=RemindMeBot&subject=Reminder&message=%5Bhttps%3A%2F%2Fwww.reddit.com%2Fr%2FRemindMeBot%2Fcomments%2Fe0tgoj%2Fcakeday_info_post%2Ffizpfqr%2F%5D%0A%0ARemindMe%21+2020-04-24+15%3A37%3A03+UTC;scartato;non è una fonte: collegamento del bot RemindMe, un promemoria e non un contenuto
https://np.reddit.com/message/compose?to=RemindMeBot&subject=Reminder&message=%5Bhttps%3A%2F%2Fwww.reddit.com%2Fr%2FRemindMeBot%2Fcomments%2Fe0tgoj%2Fcakeday_info_post%2Ffj1pxun%2F%5D%0A%0ARemindMe%21+2020-10-12+22%3A41%3A51+UTC;scartato;non è una fonte: collegamento del bot RemindMe, un promemoria e non un contenuto
https://np.reddit.com/message/compose?to=RemindMeBot&subject=Reminder&message=%5Bhttps%3A%2F%2Fwww.reddit.com%2Fr%2FRemindMeBot%2Fcomments%2Fe0tgoj%2Fcakeday_info_post%2Ffj3jajp%2F%5D%0A%0ARemindMe%21+2020-09-06+10%3A41%3A06+UTC;scartato;non è una fonte: collegamento del bot RemindMe, un promemoria e non un contenuto
https://np.reddit.com/message/compose?to=RemindMeBot&subject=Reminder&message=%5Bhttps%3A%2F%2Fwww.reddit.com%2Fr%2FRemindMeBot%2Fcomments%2Fe0tgoj%2Fcakeday_info_post%2Ffj4x9jz%2F%5D%0A%0ARemindMe%21+2021-01-13+20%3A11%3A19+UTC;scartato;non è una fonte: collegamento del bot RemindMe, un promemoria e non un contenuto
https://np.reddit.com/message/compose?to=RemindMeBot&subject=Reminder&message=%5Bhttps%3A%2F%2Fwww.reddit.com%2Fr%2FRemindMeBot%2Fcomments%2Fe0tgoj%2Fcakeday_info_post%2Ffj502op%2F%5D%0A%0ARemindMe%21+2020-04-27+13%3A31%3A36+UTC;scartato;non è una fonte: collegamento del bot RemindMe, un promemoria e non un contenuto
https://np.reddit.com/message/compose?to=RemindMeBot&subject=Reminder&message=%5Bhttps%3A%2F%2Fwww.reddit.com%2Fr%2FRemindMeBot%2Fcomments%2Fe0tgoj%2Fcakeday_info_post%2Ffj5hsjt%2F%5D%0A%0ARemindMe%21+2020-12-20+19%3A13%3A37+UTC;scartato;non è una fonte: collegamento del bot RemindMe, un promemoria e non un contenuto
https://np.reddit.com/message/compose?to=RemindMeBot&subject=Reminder&message=%5Bhttps%3A%2F%2Fwww.reddit.com%2Fr%2FRemindMeBot%2Fcomments%2Fe0tgoj%2Fcakeday_info_post%2Ffj6crma%2F%5D%0A%0ARemindMe%21+2020-10-22+20%3A13%3A29+UTC;scartato;non è una fonte: collegamento del bot RemindMe, un promemoria e non un contenuto
https://np.reddit.com/message/compose?to=RemindMeBot&subject=Reminder&message=%5Bhttps%3A%2F%2Fwww.reddit.com%2Fr%2FRemindMeBot%2Fcomments%2Fe0tgoj%2Fcakeday_info_post%2Ffj9aae5%2F%5D%0A%0ARemindMe%21+2021-01-04+19%3A49%3A45+UTC;scartato;non è una fonte: collegamento del bot RemindMe, un promemoria e non un contenuto
https://np.reddit.com/message/compose?to=RemindMeBot&subject=Reminder&message=%5Bhttps%3A%2F%2Fwww.reddit.com%2Fr%2FRemindMeBot%2Fcomments%2Fe0tgoj%2Fcakeday_info_post%2Ffjp4i8c%2F%5D%0A%0ARemindMe%21+2020-09-04+05%3A08%3A28+UTC;scartato;non è una fonte: collegamento del bot RemindMe, un promemoria e non un contenuto
https://np.reddit.com/message/compose?to=RemindMeBot&subject=Reminder&message=%5Bhttps%3A%2F%2Fwww.reddit.com%2Fr%2FRemindMeBot%2Fcomments%2Fe0tgoj%2Fcakeday_info_post%2Ffjx75s8%2F%5D%0A%0ARemindMe%21+2020-12-05+20%3A52%3A18+UTC;scartato;non è una fonte: collegamento del bot RemindMe, un promemoria e non un contenuto
https://np.reddit.com/message/compose?to=RemindMeBot&subject=Reminder&message=%5Bhttps%3A%2F%2Fwww.reddit.com%2Fr%2FRemindMeBot%2Fcomments%2Fe0tgoj%2Fcakeday_info_post%2Ffjy0pqk%2F%5D%0A%0ARemindMe%21+2021-01-02+18%3A48%3A48+UTC;scartato;non è una fonte: collegamento del bot RemindMe, un promemoria e non un contenuto
https://np.reddit.com/message/compose?to=RemindMeBot&subject=Reminder&message=%5Bhttps%3A%2F%2Fwww.reddit.com%2Fr%2FRemindMeBot%2Fcomments%2Fe0tgoj%2Fcakeday_info_post%2Ffjznkvk%2F%5D%0A%0ARemindMe%21+2020-08-06+02%3A31%3A54+UTC;scartato;non è una fonte: collegamento del bot RemindMe, un promemoria e non un contenuto
https://np.reddit.com/message/compose?to=RemindMeBot&subject=Reminder&message=%5Bhttps%3A%2F%2Fwww.reddit.com%2Fr%2FRemindMeBot%2Fcomments%2Fe0tgoj%2Fcakeday_info_post%2Ffjzykzr%2F%5D%0A%0ARemindMe%21+2020-04-12+03%3A46%3A06+UTC;scartato;non è una fonte: collegamento del bot RemindMe, un promemoria e non un contenuto
https://np.reddit.com/message/compose?to=RemindMeBot&subject=Reminder&message=%5Bhttps%3A%2F%2Fwww.reddit.com%2Fr%2FRemindMeBot%2Fcomments%2Fe0tgoj%2Fcakeday_info_post%2Ffk4uhxf%2F%5D%0A%0ARemindMe%21+2021-01-23+22%3A10%3A07+UTC;scartato;non è una fonte: collegamento del bot RemindMe, un promemoria e non un contenuto
https://np.reddit.com/message/compose?to=RemindMeBot&subject=Reminder&message=%5Bhttps%3A%2F%2Fwww.reddit.com%2Fr%2FRemindMeBot%2Fcomments%2Fe0tgoj%2Fcakeday_info_post%2Ffk4uqyk%2F%5D%0A%0ARemindMe%21+2021-03-09+13%3A52%3A11+UTC;scartato;non è una fonte: collegamento del bot RemindMe, un promemoria e non un contenuto
https://np.reddit.com/message/compose?to=RemindMeBot&subject=Reminder&message=%5Bhttps%3A%2F%2Fwww.reddit.com%2Fr%2FRemindMeBot%2Fcomments%2Fe0tgoj%2Fcakeday_info_post%2Ffk8j8mg%2F%5D%0A%0ARemindMe%21+2020-04-03+16%3A13%3A56+UTC;scartato;non è una fonte: collegamento del bot RemindMe, un promemoria e non un contenuto
https://np.reddit.com/message/compose?to=RemindMeBot&subject=Reminder&message=%5Bhttps%3A%2F%2Fwww.reddit.com%2Fr%2FRemindMeBot%2Fcomments%2Fe0tgoj%2Fcakeday_info_post%2Ffkzjo5i%2F%5D%0A%0ARemindMe%21+2020-11-09+21%3A46%3A41+UTC;scartato;non è una fonte: collegamento del bot RemindMe, un promemoria e non un contenuto
https://np.reddit.com/message/compose?to=RemindMeBot&subject=Reminder&message=%5Bhttps%3A%2F%2Fwww.reddit.com%2Fr%2FRemindMeBot%2Fcomments%2Fe0tgoj%2Fcakeday_info_post%2Ffl6slhk%2F%5D%0A%0ARemindMe%21+2020-07-25+21%3A39%3A27+UTC;scartato;non è una fonte: collegamento del bot RemindMe, un promemoria e non un contenuto
https://np.reddit.com/message/compose?to=RemindMeBot&subject=Reminder&message=%5Bhttps%3A%2F%2Fwww.reddit.com%2Fr%2FRemindMeBot%2Fcomments%2Fe0tgoj%2Fcakeday_info_post%2Ffl7ppkv%2F%5D%0A%0ARemindMe%21+2020-06-01+07%3A19%3A16+UTC;scartato;non è una fonte: collegamento del bot RemindMe, un promemoria e non un contenuto
https://np.reddit.com/message/compose?to=RemindMeBot&subject=Reminder&message=%5Bhttps%3A%2F%2Fwww.reddit.com%2Fr%2FRemindMeBot%2Fcomments%2Fe0tgoj%2Fcakeday_info_post%2Fflamgjk%2F%5D%0A%0ARemindMe%21+2020-04-28+15%3A29%3A25+UTC;scartato;non è una fonte: collegamento del bot RemindMe, un promemoria e non un contenuto
https://np.reddit.com/message/compose?to=RemindMeBot&subject=Reminder&message=%5Bhttps%3A%2F%2Fwww.reddit.com%2Fr%2FRemindMeBot%2Fcomments%2Fe0tgoj%2Fcakeday_info_post%2Fflhcdtv%2F%5D%0A%0ARemindMe%21+2020-10-29+14%3A31%3A09+UTC;scartato;non è una fonte: collegamento del bot RemindMe, un promemoria e non un contenuto
https://np.reddit.com/message/compose?to=RemindMeBot&subject=Reminder&message=%5Bhttps%3A%2F%2Fwww.reddit.com%2Fr%2FRemindMeBot%2Fcomments%2Fe0tgoj%2Fcakeday_info_post%2Ffli48ao%2F%5D%0A%0ARemindMe%21+2020-10-26+17%3A34%3A07+UTC;scartato;non è una fonte: collegamento del bot RemindMe, un promemoria e non un contenuto
https://np.reddit.com/message/compose?to=RemindMeBot&subject=Reminder&message=%5Bhttps%3A%2F%2Fwww.reddit.com%2Fr%2FRemindMeBot%2Fcomments%2Fe0tgoj%2Fcakeday_info_post%2Fflxhzb4%2F%5D%0A%0ARemindMe%21+2021-02-20+02%3A12%3A10+UTC;scartato;non è una fonte: collegamento del bot RemindMe, un promemoria e non un contenuto
https://np.reddit.com/message/compose?to=RemindMeBot&subject=Reminder&message=%5Bhttps%3A%2F%2Fwww.reddit.com%2Fr%2FRemindMeBot%2Fcomments%2Fe0tgoj%2Fcakeday_info_post%2Ffly3ak0%2F%5D%0A%0ARemindMe%21+2020-07-01+19%3A30%3A38+UTC;scartato;non è una fonte: collegamento del bot RemindMe, un promemoria e non un contenuto
https://np.reddit.com/message/compose?to=RemindMeBot&subject=Reminder&message=%5Bhttps%3A%2F%2Fwww.reddit.com%2Fr%2FRemindMeBot%2Fcomments%2Fe0tgoj%2Fcakeday_info_post%2Ffmc7t56%2F%5D%0A%0ARemindMe%21+2020-09-22+12%3A40%3A44+UTC;scartato;non è una fonte: collegamento del bot RemindMe, un promemoria e non un contenuto
https://np.reddit.com/message/compose?to=RemindMeBot&subject=Reminder&message=%5Bhttps%3A%2F%2Fwww.reddit.com%2Fr%2FRemindMeBot%2Fcomments%2Fe0tgoj%2Fcakeday_info_post%2Ffmeuo68%2F%5D%0A%0ARemindMe%21+2021-03-05+15%3A52%3A56+UTC;scartato;non è una fonte: collegamento del bot RemindMe, un promemoria e non un contenuto
https://np.reddit.com/message/compose?to=RemindMeBot&subject=Reminder&message=%5Bhttps%3A%2F%2Fwww.reddit.com%2Fr%2FRemindMeBot%2Fcomments%2Fe0tgoj%2Fcakeday_info_post%2Ffmk3cus%2F%5D%0A%0ARemindMe%21+2020-09-02+20%3A21%3A43+UTC;scartato;non è una fonte: collegamento del bot RemindMe, un promemoria e non un contenuto
https://np.reddit.com/message/compose?to=RemindMeBot&subject=Reminder&message=%5Bhttps%3A%2F%2Fwww.reddit.com%2Fr%2FRemindMeBot%2Fcomments%2Fe0tgoj%2Fcakeday_info_post%2Ffmk97xi%2F%5D%0A%0ARemindMe%21+2020-07-08+17%3A00%3A23+UTC;scartato;non è una fonte: collegamento del bot RemindMe, un promemoria e non un contenuto
https://np.reddit.com/message/compose?to=RemindMeBot&subject=Reminder&message=%5Bhttps%3A%2F%2Fwww.reddit.com%2Fr%2FRemindMeBot%2Fcomments%2Fe0tgoj%2Fcakeday_info_post%2Ffml5s34%2F%5D%0A%0ARemindMe%21+2020-12-24+14%3A48%3A13+UTC;scartato;non è una fonte: collegamento del bot RemindMe, un promemoria e non un contenuto
https://np.reddit.com/message/compose?to=RemindMeBot&subject=Reminder&message=%5Bhttps%3A%2F%2Fwww.reddit.com%2Fr%2FRemindMeBot%2Fcomments%2Fe0tgoj%2Fcakeday_info_post%2Ffmod8pw%2F%5D%0A%0ARemindMe%21+2020-11-06+16%3A11%3A55+UTC;scartato;non è una fonte: collegamento del bot RemindMe, un promemoria e non un contenuto
https://np.reddit.com/message/compose?to=RemindMeBot&subject=Reminder&message=%5Bhttps%3A%2F%2Fwww.reddit.com%2Fr%2FRemindMeBot%2Fcomments%2Fe0tgoj%2Fcakeday_info_post%2Ffmqluo8%2F%5D%0A%0ARemindMe%21+2021-03-26+23%3A34%3A27+UTC;scartato;non è una fonte: collegamento del bot RemindMe, un promemoria e non un contenuto
https://np.reddit.com/message/compose?to=RemindMeBot&subject=Reminder&message=%5Bhttps%3A%2F%2Fwww.reddit.com%2Fr%2FRemindMeBot%2Fcomments%2Fe0tgoj%2Fcakeday_info_post%2Ffmt1cni%2F%5D%0A%0ARemindMe%21+2020-04-29+14%3A06%3A55+UTC;scartato;non è una fonte: collegamento del bot RemindMe, un promemoria e non un contenuto
https://np.reddit.com/message/compose?to=RemindMeBot&subject=Reminder&message=%5Bhttps%3A%2F%2Fwww.reddit.com%2Fr%2FRemindMeBot%2Fcomments%2Fe0tgoj%2Fcakeday_info_post%2Ffmviulo%2F%5D%0A%0ARemindMe%21+2021-02-04+11%3A41%3A41+UTC;scartato;non è una fonte: collegamento del bot RemindMe, un promemoria e non un contenuto
https://np.reddit.com/message/compose?to=RemindMeBot&subject=Reminder&message=%5Bhttps%3A%2F%2Fwww.reddit.com%2Fr%2FRemindMeBot%2Fcomments%2Fe0tgoj%2Fcakeday_info_post%2Ffn1ljwt%2F%5D%0A%0ARemindMe%21+2020-05-30+02%3A01%3A27+UTC;scartato;non è una fonte: collegamento del bot RemindMe, un promemoria e non un contenuto
https://np.reddit.com/message/compose?to=RemindMeBot&subject=Reminder&message=%5Bhttps%3A%2F%2Fwww.reddit.com%2Fr%2FRemindMeBot%2Fcomments%2Fe0tgoj%2Fcakeday_info_post%2Ffn2frgu%2F%5D%0A%0ARemindMe%21+2020-10-07+01%3A07%3A44+UTC;scartato;non è una fonte: collegamento del bot RemindMe, un promemoria e non un contenuto
https://np.reddit.com/message/compose?to=RemindMeBot&subject=Reminder&message=%5Bhttps%3A%2F%2Fwww.reddit.com%2Fr%2FRemindMeBot%2Fcomments%2Fe0tgoj%2Fcakeday_info_post%2Ffn5ntad%2F%5D%0A%0ARemindMe%21+2020-10-17+09%3A53%3A43+UTC;scartato;non è una fonte: collegamento del bot RemindMe, un promemoria e non un contenuto
https://np.reddit.com/message/compose?to=RemindMeBot&subject=Reminder&message=%5Bhttps%3A%2F%2Fwww.reddit.com%2Fr%2FRemindMeBot%2Fcomments%2Fe0tgoj%2Fcakeday_info_post%2Ffn66826%2F%5D%0A%0ARemindMe%21+2020-08-26+00%3A58%3A18+UTC;scartato;non è una fonte: collegamento del bot RemindMe, un promemoria e non un contenuto
https://np.reddit.com/message/compose?to=RemindMeBot&subject=Reminder&message=%5Bhttps%3A%2F%2Fwww.reddit.com%2Fr%2FRemindMeBot%2Fcomments%2Fe0tgoj%2Fcakeday_info_post%2Ffn9dyjh%2F%5D%0A%0ARemindMe%21+2020-04-29+20%3A07%3A25+UTC;scartato;non è una fonte: collegamento del bot RemindMe, un promemoria e non un contenuto
https://np.reddit.com/message/compose?to=RemindMeBot&subject=Reminder&message=%5Bhttps%3A%2F%2Fwww.reddit.com%2Fr%2FRemindMeBot%2Fcomments%2Fe0tgoj%2Fcakeday_info_post%2Ffnkyn10%2F%5D%0A%0ARemindMe%21+2020-11-27+17%3A58%3A12+UTC;scartato;non è una fonte: collegamento del bot RemindMe, un promemoria e non un contenuto
https://np.reddit.com/message/compose?to=RemindMeBot&subject=Reminder&message=%5Bhttps%3A%2F%2Fwww.reddit.com%2Fr%2FRemindMeBot%2Fcomments%2Fe0tgoj%2Fcakeday_info_post%2Ffns4tt5%2F%5D%0A%0ARemindMe%21+2021-04-06+01%3A47%3A17+UTC;scartato;non è una fonte: collegamento del bot RemindMe, un promemoria e non un contenuto
https://np.reddit.com/message/compose?to=RemindMeBot&subject=Reminder&message=%5Bhttps%3A%2F%2Fwww.reddit.com%2Fr%2FRemindMeBot%2Fcomments%2Fe0tgoj%2Fcakeday_info_post%2Ffnteq8a%2F%5D%0A%0ARemindMe%21+2020-12-30+17%3A16%3A03+UTC;scartato;non è una fonte: collegamento del bot RemindMe, un promemoria e non un contenuto
https://np.reddit.com/message/compose?to=RemindMeBot&subject=Reminder&message=%5Bhttps%3A%2F%2Fwww.reddit.com%2Fr%2FRemindMeBot%2Fcomments%2Fe0tgoj%2Fcakeday_info_post%2Ffnx0nn3%2F%5D%0A%0ARemindMe%21+2021-03-07+23%3A33%3A26+UTC;scartato;non è una fonte: collegamento del bot RemindMe, un promemoria e non un contenuto
https://np.reddit.com/message/compose?to=RemindMeBot&subject=Reminder&message=%5Bhttps%3A%2F%2Fwww.reddit.com%2Fr%2FRemindMeBot%2Fcomments%2Fe0tgoj%2Fcakeday_info_post%2Ffnyu6fs%2F%5D%0A%0ARemindMe%21+2021-02-24+06%3A12%3A45+UTC;scartato;non è una fonte: collegamento del bot RemindMe, un promemoria e non un contenuto
https://np.reddit.com/message/compose?to=RemindMeBot&subject=Reminder&message=%5Bhttps%3A%2F%2Fwww.reddit.com%2Fr%2FRemindMeBot%2Fcomments%2Fe0tgoj%2Fcakeday_info_post%2Ffo2n6jy%2F%5D%0A%0ARemindMe%21+2021-01-21+21%3A05%3A42+UTC;scartato;non è una fonte: collegamento del bot RemindMe, un promemoria e non un contenuto
https://np.reddit.com/message/compose?to=RemindMeBot&subject=Reminder&message=%5Bhttps%3A%2F%2Fwww.reddit.com%2Fr%2FRemindMeBot%2Fcomments%2Fe0tgoj%2Fcakeday_info_post%2Ffohol3n%2F%5D%0A%0ARemindMe%21+2020-09-12+07%3A49%3A45+UTC;scartato;non è una fonte: collegamento del bot RemindMe, un promemoria e non un contenuto
https://np.reddit.com/message/compose?to=RemindMeBot&subject=Reminder&message=%5Bhttps%3A%2F%2Fwww.reddit.com%2Fr%2FRemindMeBot%2Fcomments%2Fe0tgoj%2Fcakeday_info_post%2Ffop99rd%2F%5D%0A%0ARemindMe%21+2020-05-31+15%3A06%3A01+UTC;scartato;non è una fonte: collegamento del bot RemindMe, un promemoria e non un contenuto
https://np.reddit.com/message/compose?to=RemindMeBot&subject=Reminder&message=%5Bhttps%3A%2F%2Fwww.reddit.com%2Fr%2FRemindMeBot%2Fcomments%2Fe0tgoj%2Fcakeday_info_post%2Ffopsrib%2F%5D%0A%0ARemindMe%21+2020-05-31+21%3A52%3A20+UTC;scartato;non è una fonte: collegamento del bot RemindMe, un promemoria e non un contenuto
https://np.reddit.com/message/compose?to=RemindMeBot&subject=Reminder&message=%5Bhttps%3A%2F%2Fwww.reddit.com%2Fr%2FRemindMeBot%2Fcomments%2Fe0tgoj%2Fcakeday_info_post%2Ffoycu2z%2F%5D%0A%0ARemindMe%21+2020-10-07+05%3A55%3A46+UTC;scartato;non è una fonte: collegamento del bot RemindMe, un promemoria e non un contenuto
https://np.reddit.com/message/compose?to=RemindMeBot&subject=Reminder&message=%5Bhttps%3A%2F%2Fwww.reddit.com%2Fr%2FRemindMeBot%2Fcomments%2Fe0tgoj%2Fcakeday_info_post%2Ffozjo4y%2F%5D%0A%0ARemindMe%21+2020-07-15+21%3A08%3A29+UTC;scartato;non è una fonte: collegamento del bot RemindMe, un promemoria e non un contenuto
https://np.reddit.com/message/compose?to=RemindMeBot&subject=Reminder&message=%5Bhttps%3A%2F%2Fwww.reddit.com%2Fr%2FRemindMeBot%2Fcomments%2Fe0tgoj%2Fcakeday_info_post%2Ffp9i2xq%2F%5D%0A%0ARemindMe%21+2020-09-15+20%3A25%3A37+UTC;scartato;non è una fonte: collegamento del bot RemindMe, un promemoria e non un contenuto
https://np.reddit.com/message/compose?to=RemindMeBot&subject=Reminder&message=%5Bhttps%3A%2F%2Fwww.reddit.com%2Fr%2FRemindMeBot%2Fcomments%2Fe0tgoj%2Fcakeday_info_post%2Ffpjixgc%2F%5D%0A%0ARemindMe%21+2021-03-10+07%3A42%3A30+UTC;scartato;non è una fonte: collegamento del bot RemindMe, un promemoria e non un contenuto
https://np.reddit.com/message/compose?to=RemindMeBot&subject=Reminder&message=%5Bhttps%3A%2F%2Fwww.reddit.com%2Fr%2FRemindMeBot%2Fcomments%2Fe0tgoj%2Fcakeday_info_post%2Ffpjlr45%2F%5D%0A%0ARemindMe%21+2020-12-30+16%3A57%3A51+UTC;scartato;non è una fonte: collegamento del bot RemindMe, un promemoria e non un contenuto
https://np.reddit.com/message/compose?to=RemindMeBot&subject=Reminder&message=%5Bhttps%3A%2F%2Fwww.reddit.com%2Fr%2FRemindMeBot%2Fcomments%2Fe0tgoj%2Fcakeday_info_post%2Ffpq0765%2F%5D%0A%0ARemindMe%21+2020-09-13+03%3A51%3A43+UTC;scartato;non è una fonte: collegamento del bot RemindMe, un promemoria e non un contenuto
https://np.reddit.com/message/compose?to=RemindMeBot&subject=Reminder&message=%5Bhttps%3A%2F%2Fwww.reddit.com%2Fr%2FRemindMeBot%2Fcomments%2Fe0tgoj%2Fcakeday_info_post%2Ffpuawi3%2F%5D%0A%0ARemindMe%21+2021-03-16+04%3A17%3A24+UTC;scartato;non è una fonte: collegamento del bot RemindMe, un promemoria e non un contenuto
https://np.reddit.com/message/compose?to=RemindMeBot&subject=Reminder&message=%5Bhttps%3A%2F%2Fwww.reddit.com%2Fr%2FRemindMeBot%2Fcomments%2Fe0tgoj%2Fcakeday_info_post%2Ffpvdj59%2F%5D%0A%0ARemindMe%21+2020-12-16+13%3A29%3A34+UTC;scartato;non è una fonte: collegamento del bot RemindMe, un promemoria e non un contenuto
https://np.reddit.com/message/compose?to=RemindMeBot&subject=Reminder&message=%5Bhttps%3A%2F%2Fwww.reddit.com%2Fr%2FRemindMeBot%2Fcomments%2Fe0tgoj%2Fcakeday_info_post%2Ffpwqbcc%2F%5D%0A%0ARemindMe%21+2020-07-07+18%3A50%3A51+UTC;scartato;non è una fonte: collegamento del bot RemindMe, un promemoria e non un contenuto
https://np.reddit.com/message/compose?to=RemindMeBot&subject=Reminder&message=%5Bhttps%3A%2F%2Fwww.reddit.com%2Fr%2FRemindMeBot%2Fcomments%2Fe0tgoj%2Fcakeday_info_post%2Ffpx462v%2F%5D%0A%0ARemindMe%21+2020-12-02+15%3A06%3A10+UTC;scartato;non è una fonte: collegamento del bot RemindMe, un promemoria e non un contenuto
https://np.reddit.com/message/compose?to=RemindMeBot&subject=Reminder&message=%5Bhttps%3A%2F%2Fwww.reddit.com%2Fr%2FRemindMeBot%2Fcomments%2Fe0tgoj%2Fcakeday_info_post%2Ffq0ii8c%2F%5D%0A%0ARemindMe%21+2021-03-25+23%3A44%3A47+UTC;scartato;non è una fonte: collegamento del bot RemindMe, un promemoria e non un contenuto
https://np.reddit.com/message/compose?to=RemindMeBot&subject=Reminder&message=%5Bhttps%3A%2F%2Fwww.reddit.com%2Fr%2FRemindMeBot%2Fcomments%2Fe0tgoj%2Fcakeday_info_post%2Ffq77lva%2F%5D%0A%0ARemindMe%21+2021-04-14+04%3A34%3A19+UTC;scartato;non è una fonte: collegamento del bot RemindMe, un promemoria e non un contenuto
https://np.reddit.com/message/compose?to=RemindMeBot&subject=Reminder&message=%5Bhttps%3A%2F%2Fwww.reddit.com%2Fr%2FRemindMeBot%2Fcomments%2Fe0tgoj%2Fcakeday_info_post%2Ffqb0duu%2F%5D%0A%0ARemindMe%21+2021-02-12+03%3A39%3A37+UTC;scartato;non è una fonte: collegamento del bot RemindMe, un promemoria e non un contenuto
https://np.reddit.com/message/compose?to=RemindMeBot&subject=Reminder&message=%5Bhttps%3A%2F%2Fwww.reddit.com%2Fr%2FRemindMeBot%2Fcomments%2Fe0tgoj%2Fcakeday_info_post%2Ffqiclhk%2F%5D%0A%0ARemindMe%21+2020-11-23+18%3A59%3A56+UTC;scartato;non è una fonte: collegamento del bot RemindMe, un promemoria e non un contenuto
https://np.reddit.com/message/compose?to=RemindMeBot&subject=Reminder&message=%5Bhttps%3A%2F%2Fwww.reddit.com%2Fr%2FRemindMeBot%2Fcomments%2Fe0tgoj%2Fcakeday_info_post%2Ffqlticr%2F%5D%0A%0ARemindMe%21+2020-06-17+20%3A10%3A45+UTC;scartato;non è una fonte: collegamento del bot RemindMe, un promemoria e non un contenuto
https://np.reddit.com/message/compose?to=RemindMeBot&subject=Reminder&message=%5Bhttps%3A%2F%2Fwww.reddit.com%2Fr%2FRemindMeBot%2Fcomments%2Fe0tgoj%2Fcakeday_info_post%2Ffqm44hc%2F%5D%0A%0ARemindMe%21+2020-12-30+09%3A32%3A19+UTC;scartato;non è una fonte: collegamento del bot RemindMe, un promemoria e non un contenuto
https://np.reddit.com/message/compose?to=RemindMeBot&subject=Reminder&message=%5Bhttps%3A%2F%2Fwww.reddit.com%2Fr%2FRemindMeBot%2Fcomments%2Fe0tgoj%2Fcakeday_info_post%2Ffqmq69l%2F%5D%0A%0ARemindMe%21+2021-04-14+08%3A33%3A44+UTC;scartato;non è una fonte: collegamento del bot RemindMe, un promemoria e non un contenuto
https://np.reddit.com/message/compose?to=RemindMeBot&subject=Reminder&message=%5Bhttps%3A%2F%2Fwww.reddit.com%2Fr%2FRemindMeBot%2Fcomments%2Fe0tgoj%2Fcakeday_info_post%2Ffqs5w0b%2F%5D%0A%0ARemindMe%21+2020-08-13+22%3A50%3A33+UTC;scartato;non è una fonte: collegamento del bot RemindMe, un promemoria e non un contenuto
https://np.reddit.com/message/compose?to=RemindMeBot&subject=Reminder&message=%5Bhttps%3A%2F%2Fwww.reddit.com%2Fr%2FRemindMeBot%2Fcomments%2Fe0tgoj%2Fcakeday_info_post%2Ffqt5kfr%2F%5D%0A%0ARemindMe%21+2020-07-11+11%3A05%3A13+UTC;scartato;non è una fonte: collegamento del bot RemindMe, un promemoria e non un contenuto
https://np.reddit.com/message/compose?to=RemindMeBot&subject=Reminder&message=%5Bhttps%3A%2F%2Fwww.reddit.com%2Fr%2FRemindMeBot%2Fcomments%2Fe0tgoj%2Fcakeday_info_post%2Ffr4kb7v%2F%5D%0A%0ARemindMe%21+2020-06-02+19%3A57%3A19+UTC;scartato;non è una fonte: collegamento del bot RemindMe, un promemoria e non un contenuto
https://np.reddit.com/message/compose?to=RemindMeBot&subject=Reminder&message=%5Bhttps%3A%2F%2Fwww.reddit.com%2Fr%2FRemindMeBot%2Fcomments%2Fe0tgoj%2Fcakeday_info_post%2Ffr60shs%2F%5D%0A%0ARemindMe%21+2020-12-28+02%3A00%3A21+UTC;scartato;non è una fonte: collegamento del bot RemindMe, un promemoria e non un contenuto
https://np.reddit.com/message/compose?to=RemindMeBot&subject=Reminder&message=%5Bhttps%3A%2F%2Fwww.reddit.com%2Fr%2FRemindMeBot%2Fcomments%2Fe1asdu%2Ftimezone_and_clock_info_post%2Ffb5mpjb%2F%5D%0A%0ARemindMe%21+2020-12-15+21%3A07%3A40+UTC;scartato;non è una fonte: collegamento del bot RemindMe, un promemoria e non un contenuto
https://np.reddit.com/message/compose?to=RemindMeBot&subject=Remove+All&message=RemoveAll%21;scartato;non è una fonte: collegamento del bot RemindMe, un promemoria e non un contenuto
https://np.reddit.com/message/compose?to=Watchful1&subject=RemindMeBot+Feedback;scartato;non è una fonte: collegamento del bot RemindMe, un promemoria e non un contenuto
https://www.partitionwizard.com/;letto;documentazione tecnica o pagina generica fuori tema, conservata senza estrazione
https://pastebin.com/tBY6RHh4;letto;estratto senza affermazioni pertinenti
https://pastelink.net/;letto;estratto senza affermazioni pertinenti
https://pokehacks.dabomstew.com/randomizer;letto;estratto senza affermazioni pertinenti
https://preview.redd.it/35xz6ajmwxyb1.png?width=400&format=png&auto=webp&s=6f8306bcda74279a6d69c2f562ec5c9bb829bbee;letto con OCR;estratto senza affermazioni pertinenti
https://preview.redd.it/3n8g4oze6lje1.png?width=1919&format=png&auto=webp&s=ef052c896a65ef8eec9cb5a2939a235f8c1a2235;letto con OCR;estratto senza affermazioni pertinenti
https://preview.redd.it/3ppdmszauxyb1.png?width=400&format=png&auto=webp&s=3933360312f98375f9cfb0dbd2292a2dc9b8268e;letto con OCR;estratto senza affermazioni pertinenti
https://preview.redd.it/4eavjpdptxyb1.png?width=485&format=png&auto=webp&s=67fd0dc740361e65acbdaf46dfc7c918340f1b36;letto a vista;frammento d'interfaccia (Reddit, profilo di HOME, FBI sul 3DS, menu del 3DS): nessun contenuto sulla collezione
https://preview.redd.it/6hj274n42yyb1.png?width=270&format=png&auto=webp&s=d2f14848d5b3d7c50e928bb21f57caf507045b42;letto con OCR;estratto senza affermazioni pertinenti
https://preview.redd.it/7mncgr4i3dvg1.jpeg?width=3024&format=pjpg&auto=webp&s=c716360109ecd435638e4f37cb305475c314c7e5;letto con OCR;estratto senza affermazioni pertinenti
https://preview.redd.it/993twlidxxyb1.png?width=320&format=png&auto=webp&s=7695e32ed7453e40cb24a0b107969fdddd1ad21f;letto con OCR;estratto senza affermazioni pertinenti
https://preview.redd.it/a8k1cmhy8yyb1.png?width=400&format=png&auto=webp&s=9f2c6ed1455a3ecb3c83fe40be6ebe0ca2e7c073;letto a vista;foto di console o schermata del titolo: nessun contenuto sulla collezione
https://preview.redd.it/acd2buzluxyb1.png?width=400&format=png&auto=webp&s=89758d659e37004cb8658877247237b1fd68f322;letto con OCR;estratto senza affermazioni pertinenti
https://preview.redd.it/ay896hg0txyb1.png?width=485&format=png&auto=webp&s=9c505bb73a3e53cd0a59a99d45192a8dcc6a3bcc;letto a vista;frammento d'interfaccia (Reddit, profilo di HOME, FBI sul 3DS, menu del 3DS): nessun contenuto sulla collezione
https://preview.redd.it/cx4d8tq66yyb1.png?width=400&format=png&auto=webp&s=73474fc6b23d8a73d561cb00722b1b7cbef57073;letto con OCR;estratto senza affermazioni pertinenti
https://preview.redd.it/d6ssfd8jtxyb1.png?width=320&format=png&auto=webp&s=a49395edd1515702fbe7759f1bf1e774245f4689;letto con OCR;estratto senza affermazioni pertinenti
https://preview.redd.it/dw2ngw0e0yyb1.png?width=322&format=png&auto=webp&s=ac2ea22a313c72cf46d2b9c5e4b342374eae7c8d;letto con OCR;estratto senza affermazioni pertinenti
https://preview.redd.it/is7tor3ka9rg1.jpeg?width=3024&format=pjpg&auto=webp&s=ba8b6b89c00b52c06098c93ccb72ac7254579511;letto con OCR;estratto senza affermazioni pertinenti
https://preview.redd.it/k8e5ihwx8yyb1.png?width=400&format=png&auto=webp&s=8f40d6ef28b6bab4c2e11b846b2cf7118c7ad9e6;letto a vista;foto di console o schermata del titolo: nessun contenuto sulla collezione
https://preview.redd.it/kdym37722yyb1.png?width=235&format=png&auto=webp&s=0aeb8d999d5cd5332cc2700ff60f752e39437991;letto con OCR;estratto senza affermazioni pertinenti
https://preview.redd.it/lf84hhev3j6c1.png?width=780&format=png&auto=webp&s=9510096e3ae1fec2189b293c070061d34c41388f;irrecuperabile;immagine cancellata da Reddit: l'anteprima risponde con la pagina del visualizzatore e l'originale https://i.redd.it/lf84hhe
https://preview.redd.it/nczlfx20p2zg1.jpeg?width=2681&format=pjpg&auto=webp&s=448d3579a4cc3a02da707898abe9a0989decc96e;letto con OCR;estratto senza affermazioni pertinenti
https://preview.redd.it/ng5s1zq06yyb1.png?width=760&format=png&auto=webp&s=13ba4b3db50e05a1d6576c23fcdbb4b515ce3627;letto con OCR;estratto senza affermazioni pertinenti
https://preview.redd.it/nhjjigu0oaob1.png?width=440&format=png&auto=webp&s=b8bb1d2e77d71b372c79426b9085847733e6aaac;irrecuperabile;immagine cancellata da Reddit: l'anteprima risponde con la pagina del visualizzatore e l'originale https://i.redd.it/nhjjigu
https://preview.redd.it/noom6fz6a9rg1.jpeg?width=3024&format=pjpg&auto=webp&s=d5022e03a4940a8f1a6ad32d6b6476b2c36ce133;letto con OCR;estratto senza affermazioni pertinenti
https://preview.redd.it/nwzley2soaob1.png?width=440&format=png&auto=webp&s=62486e2619fbcb271638b7eb903b6bfbc57db2d3;irrecuperabile;immagine cancellata da Reddit: l'anteprima risponde con la pagina del visualizzatore e l'originale https://i.redd.it/nwzley2
https://preview.redd.it/oaqpjhci0yyb1.png?width=756&format=png&auto=webp&s=12be87b2f51344d311ab17f448e07d9ac0907611;letto con OCR;estratto senza affermazioni pertinenti
https://preview.redd.it/qg79hoktoaob1.jpg?width=1280&format=pjpg&auto=webp&s=cae7b2e5831b4d2e9e1b6002e47f0be54b68e348;letto con OCR;estratto senza affermazioni pertinenti
https://preview.redd.it/rjp1i6tjdwmb1.jpg?width=97&format=pjpg&auto=webp&s=4d882308348ecf89f008917ea806a7c8868fb8ff;letto a vista;frammento d'interfaccia (Reddit, profilo di HOME, FBI sul 3DS, menu del 3DS): nessun contenuto sulla collezione
https://preview.redd.it/tg1919uj3bue1.png?width=3024&format=png&auto=webp&s=46f3384f60b5dcef32c9af926442a2e7f1aea5c9;letto con OCR;estratto senza affermazioni pertinenti
https://preview.redd.it/u8d6ypk47rke1.png?width=597&format=png&auto=webp&s=c13cbabfa3a9eaf60f610b4cf584e3f368cfe5d9;irrecuperabile;immagine cancellata da Reddit: l'anteprima risponde con la pagina del visualizzatore e l'originale https://i.redd.it/u8d6ypk
https://preview.redd.it/vuaq99nlhpqe1.jpeg?width=1600&format=pjpg&auto=webp&s=4035b3001b0889c642a098a0fb6fb04b8680ecf6;letto con OCR;estratto senza affermazioni pertinenti
https://preview.redd.it/yi6x96p1oaob1.png?width=440&format=png&auto=webp&s=5fda887c16ab04165f86d642e7a01c67519aec5f;irrecuperabile;immagine cancellata da Reddit: l'anteprima risponde con la pagina del visualizzatore e l'originale https://i.redd.it/yi6x96p
https://preview.redd.it/yor673knwxyb1.png?width=400&format=png&auto=webp&s=05017704366896293c2a61159101d12cfe289463;letto con OCR;estratto senza affermazioni pertinenti
https://preview.redd.it/zfsl2v6iitfc1.png?width=3129&format=png&auto=webp&s=a356dcac5d6434ffbe82bcee7ec2633357e1ca68;letto con OCR;estratto senza affermazioni pertinenti
https://www.reddit.com/r/PokePortal/s/78xfplBW2Q;scartato;non è una fonte: pagina di profilo o di sottocomunità, un elenco e non un contenuto
https://www.reddit.com/r/NintendoSwitch/comments/f1c5ub/i\_updated\_my\_pok%C3%A9mon\_transfer\_guide\_and\_its/;letto;estratto con 25 affermazioni, verificate
https://www.reddit.com/r/PokemonHome/comments/v32mll/pokemons\_move\_set\_and\_stats\_missing/;letto;estratto senza affermazioni pertinenti
http://www.reddit.com/;scartato;non è una fonte: pagina di profilo o di sottocomunità, un elenco e non un contenuto
https://www.reddit.com/gallery/116d8i1;letto;estratto senza affermazioni pertinenti
https://www.reddit.com/gallery/130fhfe;letto;estratto senza affermazioni pertinenti
https://www.reddit.com/gallery/1db9dhn;letto;estratto senza affermazioni pertinenti
https://www.reddit.com/message/compose?to=LuckyNumber-Bot&subject=Stalk+Me+Pls&message=%2Fstalkme;scartato;non è una fonte: collegamento del bot RemindMe, un promemoria e non un contenuto
https://www.reddit.com/message/compose?to=RemindMeBot&amp%3Bsubject=Delete+Comment&amp%3Bmessage=Delete%21+e0tgoj;scartato;non è una fonte: collegamento del bot RemindMe, un promemoria e non un contenuto
https://www.reddit.com/message/compose?to=RemindMeBot&amp%3Bsubject=Delete+Comment&amp%3Bmessage=Delete%21+e1a9rt;scartato;non è una fonte: collegamento del bot RemindMe, un promemoria e non un contenuto
https://www.reddit.com/message/compose?to=RemindMeBot&amp%3Bsubject=List+Of+Reminders&amp%3Bmessage=MyReminders%21;scartato;non è una fonte: collegamento del bot RemindMe, un promemoria e non un contenuto
https://www.reddit.com/message/compose?to=RemindMeBot&amp%3Bsubject=RemindMeRepeat;scartato;non è una fonte: collegamento del bot RemindMe, un promemoria e non un contenuto
https://www.reddit.com/message/compose?to=RemindMeBot&amp%3Bsubject=Reminder&amp%3Bmessage=%5BLink+or+message+inside+square+brackets%5D%0A%0ARemindMe%21+Time+period+here;scartato;non è una fonte: collegamento del bot RemindMe, un promemoria e non un contenuto
https://www.reddit.com/message/compose?to=RemindMeBot&amp%3Bsubject=Reminder&amp%3Bmessage=%5Bhttps%3A%2F%2Fwww.reddit.com%2Fr%2FRemindMeBot%2Fcomments%2Fe0tgoj%2Fcakeday_info_post%2Fjb0tije%2F%5D%0A%0ARemindMe%21+2023-09-03+16%3A50%3A48+UTC;scartato;non è una fonte: collegamento del bot RemindMe, un promemoria e non un contenuto
https://www.reddit.com/message/compose?to=RemindMeBot&amp%3Bsubject=Reminder&amp%3Bmessage=%5Bhttps%3A%2F%2Fwww.reddit.com%2Fr%2FRemindMeBot%2Fcomments%2Fe0tgoj%2Fcakeday_info_post%2Fjbnf73h%2F%5D%0A%0ARemindMe%21+2023-09-01+05%3A10%3A34+UTC;scartato;non è una fonte: collegamento del bot RemindMe, un promemoria e non un contenuto
https://www.reddit.com/message/compose?to=RemindMeBot&amp%3Bsubject=Reminder&amp%3Bmessage=%5Bhttps%3A%2F%2Fwww.reddit.com%2Fr%2FRemindMeBot%2Fcomments%2Fe0tgoj%2Fcakeday_info_post%2Fjbul1gb%2F%5D%0A%0ARemindMe%21+2023-09-17+17%3A27%3A25+UTC;scartato;non è una fonte: collegamento del bot RemindMe, un promemoria e non un contenuto
https://www.reddit.com/message/compose?to=RemindMeBot&amp%3Bsubject=Reminder&amp%3Bmessage=%5Bhttps%3A%2F%2Fwww.reddit.com%2Fr%2FRemindMeBot%2Fcomments%2Fe0tgoj%2Fcakeday_info_post%2Fjbxx31v%2F%5D%0A%0ARemindMe%21+2024-02-18+00%3A49%3A01+UTC;scartato;non è una fonte: collegamento del bot RemindMe, un promemoria e non un contenuto
https://www.reddit.com/message/compose?to=RemindMeBot&amp%3Bsubject=Reminder&amp%3Bmessage=%5Bhttps%3A%2F%2Fwww.reddit.com%2Fr%2FRemindMeBot%2Fcomments%2Fe0tgoj%2Fcakeday_info_post%2Fjcbxa05%2F%5D%0A%0ARemindMe%21+2023-12-18+02%3A19%3A54+UTC;scartato;non è una fonte: collegamento del bot RemindMe, un promemoria e non un contenuto
https://www.reddit.com/message/compose?to=RemindMeBot&amp%3Bsubject=Reminder&amp%3Bmessage=%5Bhttps%3A%2F%2Fwww.reddit.com%2Fr%2FRemindMeBot%2Fcomments%2Fe0tgoj%2Fcakeday_info_post%2Fjciekax%2F%5D%0A%0ARemindMe%21+2023-09-10+22%3A51%3A37+UTC;scartato;non è una fonte: collegamento del bot RemindMe, un promemoria e non un contenuto
https://www.reddit.com/message/compose?to=RemindMeBot&amp%3Bsubject=Reminder&amp%3Bmessage=%5Bhttps%3A%2F%2Fwww.reddit.com%2Fr%2FRemindMeBot%2Fcomments%2Fe0tgoj%2Fcakeday_info_post%2Fjcx45l7%2F%5D%0A%0ARemindMe%21+2024-01-28+01%3A10%3A24+UTC;scartato;non è una fonte: collegamento del bot RemindMe, un promemoria e non un contenuto
https://www.reddit.com/message/compose?to=RemindMeBot&amp%3Bsubject=Reminder&amp%3Bmessage=%5Bhttps%3A%2F%2Fwww.reddit.com%2Fr%2FRemindMeBot%2Fcomments%2Fe0tgoj%2Fcakeday_info_post%2Fje8uny1%2F%5D%0A%0ARemindMe%21+2024-01-07+04%3A35%3A26+UTC;scartato;non è una fonte: collegamento del bot RemindMe, un promemoria e non un contenuto
https://www.reddit.com/message/compose?to=RemindMeBot&amp%3Bsubject=Reminder&amp%3Bmessage=%5Bhttps%3A%2F%2Fwww.reddit.com%2Fr%2FRemindMeBot%2Fcomments%2Fe0tgoj%2Fcakeday_info_post%2Fjegj7y6%2F%5D%0A%0ARemindMe%21+2023-12-19+15%3A20%3A58+UTC;scartato;non è una fonte: collegamento del bot RemindMe, un promemoria e non un contenuto
https://www.reddit.com/message/compose?to=RemindMeBot&amp%3Bsubject=Reminder&amp%3Bmessage=%5Bhttps%3A%2F%2Fwww.reddit.com%2Fr%2FRemindMeBot%2Fcomments%2Fe1a9rt%2Fremindmerepeat_info_post%2Fjbgdep5%2F%5D%0A%0ARemindMe%21+2023-03-12+00%3A00%3A00+UTC;scartato;non è una fonte: collegamento del bot RemindMe, un promemoria e non un contenuto
https://www.reddit.com/message/compose?to=RemindMeBot&subject=Clock&message=Clock%21+12;scartato;non è una fonte: collegamento del bot RemindMe, un promemoria e non un contenuto
https://www.reddit.com/message/compose?to=RemindMeBot&subject=Clock&message=Clock%21+24;scartato;non è una fonte: collegamento del bot RemindMe, un promemoria e non un contenuto
https://www.reddit.com/message/compose?to=RemindMeBot&subject=Delete+Comment&message=Delete%21+11c19lz;scartato;non è una fonte: collegamento del bot RemindMe, un promemoria e non un contenuto
https://www.reddit.com/message/compose?to=RemindMeBot&subject=Delete+Comment&message=Delete%21+1tskg07;scartato;non è una fonte: collegamento del bot RemindMe, un promemoria e non un contenuto
https://www.reddit.com/message/compose?to=RemindMeBot&subject=Delete+Comment&message=Delete%21+e0tgoj;scartato;non è una fonte: collegamento del bot RemindMe, un promemoria e non un contenuto
https://www.reddit.com/message/compose?to=RemindMeBot&subject=Delete+Comment&message=Delete%21+e1a9rt;scartato;non è una fonte: collegamento del bot RemindMe, un promemoria e non un contenuto
https://www.reddit.com/message/compose?to=RemindMeBot&subject=Delete+Comment&message=Delete%21+e1asdu;scartato;non è una fonte: collegamento del bot RemindMe, un promemoria e non un contenuto
https://www.reddit.com/message/compose?to=RemindMeBot&subject=Delete+Comment&message=Delete%21+n3ecv1;scartato;non è una fonte: collegamento del bot RemindMe, un promemoria e non un contenuto
https://www.reddit.com/message/compose?to=RemindMeBot&subject=Reminder&message=%5Bhttps%3A%2F%2Fwww.reddit.com%2Fr%2F3dshacks%2Fcomments%2F11c19lz%2Fgo_to_poketransporter_page_3dsx_to_go_directly_to%2Fja3cnlg%2F%5D%0A%0ARemindMe%21+2023-04-01+00%3A00%3A00+UTC;scartato;non è una fonte: collegamento del bot RemindMe, un promemoria e non un contenuto
https://www.reddit.com/message/compose?to=RemindMeBot&subject=Reminder&message=%5Bhttps%3A%2F%2Fwww.reddit.com%2Fr%2F3dspiracy%2Fcomments%2Fn3ecv1%2F3ds_virtual_console_cias%2Fgws9akd%2F%5D%0A%0ARemindMe%21+2021-05-03+18%3A09%3A36+UTC;scartato;non è una fonte: collegamento del bot RemindMe, un promemoria e non un contenuto
https://www.reddit.com/message/compose?to=RemindMeBot&subject=Reminder&message=%5Bhttps%3A%2F%2Fwww.reddit.com%2Fr%2FRemindMeBot%2Fcomments%2F1tskg07%2Fremindmebot_is_switching_to_username_summons%2Foowx9yb%2F%5D%0A%0ARemindMe%21+2026-06-01+09%3A31%3A34+UTC;scartato;non è una fonte: collegamento del bot RemindMe, un promemoria e non un contenuto
https://www.reddit.com/message/compose?to=RemindMeBot&subject=Reminder&message=%5Bhttps%3A%2F%2Fwww.reddit.com%2Fr%2FRemindMeBot%2Fcomments%2F1tskg07%2Fremindmebot_is_switching_to_username_summons%2Foox8yv7%2F%5D%0A%0ARemindMe%21+2027-05-31+11%3A08%3A58+UTC;scartato;non è una fonte: collegamento del bot RemindMe, un promemoria e non un contenuto
https://www.reddit.com/message/compose?to=RemindMeBot&subject=Reminder&message=%5Bhttps%3A%2F%2Fwww.reddit.com%2Fr%2FRemindMeBot%2Fcomments%2F1tskg07%2Fremindmebot_is_switching_to_username_summons%2Fooxlp0f%2F%5D%0A%0ARemindMe%21+2027-02-04+22%3A37%3A02+UTC;scartato;non è una fonte: collegamento del bot RemindMe, un promemoria e non un contenuto
https://www.reddit.com/message/compose?to=RemindMeBot&subject=Reminder&message=%5Bhttps%3A%2F%2Fwww.reddit.com%2Fr%2FRemindMeBot%2Fcomments%2F1tskg07%2Fremindmebot_is_switching_to_username_summons%2Fooxoayv%2F%5D%0A%0ARemindMe%21+2026-06-01+12%3A52%3A58+UTC;scartato;non è una fonte: collegamento del bot RemindMe, un promemoria e non un contenuto
https://www.reddit.com/message/compose?to=RemindMeBot&subject=Reminder&message=%5Bhttps%3A%2F%2Fwww.reddit.com%2Fr%2FRemindMeBot%2Fcomments%2F1tskg07%2Fremindmebot_is_switching_to_username_summons%2Fooy78ko%2F%5D%0A%0ARemindMe%21+2026-06-01+14%3A36%3A05+UTC;scartato;non è una fonte: collegamento del bot RemindMe, un promemoria e non un contenuto
https://www.reddit.com/message/compose?to=RemindMeBot&subject=Reminder&message=%5Bhttps%3A%2F%2Fwww.reddit.com%2Fr%2FRemindMeBot%2Fcomments%2F1tskg07%2Fremindmebot_is_switching_to_username_summons%2Fooy8izb%2F%5D%0A%0ARemindMe%21+2026-05-31+14%3A43%3A32+UTC;scartato;non è una fonte: collegamento del bot RemindMe, un promemoria e non un contenuto
https://www.reddit.com/message/compose?to=RemindMeBot&subject=Reminder&message=%5Bhttps%3A%2F%2Fwww.reddit.com%2Fr%2FRemindMeBot%2Fcomments%2F1tskg07%2Fremindmebot_is_switching_to_username_summons%2Fooy9jci%2F%5D%0A%0ARemindMe%21+2026-05-31+14%3A49%3A31+UTC;scartato;non è una fonte: collegamento del bot RemindMe, un promemoria e non un contenuto
https://www.reddit.com/message/compose?to=RemindMeBot&subject=Reminder&message=%5Bhttps%3A%2F%2Fwww.reddit.com%2Fr%2FRemindMeBot%2Fcomments%2F1tskg07%2Fremindmebot_is_switching_to_username_summons%2Fooycbzb%2F%5D%0A%0ARemindMe%21+2026-06-01+15%3A01%3A17+UTC;scartato;non è una fonte: collegamento del bot RemindMe, un promemoria e non un contenuto
https://www.reddit.com/message/compose?to=RemindMeBot&subject=Reminder&message=%5Bhttps%3A%2F%2Fwww.reddit.com%2Fr%2FRemindMeBot%2Fcomments%2F1tskg07%2Fremindmebot_is_switching_to_username_summons%2Fooyu1d9%2F%5D%0A%0ARemindMe%21+2026-10-21+23%3A32%3A35+UTC;scartato;non è una fonte: collegamento del bot RemindMe, un promemoria e non un contenuto
https://www.reddit.com/message/compose?to=RemindMeBot&subject=Reminder&message=%5Bhttps%3A%2F%2Fwww.reddit.com%2Fr%2FRemindMeBot%2Fcomments%2F1tskg07%2Fremindmebot_is_switching_to_username_summons%2Foozljl1%2F%5D%0A%0ARemindMe%21+2026-06-01+18%3A33%3A36+UTC;scartato;non è una fonte: collegamento del bot RemindMe, un promemoria e non un contenuto
https://www.reddit.com/message/compose?to=RemindMeBot&subject=Reminder&message=%5Bhttps%3A%2F%2Fwww.reddit.com%2Fr%2FRemindMeBot%2Fcomments%2F1tskg07%2Fremindmebot_is_switching_to_username_summons%2Foozlmqk%2F%5D%0A%0ARemindMe%21+2026-06-01+18%3A34%3A01+UTC;scartato;non è una fonte: collegamento del bot RemindMe, un promemoria e non un contenuto
https://www.reddit.com/message/compose?to=RemindMeBot&subject=Reminder&message=%5Bhttps%3A%2F%2Fwww.reddit.com%2Fr%2FRemindMeBot%2Fcomments%2F1tskg07%2Fremindmebot_is_switching_to_username_summons%2Fop0upls%2F%5D%0A%0ARemindMe%21+2026-06-01+14%3A18%3A10+UTC;scartato;non è una fonte: collegamento del bot RemindMe, un promemoria e non un contenuto
https://www.reddit.com/message/compose?to=RemindMeBot&subject=Reminder&message=%5Bhttps%3A%2F%2Fwww.reddit.com%2Fr%2FRemindMeBot%2Fcomments%2F1tskg07%2Fremindmebot_is_switching_to_username_summons%2Fop0ws79%2F%5D%0A%0ARemindMe%21+2026-06-01+22%3A29%3A38+UTC;scartato;non è una fonte: collegamento del bot RemindMe, un promemoria e non un contenuto
https://www.reddit.com/message/compose?to=RemindMeBot&subject=Reminder&message=%5Bhttps%3A%2F%2Fwww.reddit.com%2Fr%2FRemindMeBot%2Fcomments%2F1tskg07%2Fremindmebot_is_switching_to_username_summons%2Fop0yixf%2F%5D%0A%0ARemindMe%21+2026-06-01+22%3A39%3A25+UTC;scartato;non è una fonte: collegamento del bot RemindMe, un promemoria e non un contenuto
https://www.reddit.com/message/compose?to=RemindMeBot&subject=Reminder&message=%5Bhttps%3A%2F%2Fwww.reddit.com%2Fr%2FRemindMeBot%2Fcomments%2F1tskg07%2Fremindmebot_is_switching_to_username_summons%2Fop18r9z%2F%5D%0A%0ARemindMe%21+2026-08-08+23%3A38%3A19+UTC;scartato;non è una fonte: collegamento del bot RemindMe, un promemoria e non un contenuto
https://www.reddit.com/message/compose?to=RemindMeBot&subject=Reminder&message=%5Bhttps%3A%2F%2Fwww.reddit.com%2Fr%2FRemindMeBot%2Fcomments%2F1tskg07%2Fremindmebot_is_switching_to_username_summons%2Fop1d1k6%2F%5D%0A%0ARemindMe%21+2036-05-31+12%3A03%3A48+UTC;scartato;non è una fonte: collegamento del bot RemindMe, un promemoria e non un contenuto
https://www.reddit.com/message/compose?to=RemindMeBot&subject=Reminder&message=%5Bhttps%3A%2F%2Fwww.reddit.com%2Fr%2FRemindMeBot%2Fcomments%2F1tskg07%2Fremindmebot_is_switching_to_username_summons%2Fop2943q%2F%5D%0A%0ARemindMe%21+2029-05-16+03%3A25%3A39+UTC;scartato;non è una fonte: collegamento del bot RemindMe, un promemoria e non un contenuto
https://www.reddit.com/message/compose?to=RemindMeBot&subject=Reminder&message=%5Bhttps%3A%2F%2Fwww.reddit.com%2Fr%2FRemindMeBot%2Fcomments%2F1tskg07%2Fremindmebot_is_switching_to_username_summons%2Fop2cwmm%2F%5D%0A%0ARemindMe%21+2027-06-01+03%3A52%3A08+UTC;scartato;non è una fonte: collegamento del bot RemindMe, un promemoria e non un contenuto
https://www.reddit.com/message/compose?to=RemindMeBot&subject=Reminder&message=%5Bhttps%3A%2F%2Fwww.reddit.com%2Fr%2FRemindMeBot%2Fcomments%2F1tskg07%2Fremindmebot_is_switching_to_username_summons%2Fop2f38b%2F%5D%0A%0ARemindMe%21+2026-06-02+04%3A07%3A43+UTC;scartato;non è una fonte: collegamento del bot RemindMe, un promemoria e non un contenuto
https://www.reddit.com/message/compose?to=RemindMeBot&subject=Reminder&message=%5Bhttps%3A%2F%2Fwww.reddit.com%2Fr%2FRemindMeBot%2Fcomments%2F1tskg07%2Fremindmebot_is_switching_to_username_summons%2Fop2lsir%2F%5D%0A%0ARemindMe%21+2026-06-01+04%3A58%3A36+UTC;scartato;non è una fonte: collegamento del bot RemindMe, un promemoria e non un contenuto
https://www.reddit.com/message/compose?to=RemindMeBot&subject=Reminder&message=%5Bhttps%3A%2F%2Fwww.reddit.com%2Fr%2FRemindMeBot%2Fcomments%2F1tskg07%2Fremindmebot_is_switching_to_username_summons%2Fop2w3tn%2F%5D%0A%0ARemindMe%21+2026-06-02+06%3A20%3A19+UTC;scartato;non è una fonte: collegamento del bot RemindMe, un promemoria e non un contenuto
https://www.reddit.com/message/compose?to=RemindMeBot&subject=Reminder&message=%5Bhttps%3A%2F%2Fwww.reddit.com%2Fr%2FRemindMeBot%2Fcomments%2F1tskg07%2Fremindmebot_is_switching_to_username_summons%2Fop31jv4%2F%5D%0A%0ARemindMe%21+2026-06-01+08%3A06%3A46+UTC;scartato;non è una fonte: collegamento del bot RemindMe, un promemoria e non un contenuto
https://www.reddit.com/message/compose?to=RemindMeBot&subject=Reminder&message=%5Bhttps%3A%2F%2Fwww.reddit.com%2Fr%2FRemindMeBot%2Fcomments%2F1tskg07%2Fremindmebot_is_switching_to_username_summons%2Fop31ya7%2F%5D%0A%0ARemindMe%21+2026-07-01+07%3A10%3A10+UTC;scartato;non è una fonte: collegamento del bot RemindMe, un promemoria e non un contenuto
https://www.reddit.com/message/compose?to=RemindMeBot&subject=Reminder&message=%5Bhttps%3A%2F%2Fwww.reddit.com%2Fr%2FRemindMeBot%2Fcomments%2F1tskg07%2Fremindmebot_is_switching_to_username_summons%2Fop36z7f%2F%5D%0A%0ARemindMe%21+2026-06-03+07%3A54%3A47+UTC;scartato;non è una fonte: collegamento del bot RemindMe, un promemoria e non un contenuto
https://www.reddit.com/message/compose?to=RemindMeBot&subject=Reminder&message=%5Bhttps%3A%2F%2Fwww.reddit.com%2Fr%2FRemindMeBot%2Fcomments%2F1tskg07%2Fremindmebot_is_switching_to_username_summons%2Fop3cm0i%2F%5D%0A%0ARemindMe%21+2026-06-02+08%3A45%3A45+UTC;scartato;non è una fonte: collegamento del bot RemindMe, un promemoria e non un contenuto
https://www.reddit.com/message/compose?to=RemindMeBot&subject=Reminder&message=%5Bhttps%3A%2F%2Fwww.reddit.com%2Fr%2FRemindMeBot%2Fcomments%2F1tskg07%2Fremindmebot_is_switching_to_username_summons%2Fop3w8k2%2F%5D%0A%0ARemindMe%21+2026-06-01+23%3A22%3A50+UTC;scartato;non è una fonte: collegamento del bot RemindMe, un promemoria e non un contenuto
https://www.reddit.com/message/compose?to=RemindMeBot&subject=Reminder&message=%5Bhttps%3A%2F%2Fwww.reddit.com%2Fr%2FRemindMeBot%2Fcomments%2F1tskg07%2Fremindmebot_is_switching_to_username_summons%2Fop45v26%2F%5D%0A%0ARemindMe%21+2027-05-12+19%3A39%3A42+UTC;scartato;non è una fonte: collegamento del bot RemindMe, un promemoria e non un contenuto
https://www.reddit.com/message/compose?to=RemindMeBot&subject=Reminder&message=%5Bhttps%3A%2F%2Fwww.reddit.com%2Fr%2FRemindMeBot%2Fcomments%2F1tskg07%2Fremindmebot_is_switching_to_username_summons%2Fop53nwx%2F%5D%0A%0ARemindMe%21+2026-06-01+20%3A13%3A14+UTC;scartato;non è una fonte: collegamento del bot RemindMe, un promemoria e non un contenuto
https://www.reddit.com/message/compose?to=RemindMeBot&subject=Reminder&message=%5Bhttps%3A%2F%2Fwww.reddit.com%2Fr%2FRemindMeBot%2Fcomments%2F1tskg07%2Fremindmebot_is_switching_to_username_summons%2Fop5hr5s%2F%5D%0A%0ARemindMe%21+2026-06-27+16%3A16%3A20+UTC;scartato;non è una fonte: collegamento del bot RemindMe, un promemoria e non un contenuto
https://www.reddit.com/message/compose?to=RemindMeBot&subject=Reminder&message=%5Bhttps%3A%2F%2Fwww.reddit.com%2Fr%2FRemindMeBot%2Fcomments%2F1tskg07%2Fremindmebot_is_switching_to_username_summons%2Fop5olhr%2F%5D%0A%0ARemindMe%21+2026-06-02+08%3A16%3A37+UTC;scartato;non è una fonte: collegamento del bot RemindMe, un promemoria e non un contenuto
https://www.reddit.com/message/compose?to=RemindMeBot&subject=Reminder&message=%5Bhttps%3A%2F%2Fwww.reddit.com%2Fr%2FRemindMeBot%2Fcomments%2F1tskg07%2Fremindmebot_is_switching_to_username_summons%2Fop6d4ni%2F%5D%0A%0ARemindMe%21+2026-06-02+18%3A43%3A42+UTC;scartato;non è una fonte: collegamento del bot RemindMe, un promemoria e non un contenuto
https://www.reddit.com/message/compose?to=RemindMeBot&subject=Reminder&message=%5Bhttps%3A%2F%2Fwww.reddit.com%2Fr%2FRemindMeBot%2Fcomments%2F1tskg07%2Fremindmebot_is_switching_to_username_summons%2Fop72aql%2F%5D%0A%0ARemindMe%21+2026-06-03+20%3A45%3A57+UTC;scartato;non è una fonte: collegamento del bot RemindMe, un promemoria e non un contenuto
https://www.reddit.com/message/compose?to=RemindMeBot&subject=Reminder&message=%5Bhttps%3A%2F%2Fwww.reddit.com%2Fr%2FRemindMeBot%2Fcomments%2F1tskg07%2Fremindmebot_is_switching_to_username_summons%2Fop7bonp%2F%5D%0A%0ARemindMe%21+2026-06-11+21%3A30%3A09+UTC;scartato;non è una fonte: collegamento del bot RemindMe, un promemoria e non un contenuto
https://www.reddit.com/message/compose?to=RemindMeBot&subject=Reminder&message=%5Bhttps%3A%2F%2Fwww.reddit.com%2Fr%2FRemindMeBot%2Fcomments%2F1tskg07%2Fremindmebot_is_switching_to_username_summons%2Fop7zyht%2F%5D%0A%0ARemindMe%21+2026-06-08+23%3A39%3A17+UTC;scartato;non è una fonte: collegamento del bot RemindMe, un promemoria e non un contenuto
https://www.reddit.com/message/compose?to=RemindMeBot&subject=Reminder&message=%5Bhttps%3A%2F%2Fwww.reddit.com%2Fr%2FRemindMeBot%2Fcomments%2F1tskg07%2Fremindmebot_is_switching_to_username_summons%2Fop85zks%2F%5D%0A%0ARemindMe%21+2026-06-03+00%3A13%3A54+UTC;scartato;non è una fonte: collegamento del bot RemindMe, un promemoria e non un contenuto
https://www.reddit.com/message/compose?to=RemindMeBot&subject=Reminder&message=%5Bhttps%3A%2F%2Fwww.reddit.com%2Fr%2FRemindMeBot%2Fcomments%2F1tskg07%2Fremindmebot_is_switching_to_username_summons%2Fop9emet%2F%5D%0A%0ARemindMe%21+2026-06-02+05%3A57%3A44+UTC;scartato;non è una fonte: collegamento del bot RemindMe, un promemoria e non un contenuto
https://www.reddit.com/message/compose?to=RemindMeBot&subject=Reminder&message=%5Bhttps%3A%2F%2Fwww.reddit.com%2Fr%2FRemindMeBot%2Fcomments%2F1tskg07%2Fremindmebot_is_switching_to_username_summons%2Fopav7jp%2F%5D%0A%0ARemindMe%21+2026-06-04+11%3A53%3A37+UTC;scartato;non è una fonte: collegamento del bot RemindMe, un promemoria e non un contenuto
https://www.reddit.com/message/compose?to=RemindMeBot&subject=Reminder&message=%5Bhttps%3A%2F%2Fwww.reddit.com%2Fr%2FRemindMeBot%2Fcomments%2F1tskg07%2Fremindmebot_is_switching_to_username_summons%2Fopd2xai%2F%5D%0A%0ARemindMe%21+2026-06-03+18%3A06%3A50+UTC;scartato;non è una fonte: collegamento del bot RemindMe, un promemoria e non un contenuto
https://www.reddit.com/message/compose?to=RemindMeBot&subject=Reminder&message=%5Bhttps%3A%2F%2Fwww.reddit.com%2Fr%2FRemindMeBot%2Fcomments%2F1tskg07%2Fremindmebot_is_switching_to_username_summons%2Fopde434%2F%5D%0A%0ARemindMe%21+2026-06-09+18%3A55%3A58+UTC;scartato;non è una fonte: collegamento del bot RemindMe, un promemoria e non un contenuto
https://www.reddit.com/message/compose?to=RemindMeBot&subject=Reminder&message=%5Bhttps%3A%2F%2Fwww.reddit.com%2Fr%2FRemindMeBot%2Fcomments%2F1tskg07%2Fremindmebot_is_switching_to_username_summons%2Fopdvacg%2F%5D%0A%0ARemindMe%21+3026-06-02+20%3A14%3A19+UTC;scartato;non è una fonte: collegamento del bot RemindMe, un promemoria e non un contenuto
https://www.reddit.com/message/compose?to=RemindMeBot&subject=Reminder&message=%5Bhttps%3A%2F%2Fwww.reddit.com%2Fr%2FRemindMeBot%2Fcomments%2F1tskg07%2Fremindmebot_is_switching_to_username_summons%2Fopegwtf%2F%5D%0A%0ARemindMe%21+2026-06-05+21%3A57%3A12+UTC;scartato;non è una fonte: collegamento del bot RemindMe, un promemoria e non un contenuto
https://www.reddit.com/message/compose?to=RemindMeBot&subject=Reminder&message=%5Bhttps%3A%2F%2Fwww.reddit.com%2Fr%2FRemindMeBot%2Fcomments%2F1tskg07%2Fremindmebot_is_switching_to_username_summons%2Fopfoey5%2F%5D%0A%0ARemindMe%21+2026-06-03+02%3A06%3A48+UTC;scartato;non è una fonte: collegamento del bot RemindMe, un promemoria e non un contenuto
https://www.reddit.com/message/compose?to=RemindMeBot&subject=Reminder&message=%5Bhttps%3A%2F%2Fwww.reddit.com%2Fr%2FRemindMeBot%2Fcomments%2F1tskg07%2Fremindmebot_is_switching_to_username_summons%2Fopfz5si%2F%5D%0A%0ARemindMe%21+2026-11-26+00%3A00%3A00+UTC;scartato;non è una fonte: collegamento del bot RemindMe, un promemoria e non un contenuto
https://www.reddit.com/message/compose?to=RemindMeBot&subject=Reminder&message=%5Bhttps%3A%2F%2Fwww.reddit.com%2Fr%2FRemindMeBot%2Fcomments%2F1tskg07%2Fremindmebot_is_switching_to_username_summons%2Foph8rke%2F%5D%0A%0ARemindMe%21+2026-10-03+08%3A48%3A24+UTC;scartato;non è una fonte: collegamento del bot RemindMe, un promemoria e non un contenuto
https://www.reddit.com/message/compose?to=RemindMeBot&subject=Reminder&message=%5Bhttps%3A%2F%2Fwww.reddit.com%2Fr%2FRemindMeBot%2Fcomments%2F1tskg07%2Fremindmebot_is_switching_to_username_summons%2Fophexy9%2F%5D%0A%0ARemindMe%21+2026-06-03+09%3A52%3A08+UTC;scartato;non è una fonte: collegamento del bot RemindMe, un promemoria e non un contenuto
https://www.reddit.com/message/compose?to=RemindMeBot&subject=Reminder&message=%5Bhttps%3A%2F%2Fwww.reddit.com%2Fr%2FRemindMeBot%2Fcomments%2F1tskg07%2Fremindmebot_is_switching_to_username_summons%2Fophfabo%2F%5D%0A%0ARemindMe%21+2026-06-04+09%3A45%3A00+UTC;scartato;non è una fonte: collegamento del bot RemindMe, un promemoria e non un contenuto
https://www.reddit.com/message/compose?to=RemindMeBot&subject=Reminder&message=%5Bhttps%3A%2F%2Fwww.reddit.com%2Fr%2FRemindMeBot%2Fcomments%2F1tskg07%2Fremindmebot_is_switching_to_username_summons%2Fophy6rk%2F%5D%0A%0ARemindMe%21+2028-06-03+11%3A56%3A41+UTC;scartato;non è una fonte: collegamento del bot RemindMe, un promemoria e non un contenuto
https://www.reddit.com/message/compose?to=RemindMeBot&subject=Reminder&message=%5Bhttps%3A%2F%2Fwww.reddit.com%2Fr%2FRemindMeBot%2Fcomments%2F1tskg07%2Fremindmebot_is_switching_to_username_summons%2Fopi8kcv%2F%5D%0A%0ARemindMe%21+2026-06-03+12%3A54%3A54+UTC;scartato;non è una fonte: collegamento del bot RemindMe, un promemoria e non un contenuto
https://www.reddit.com/message/compose?to=RemindMeBot&subject=Reminder&message=%5Bhttps%3A%2F%2Fwww.reddit.com%2Fr%2FRemindMeBot%2Fcomments%2F1tskg07%2Fremindmebot_is_switching_to_username_summons%2Fopicjm2%2F%5D%0A%0ARemindMe%21+2026-12-20+09%3A04%3A41+UTC;scartato;non è una fonte: collegamento del bot RemindMe, un promemoria e non un contenuto
https://www.reddit.com/message/compose?to=RemindMeBot&subject=Reminder&message=%5Bhttps%3A%2F%2Fwww.reddit.com%2Fr%2FRemindMeBot%2Fcomments%2F1tskg07%2Fremindmebot_is_switching_to_username_summons%2Fopidju6%2F%5D%0A%0ARemindMe%21+2026-06-03+14%3A19%3A17+UTC;scartato;non è una fonte: collegamento del bot RemindMe, un promemoria e non un contenuto
https://www.reddit.com/message/compose?to=RemindMeBot&subject=Reminder&message=%5Bhttps%3A%2F%2Fwww.reddit.com%2Fr%2FRemindMeBot%2Fcomments%2F1tskg07%2Fremindmebot_is_switching_to_username_summons%2Fopiyjxa%2F%5D%0A%0ARemindMe%21+2026-06-04+14%3A57%3A22+UTC;scartato;non è una fonte: collegamento del bot RemindMe, un promemoria e non un contenuto
https://www.reddit.com/message/compose?to=RemindMeBot&subject=Reminder&message=%5Bhttps%3A%2F%2Fwww.reddit.com%2Fr%2FRemindMeBot%2Fcomments%2F1tskg07%2Fremindmebot_is_switching_to_username_summons%2Fopj0ioo%2F%5D%0A%0ARemindMe%21+2026-06-03+15%3A06%3A38+UTC;scartato;non è una fonte: collegamento del bot RemindMe, un promemoria e non un contenuto
https://www.reddit.com/message/compose?to=RemindMeBot&subject=Reminder&message=%5Bhttps%3A%2F%2Fwww.reddit.com%2Fr%2FRemindMeBot%2Fcomments%2F1tskg07%2Fremindmebot_is_switching_to_username_summons%2Fopjvqsz%2F%5D%0A%0ARemindMe%21+2027-03-11+06%3A34%3A09+UTC;scartato;non è una fonte: collegamento del bot RemindMe, un promemoria e non un contenuto
https://www.reddit.com/message/compose?to=RemindMeBot&subject=Reminder&message=%5Bhttps%3A%2F%2Fwww.reddit.com%2Fr%2FRemindMeBot%2Fcomments%2F1tskg07%2Fremindmebot_is_switching_to_username_summons%2Fopkeh32%2F%5D%0A%0ARemindMe%21+2026-06-04+18%3A44%3A22+UTC;scartato;non è una fonte: collegamento del bot RemindMe, un promemoria e non un contenuto
https://www.reddit.com/message/compose?to=RemindMeBot&subject=Reminder&message=%5Bhttps%3A%2F%2Fwww.reddit.com%2Fr%2FRemindMeBot%2Fcomments%2F1tskg07%2Fremindmebot_is_switching_to_username_summons%2Fopm3uwg%2F%5D%0A%0ARemindMe%21+2027-06-03+23%3A44%3A50+UTC;scartato;non è una fonte: collegamento del bot RemindMe, un promemoria e non un contenuto
https://www.reddit.com/message/compose?to=RemindMeBot&subject=Reminder&message=%5Bhttps%3A%2F%2Fwww.reddit.com%2Fr%2FRemindMeBot%2Fcomments%2F1tskg07%2Fremindmebot_is_switching_to_username_summons%2Fopnmmpy%2F%5D%0A%0ARemindMe%21+2026-07-26+00%3A00%3A00+UTC;scartato;non è una fonte: collegamento del bot RemindMe, un promemoria e non un contenuto
https://www.reddit.com/message/compose?to=RemindMeBot&subject=Reminder&message=%5Bhttps%3A%2F%2Fwww.reddit.com%2Fr%2FRemindMeBot%2Fcomments%2F1tskg07%2Fremindmebot_is_switching_to_username_summons%2Fopo6mbj%2F%5D%0A%0ARemindMe%21+2026-08-09+21%3A14%3A50+UTC;scartato;non è una fonte: collegamento del bot RemindMe, un promemoria e non un contenuto
https://www.reddit.com/message/compose?to=RemindMeBot&subject=Reminder&message=%5Bhttps%3A%2F%2Fwww.reddit.com%2Fr%2FRemindMeBot%2Fcomments%2F1tskg07%2Fremindmebot_is_switching_to_username_summons%2Fopocaym%2F%5D%0A%0ARemindMe%21+2026-06-05+08%3A51%3A32+UTC;scartato;non è una fonte: collegamento del bot RemindMe, un promemoria e non un contenuto
https://www.reddit.com/message/compose?to=RemindMeBot&subject=Reminder&message=%5Bhttps%3A%2F%2Fwww.reddit.com%2Fr%2FRemindMeBot%2Fcomments%2F1tskg07%2Fremindmebot_is_switching_to_username_summons%2Fopohe5c%2F%5D%0A%0ARemindMe%21+2026-06-11+09%3A36%3A17+UTC;scartato;non è una fonte: collegamento del bot RemindMe, un promemoria e non un contenuto
https://www.reddit.com/message/compose?to=RemindMeBot&subject=Reminder&message=%5Bhttps%3A%2F%2Fwww.reddit.com%2Fr%2FRemindMeBot%2Fcomments%2F1tskg07%2Fremindmebot_is_switching_to_username_summons%2Fopqrbjf%2F%5D%0A%0ARemindMe%21+2026-06-05+16%3A53%3A12+UTC;scartato;non è una fonte: collegamento del bot RemindMe, un promemoria e non un contenuto
https://www.reddit.com/message/compose?to=RemindMeBot&subject=Reminder&message=%5Bhttps%3A%2F%2Fwww.reddit.com%2Fr%2FRemindMeBot%2Fcomments%2F1tskg07%2Fremindmebot_is_switching_to_username_summons%2Fopsq3pl%2F%5D%0A%0ARemindMe%21+2026-08-10+22%3A21%3A29+UTC;scartato;non è una fonte: collegamento del bot RemindMe, un promemoria e non un contenuto
https://www.reddit.com/message/compose?to=RemindMeBot&subject=Reminder&message=%5Bhttps%3A%2F%2Fwww.reddit.com%2Fr%2FRemindMeBot%2Fcomments%2F1tskg07%2Fremindmebot_is_switching_to_username_summons%2Fopswzjv%2F%5D%0A%0ARemindMe%21+2026-06-05+23%3A00%3A02+UTC;scartato;non è una fonte: collegamento del bot RemindMe, un promemoria e non un contenuto
https://www.reddit.com/message/compose?to=RemindMeBot&subject=Reminder&message=%5Bhttps%3A%2F%2Fwww.reddit.com%2Fr%2FRemindMeBot%2Fcomments%2F1tskg07%2Fremindmebot_is_switching_to_username_summons%2Fopthz91%2F%5D%0A%0ARemindMe%21+2026-06-05+03%3A03%3A47+UTC;scartato;non è una fonte: collegamento del bot RemindMe, un promemoria e non un contenuto
https://www.reddit.com/message/compose?to=RemindMeBot&subject=Reminder&message=%5Bhttps%3A%2F%2Fwww.reddit.com%2Fr%2FRemindMeBot%2Fcomments%2F1tskg07%2Fremindmebot_is_switching_to_username_summons%2Foptsjw6%2F%5D%0A%0ARemindMe%21+2026-06-05+02%3A07%3A36+UTC;scartato;non è una fonte: collegamento del bot RemindMe, un promemoria e non un contenuto
https://www.reddit.com/message/compose?to=RemindMeBot&subject=Reminder&message=%5Bhttps%3A%2F%2Fwww.reddit.com%2Fr%2FRemindMeBot%2Fcomments%2F1tskg07%2Fremindmebot_is_switching_to_username_summons%2Fopu9quf%2F%5D%0A%0ARemindMe%21+2026-06-12+17%3A55%3A33+UTC;scartato;non è una fonte: collegamento del bot RemindMe, un promemoria e non un contenuto
https://www.reddit.com/message/compose?to=RemindMeBot&subject=Reminder&message=%5Bhttps%3A%2F%2Fwww.reddit.com%2Fr%2FRemindMeBot%2Fcomments%2F1tskg07%2Fremindmebot_is_switching_to_username_summons%2Fopvd2f4%2F%5D%0A%0ARemindMe%21+2028-06-05+09%3A15%3A19+UTC;scartato;non è una fonte: collegamento del bot RemindMe, un promemoria e non un contenuto
https://www.reddit.com/message/compose?to=RemindMeBot&subject=Reminder&message=%5Bhttps%3A%2F%2Fwww.reddit.com%2Fr%2FRemindMeBot%2Fcomments%2F1tskg07%2Fremindmebot_is_switching_to_username_summons%2Fopw7dhj%2F%5D%0A%0ARemindMe%21+2026-06-07+12%3A45%3A19+UTC;scartato;non è una fonte: collegamento del bot RemindMe, un promemoria e non un contenuto
https://www.reddit.com/message/compose?to=RemindMeBot&subject=Reminder&message=%5Bhttps%3A%2F%2Fwww.reddit.com%2Fr%2FRemindMeBot%2Fcomments%2F1tskg07%2Fremindmebot_is_switching_to_username_summons%2Fopzg9cz%2F%5D%0A%0ARemindMe%21+2326-06-05+21%3A56%3A15+UTC;scartato;non è una fonte: collegamento del bot RemindMe, un promemoria e non un contenuto
https://www.reddit.com/message/compose?to=RemindMeBot&subject=Reminder&message=%5Bhttps%3A%2F%2Fwww.reddit.com%2Fr%2FRemindMeBot%2Fcomments%2F1tskg07%2Fremindmebot_is_switching_to_username_summons%2Foq1um8c%2F%5D%0A%0ARemindMe%21+2026-06-07+07%3A19%3A35+UTC;scartato;non è una fonte: collegamento del bot RemindMe, un promemoria e non un contenuto
https://www.reddit.com/message/compose?to=RemindMeBot&subject=Reminder&message=%5Bhttps%3A%2F%2Fwww.reddit.com%2Fr%2FRemindMeBot%2Fcomments%2F1tskg07%2Fremindmebot_is_switching_to_username_summons%2Foq2owbf%2F%5D%0A%0ARemindMe%21+2026-06-07+11%3A36%3A48+UTC;scartato;non è una fonte: collegamento del bot RemindMe, un promemoria e non un contenuto
https://www.reddit.com/message/compose?to=RemindMeBot&subject=Reminder&message=%5Bhttps%3A%2F%2Fwww.reddit.com%2Fr%2FRemindMeBot%2Fcomments%2F1tskg07%2Fremindmebot_is_switching_to_username_summons%2Foq2oxq5%2F%5D%0A%0ARemindMe%21+2026-06-08+11%3A37%3A05+UTC;scartato;non è una fonte: collegamento del bot RemindMe, un promemoria e non un contenuto
https://www.reddit.com/message/compose?to=RemindMeBot&subject=Reminder&message=%5Bhttps%3A%2F%2Fwww.reddit.com%2Fr%2FRemindMeBot%2Fcomments%2F1tskg07%2Fremindmebot_is_switching_to_username_summons%2Foq4m7ze%2F%5D%0A%0ARemindMe%21+2026-06-17+17%3A48%3A51+UTC;scartato;non è una fonte: collegamento del bot RemindMe, un promemoria e non un contenuto
https://www.reddit.com/message/compose?to=RemindMeBot&subject=Reminder&message=%5Bhttps%3A%2F%2Fwww.reddit.com%2Fr%2FRemindMeBot%2Fcomments%2F1tskg07%2Fremindmebot_is_switching_to_username_summons%2Foq4max3%2F%5D%0A%0ARemindMe%21+2026-06-17+17%3A49%3A15+UTC;scartato;non è una fonte: collegamento del bot RemindMe, un promemoria e non un contenuto
https://www.reddit.com/message/compose?to=RemindMeBot&subject=Reminder&message=%5Bhttps%3A%2F%2Fwww.reddit.com%2Fr%2FRemindMeBot%2Fcomments%2F1tskg07%2Fremindmebot_is_switching_to_username_summons%2Foq5w2ub%2F%5D%0A%0ARemindMe%21+2027-03-22+22%3A30%3A32+UTC;scartato;non è una fonte: collegamento del bot RemindMe, un promemoria e non un contenuto
https://www.reddit.com/message/compose?to=RemindMeBot&subject=Reminder&message=%5Bhttps%3A%2F%2Fwww.reddit.com%2Fr%2FRemindMeBot%2Fcomments%2F1tskg07%2Fremindmebot_is_switching_to_username_summons%2Foq6y7td%2F%5D%0A%0ARemindMe%21+2026-06-08+01%3A41%3A20+UTC;scartato;non è una fonte: collegamento del bot RemindMe, un promemoria e non un contenuto
https://www.reddit.com/message/compose?to=RemindMeBot&subject=Reminder&message=%5Bhttps%3A%2F%2Fwww.reddit.com%2Fr%2FRemindMeBot%2Fcomments%2F1tskg07%2Fremindmebot_is_switching_to_username_summons%2Foq827w9%2F%5D%0A%0ARemindMe%21+2026-06-08+06%3A37%3A48+UTC;scartato;non è una fonte: collegamento del bot RemindMe, un promemoria e non un contenuto
https://www.reddit.com/message/compose?to=RemindMeBot&subject=Reminder&message=%5Bhttps%3A%2F%2Fwww.reddit.com%2Fr%2FRemindMeBot%2Fcomments%2F1tskg07%2Fremindmebot_is_switching_to_username_summons%2Foq8k1za%2F%5D%0A%0ARemindMe%21+2026-12-24+09%3A16%3A25+UTC;scartato;non è una fonte: collegamento del bot RemindMe, un promemoria e non un contenuto
https://www.reddit.com/message/compose?to=RemindMeBot&subject=Reminder&message=%5Bhttps%3A%2F%2Fwww.reddit.com%2Fr%2FRemindMeBot%2Fcomments%2F1tskg07%2Fremindmebot_is_switching_to_username_summons%2Foqceeqc%2F%5D%0A%0ARemindMe%21+2026-07-17+15%3A34%3A11+UTC;scartato;non è una fonte: collegamento del bot RemindMe, un promemoria e non un contenuto
https://www.reddit.com/message/compose?to=RemindMeBot&subject=Reminder&message=%5Bhttps%3A%2F%2Fwww.reddit.com%2Fr%2FRemindMeBot%2Fcomments%2F1tskg07%2Fremindmebot_is_switching_to_username_summons%2Foqfjs9l%2F%5D%0A%0ARemindMe%21+2026-10-23+00%3A26%3A59+UTC;scartato;non è una fonte: collegamento del bot RemindMe, un promemoria e non un contenuto
https://www.reddit.com/message/compose?to=RemindMeBot&subject=Reminder&message=%5Bhttps%3A%2F%2Fwww.reddit.com%2Fr%2FRemindMeBot%2Fcomments%2F1tskg07%2Fremindmebot_is_switching_to_username_summons%2Foqk7cmn%2F%5D%0A%0ARemindMe%21+3026-06-09+01%3A46%3A47+UTC;scartato;non è una fonte: collegamento del bot RemindMe, un promemoria e non un contenuto
https://www.reddit.com/message/compose?to=RemindMeBot&subject=Reminder&message=%5Bhttps%3A%2F%2Fwww.reddit.com%2Fr%2FRemindMeBot%2Fcomments%2F1tskg07%2Fremindmebot_is_switching_to_username_summons%2Foql5lvb%2F%5D%0A%0ARemindMe%21+2026-06-09+09%3A26%3A32+UTC;scartato;non è una fonte: collegamento del bot RemindMe, un promemoria e non un contenuto
https://www.reddit.com/message/compose?to=RemindMeBot&subject=Reminder&message=%5Bhttps%3A%2F%2Fwww.reddit.com%2Fr%2FRemindMeBot%2Fcomments%2F1tskg07%2Fremindmebot_is_switching_to_username_summons%2Foqlhrau%2F%5D%0A%0ARemindMe%21+2026-07-09+07%3A05%3A21+UTC;scartato;non è una fonte: collegamento del bot RemindMe, un promemoria e non un contenuto
https://www.reddit.com/message/compose?to=RemindMeBot&subject=Reminder&message=%5Bhttps%3A%2F%2Fwww.reddit.com%2Fr%2FRemindMeBot%2Fcomments%2F1tskg07%2Fremindmebot_is_switching_to_username_summons%2Foqlsxm1%2F%5D%0A%0ARemindMe%21+2036-06-06+08%3A44%3A42+UTC;scartato;non è una fonte: collegamento del bot RemindMe, un promemoria e non un contenuto
https://www.reddit.com/message/compose?to=RemindMeBot&subject=Reminder&message=%5Bhttps%3A%2F%2Fwww.reddit.com%2Fr%2FRemindMeBot%2Fcomments%2F1tskg07%2Fremindmebot_is_switching_to_username_summons%2Foqm9519%2F%5D%0A%0ARemindMe%21+2026-06-09+10%3A58%3A59+UTC;scartato;non è una fonte: collegamento del bot RemindMe, un promemoria e non un contenuto
https://www.reddit.com/message/compose?to=RemindMeBot&subject=Reminder&message=%5Bhttps%3A%2F%2Fwww.reddit.com%2Fr%2FRemindMeBot%2Fcomments%2F1tskg07%2Fremindmebot_is_switching_to_username_summons%2Foqrduao%2F%5D%0A%0ARemindMe%21+2026-06-10+06%3A29%3A51+UTC;scartato;non è una fonte: collegamento del bot RemindMe, un promemoria e non un contenuto
https://www.reddit.com/message/compose?to=RemindMeBot&subject=Reminder&message=%5Bhttps%3A%2F%2Fwww.reddit.com%2Fr%2FRemindMeBot%2Fcomments%2F1tskg07%2Fremindmebot_is_switching_to_username_summons%2Foqs40nj%2F%5D%0A%0ARemindMe%21+2026-06-17+04%3A59%3A49+UTC;scartato;non è una fonte: collegamento del bot RemindMe, un promemoria e non un contenuto
https://www.reddit.com/message/compose?to=RemindMeBot&subject=Reminder&message=%5Bhttps%3A%2F%2Fwww.reddit.com%2Fr%2FRemindMeBot%2Fcomments%2F1tskg07%2Fremindmebot_is_switching_to_username_summons%2Foqs96vc%2F%5D%0A%0ARemindMe%21+2076-06-10+05%3A39%3A43+UTC;scartato;non è una fonte: collegamento del bot RemindMe, un promemoria e non un contenuto
https://www.reddit.com/message/compose?to=RemindMeBot&subject=Reminder&message=%5Bhttps%3A%2F%2Fwww.reddit.com%2Fr%2FRemindMeBot%2Fcomments%2F1tskg07%2Fremindmebot_is_switching_to_username_summons%2Foqskgci%2F%5D%0A%0ARemindMe%21+2040-01-01+07%3A10%3A55+UTC;scartato;non è una fonte: collegamento del bot RemindMe, un promemoria e non un contenuto
https://www.reddit.com/message/compose?to=RemindMeBot&subject=Reminder&message=%5Bhttps%3A%2F%2Fwww.reddit.com%2Fr%2FRemindMeBot%2Fcomments%2F1tskg07%2Fremindmebot_is_switching_to_username_summons%2Foqtihxe%2F%5D%0A%0ARemindMe%21+2026-06-24+11%3A42%3A23+UTC;scartato;non è una fonte: collegamento del bot RemindMe, un promemoria e non un contenuto
https://www.reddit.com/message/compose?to=RemindMeBot&subject=Reminder&message=%5Bhttps%3A%2F%2Fwww.reddit.com%2Fr%2FRemindMeBot%2Fcomments%2F1tskg07%2Fremindmebot_is_switching_to_username_summons%2Foquxzzb%2F%5D%0A%0ARemindMe%21+2026-06-11+15%3A54%3A28+UTC;scartato;non è una fonte: collegamento del bot RemindMe, un promemoria e non un contenuto
https://www.reddit.com/message/compose?to=RemindMeBot&subject=Reminder&message=%5Bhttps%3A%2F%2Fwww.reddit.com%2Fr%2FRemindMeBot%2Fcomments%2F1tskg07%2Fremindmebot_is_switching_to_username_summons%2Foqvtj9e%2F%5D%0A%0ARemindMe%21+2026-06-10+18%3A11%3A42+UTC;scartato;non è una fonte: collegamento del bot RemindMe, un promemoria e non un contenuto
https://www.reddit.com/message/compose?to=RemindMeBot&subject=Reminder&message=%5Bhttps%3A%2F%2Fwww.reddit.com%2Fr%2FRemindMeBot%2Fcomments%2F1tskg07%2Fremindmebot_is_switching_to_username_summons%2Foqxb3qj%2F%5D%0A%0ARemindMe%21+2026-07-17+22%3A18%3A23+UTC;scartato;non è una fonte: collegamento del bot RemindMe, un promemoria e non un contenuto
https://www.reddit.com/message/compose?to=RemindMeBot&subject=Reminder&message=%5Bhttps%3A%2F%2Fwww.reddit.com%2Fr%2FRemindMeBot%2Fcomments%2F1tskg07%2Fremindmebot_is_switching_to_username_summons%2For3zd8t%2F%5D%0A%0ARemindMe%21+2026-06-15+00%3A29%3A29+UTC;scartato;non è una fonte: collegamento del bot RemindMe, un promemoria e non un contenuto
https://www.reddit.com/message/compose?to=RemindMeBot&subject=Reminder&message=%5Bhttps%3A%2F%2Fwww.reddit.com%2Fr%2FRemindMeBot%2Fcomments%2F1tskg07%2Fremindmebot_is_switching_to_username_summons%2For6bh7v%2F%5D%0A%0ARemindMe%21+2026-06-13+05%3A28%3A47+UTC;scartato;non è una fonte: collegamento del bot RemindMe, un promemoria e non un contenuto
https://www.reddit.com/message/compose?to=RemindMeBot&subject=Reminder&message=%5Bhttps%3A%2F%2Fwww.reddit.com%2Fr%2FRemindMeBot%2Fcomments%2F1tskg07%2Fremindmebot_is_switching_to_username_summons%2For76xzf%2F%5D%0A%0ARemindMe%21+2026-06-13+09%3A57%3A17+UTC;scartato;non è una fonte: collegamento del bot RemindMe, un promemoria e non un contenuto
https://www.reddit.com/message/compose?to=RemindMeBot&subject=Reminder&message=%5Bhttps%3A%2F%2Fwww.reddit.com%2Fr%2FRemindMeBot%2Fcomments%2F1tskg07%2Fremindmebot_is_switching_to_username_summons%2For8ea3z%2F%5D%0A%0ARemindMe%21+2026-06-13+14%3A11%3A03+UTC;scartato;non è una fonte: collegamento del bot RemindMe, un promemoria e non un contenuto
https://www.reddit.com/message/compose?to=RemindMeBot&subject=Reminder&message=%5Bhttps%3A%2F%2Fwww.reddit.com%2Fr%2FRemindMeBot%2Fcomments%2F1tskg07%2Fremindmebot_is_switching_to_username_summons%2For992pv%2F%5D%0A%0ARemindMe%21+2026-06-12+16%3A25%3A57+UTC;scartato;non è una fonte: collegamento del bot RemindMe, un promemoria e non un contenuto
https://www.reddit.com/message/compose?to=RemindMeBot&subject=Reminder&message=%5Bhttps%3A%2F%2Fwww.reddit.com%2Fr%2FRemindMeBot%2Fcomments%2F1tskg07%2Fremindmebot_is_switching_to_username_summons%2For9ttoz%2F%5D%0A%0ARemindMe%21+2026-06-19+17%3A58%3A48+UTC;scartato;non è una fonte: collegamento del bot RemindMe, un promemoria e non un contenuto
https://www.reddit.com/message/compose?to=RemindMeBot&subject=Reminder&message=%5Bhttps%3A%2F%2Fwww.reddit.com%2Fr%2FRemindMeBot%2Fcomments%2F1tskg07%2Fremindmebot_is_switching_to_username_summons%2Forgg8v2%2F%5D%0A%0ARemindMe%21+2026-06-15+18%3A13%3A41+UTC;scartato;non è una fonte: collegamento del bot RemindMe, un promemoria e non un contenuto
https://www.reddit.com/message/compose?to=RemindMeBot&subject=Reminder&message=%5Bhttps%3A%2F%2Fwww.reddit.com%2Fr%2FRemindMeBot%2Fcomments%2F1tskg07%2Fremindmebot_is_switching_to_username_summons%2Forlepoy%2F%5D%0A%0ARemindMe%21+2026-06-15+13%3A14%3A26+UTC;scartato;non è una fonte: collegamento del bot RemindMe, un promemoria e non un contenuto
https://www.reddit.com/message/compose?to=RemindMeBot&subject=Reminder&message=%5Bhttps%3A%2F%2Fwww.reddit.com%2Fr%2FRemindMeBot%2Fcomments%2F1tskg07%2Fremindmebot_is_switching_to_username_summons%2Forndnmx%2F%5D%0A%0ARemindMe%21+2026-06-15+18%3A56%3A39+UTC;scartato;non è una fonte: collegamento del bot RemindMe, un promemoria e non un contenuto
https://www.reddit.com/message/compose?to=RemindMeBot&subject=Reminder&message=%5Bhttps%3A%2F%2Fwww.reddit.com%2Fr%2FRemindMeBot%2Fcomments%2F1tskg07%2Fremindmebot_is_switching_to_username_summons%2Fornrekl%2F%5D%0A%0ARemindMe%21+2026-06-15+20%3A03%3A52+UTC;scartato;non è una fonte: collegamento del bot RemindMe, un promemoria e non un contenuto
https://www.reddit.com/message/compose?to=RemindMeBot&subject=Reminder&message=%5Bhttps%3A%2F%2Fwww.reddit.com%2Fr%2FRemindMeBot%2Fcomments%2F1tskg07%2Fremindmebot_is_switching_to_username_summons%2Forsb9pe%2F%5D%0A%0ARemindMe%21+2026-06-15+13%3A38%3A19+UTC;scartato;non è una fonte: collegamento del bot RemindMe, un promemoria e non un contenuto
https://www.reddit.com/message/compose?to=RemindMeBot&subject=Reminder&message=%5Bhttps%3A%2F%2Fwww.reddit.com%2Fr%2FRemindMeBot%2Fcomments%2F1tskg07%2Fremindmebot_is_switching_to_username_summons%2Forvt2e6%2F%5D%0A%0ARemindMe%21+2026-06-15+23%3A09%3A30+UTC;scartato;non è una fonte: collegamento del bot RemindMe, un promemoria e non un contenuto
https://www.reddit.com/message/compose?to=RemindMeBot&subject=Reminder&message=%5Bhttps%3A%2F%2Fwww.reddit.com%2Fr%2FRemindMeBot%2Fcomments%2F1tskg07%2Fremindmebot_is_switching_to_username_summons%2Forwegit%2F%5D%0A%0ARemindMe%21+2026-06-16+01%3A10%3A37+UTC;scartato;non è una fonte: collegamento del bot RemindMe, un promemoria e non un contenuto
https://www.reddit.com/message/compose?to=RemindMeBot&subject=Reminder&message=%5Bhttps%3A%2F%2Fwww.reddit.com%2Fr%2FRemindMeBot%2Fcomments%2F1tskg07%2Fremindmebot_is_switching_to_username_summons%2Forwevpz%2F%5D%0A%0ARemindMe%21+2026-06-23+01%3A11%3A59+UTC;scartato;non è una fonte: collegamento del bot RemindMe, un promemoria e non un contenuto
https://www.reddit.com/message/compose?to=RemindMeBot&subject=Reminder&message=%5Bhttps%3A%2F%2Fwww.reddit.com%2Fr%2FRemindMeBot%2Fcomments%2F1tskg07%2Fremindmebot_is_switching_to_username_summons%2Forzirqv%2F%5D%0A%0ARemindMe%21+2027-06-16+19%3A57%3A55+UTC;scartato;non è una fonte: collegamento del bot RemindMe, un promemoria e non un contenuto
https://www.reddit.com/message/compose?to=RemindMeBot&subject=Reminder&message=%5Bhttps%3A%2F%2Fwww.reddit.com%2Fr%2FRemindMeBot%2Fcomments%2F1tskg07%2Fremindmebot_is_switching_to_username_summons%2Forziuu4%2F%5D%0A%0ARemindMe%21+2027-06-16+19%3A58%3A19+UTC;scartato;non è una fonte: collegamento del bot RemindMe, un promemoria e non un contenuto
https://www.reddit.com/message/compose?to=RemindMeBot&subject=Reminder&message=%5Bhttps%3A%2F%2Fwww.reddit.com%2Fr%2FRemindMeBot%2Fcomments%2F1tskg07%2Fremindmebot_is_switching_to_username_summons%2Fos17orf%2F%5D%0A%0ARemindMe%21+2026-06-18+15%3A24%3A34+UTC;scartato;non è una fonte: collegamento del bot RemindMe, un promemoria e non un contenuto
https://www.reddit.com/message/compose?to=RemindMeBot&subject=Reminder&message=%5Bhttps%3A%2F%2Fwww.reddit.com%2Fr%2FRemindMeBot%2Fcomments%2F1tskg07%2Fremindmebot_is_switching_to_username_summons%2Fos180ig%2F%5D%0A%0ARemindMe%21+2027-06-17+00%3A26%3A00+UTC;scartato;non è una fonte: collegamento del bot RemindMe, un promemoria e non un contenuto
https://www.reddit.com/message/compose?to=RemindMeBot&subject=Reminder&message=%5Bhttps%3A%2F%2Fwww.reddit.com%2Fr%2FRemindMeBot%2Fcomments%2F1tskg07%2Fremindmebot_is_switching_to_username_summons%2Fos1q58p%2F%5D%0A%0ARemindMe%21+2026-06-17+19%3A46%3A00+UTC;scartato;non è una fonte: collegamento del bot RemindMe, un promemoria e non un contenuto
https://www.reddit.com/message/compose?to=RemindMeBot&subject=Reminder&message=%5Bhttps%3A%2F%2Fwww.reddit.com%2Fr%2FRemindMeBot%2Fcomments%2F1tskg07%2Fremindmebot_is_switching_to_username_summons%2Fos1qawc%2F%5D%0A%0ARemindMe%21+2026-06-17+19%3A46%3A41+UTC;scartato;non è una fonte: collegamento del bot RemindMe, un promemoria e non un contenuto
https://www.reddit.com/message/compose?to=RemindMeBot&subject=Reminder&message=%5Bhttps%3A%2F%2Fwww.reddit.com%2Fr%2FRemindMeBot%2Fcomments%2F1tskg07%2Fremindmebot_is_switching_to_username_summons%2Fos43s05%2F%5D%0A%0ARemindMe%21+2026-06-23+23%3A02%3A44+UTC;scartato;non è una fonte: collegamento del bot RemindMe, un promemoria e non un contenuto
https://www.reddit.com/message/compose?to=RemindMeBot&subject=Reminder&message=%5Bhttps%3A%2F%2Fwww.reddit.com%2Fr%2FRemindMeBot%2Fcomments%2F1tskg07%2Fremindmebot_is_switching_to_username_summons%2Fos4fjzk%2F%5D%0A%0ARemindMe%21+2040-06-17+04%3A26%3A41+UTC;scartato;non è una fonte: collegamento del bot RemindMe, un promemoria e non un contenuto
https://www.reddit.com/message/compose?to=RemindMeBot&subject=Reminder&message=%5Bhttps%3A%2F%2Fwww.reddit.com%2Fr%2FRemindMeBot%2Fcomments%2F1tskg07%2Fremindmebot_is_switching_to_username_summons%2Fos9g5i4%2F%5D%0A%0ARemindMe%21+2026-06-18+21%3A15%3A53+UTC;scartato;non è una fonte: collegamento del bot RemindMe, un promemoria e non un contenuto
https://www.reddit.com/message/compose?to=RemindMeBot&subject=Reminder&message=%5Bhttps%3A%2F%2Fwww.reddit.com%2Fr%2FRemindMeBot%2Fcomments%2F1tskg07%2Fremindmebot_is_switching_to_username_summons%2Fosfxfjl%2F%5D%0A%0ARemindMe%21+2026-07-18+19%3A39%3A32+UTC;scartato;non è una fonte: collegamento del bot RemindMe, un promemoria e non un contenuto
https://www.reddit.com/message/compose?to=RemindMeBot&subject=Reminder&message=%5Bhttps%3A%2F%2Fwww.reddit.com%2Fr%2FRemindMeBot%2Fcomments%2F1tskg07%2Fremindmebot_is_switching_to_username_summons%2Fosi0hfz%2F%5D%0A%0ARemindMe%21+2026-06-19+03%3A11%3A03+UTC;scartato;non è una fonte: collegamento del bot RemindMe, un promemoria e non un contenuto
https://www.reddit.com/message/compose?to=RemindMeBot&subject=Reminder&message=%5Bhttps%3A%2F%2Fwww.reddit.com%2Fr%2FRemindMeBot%2Fcomments%2F1tskg07%2Fremindmebot_is_switching_to_username_summons%2Foskubcg%2F%5D%0A%0ARemindMe%21+2034-05-21+02%3A00%3A47+UTC;scartato;non è una fonte: collegamento del bot RemindMe, un promemoria e non un contenuto
https://www.reddit.com/message/compose?to=RemindMeBot&subject=Reminder&message=%5Bhttps%3A%2F%2Fwww.reddit.com%2Fr%2FRemindMeBot%2Fcomments%2F1tskg07%2Fremindmebot_is_switching_to_username_summons%2Fosmak2g%2F%5D%0A%0ARemindMe%21+2026-07-03+18%3A00%3A39+UTC;scartato;non è una fonte: collegamento del bot RemindMe, un promemoria e non un contenuto
https://www.reddit.com/message/compose?to=RemindMeBot&subject=Reminder&message=%5Bhttps%3A%2F%2Fwww.reddit.com%2Fr%2FRemindMeBot%2Fcomments%2F1tskg07%2Fremindmebot_is_switching_to_username_summons%2Fosp85ah%2F%5D%0A%0ARemindMe%21+2026-06-20+04%3A25%3A42+UTC;scartato;non è una fonte: collegamento del bot RemindMe, un promemoria e non un contenuto
https://www.reddit.com/message/compose?to=RemindMeBot&subject=Reminder&message=%5Bhttps%3A%2F%2Fwww.reddit.com%2Fr%2FRemindMeBot%2Fcomments%2F1tskg07%2Fremindmebot_is_switching_to_username_summons%2Fossuu3x%2F%5D%0A%0ARemindMe%21+9999-06-20+00%3A00%3A00+UTC;scartato;non è una fonte: collegamento del bot RemindMe, un promemoria e non un contenuto
https://www.reddit.com/message/compose?to=RemindMeBot&subject=Reminder&message=%5Bhttps%3A%2F%2Fwww.reddit.com%2Fr%2FRemindMeBot%2Fcomments%2F1tskg07%2Fremindmebot_is_switching_to_username_summons%2Fossv1sz%2F%5D%0A%0ARemindMe%21+2026-06-21+17%3A50%3A53+UTC;scartato;non è una fonte: collegamento del bot RemindMe, un promemoria e non un contenuto
https://www.reddit.com/message/compose?to=RemindMeBot&subject=Reminder&message=%5Bhttps%3A%2F%2Fwww.reddit.com%2Fr%2FRemindMeBot%2Fcomments%2F1tskg07%2Fremindmebot_is_switching_to_username_summons%2Foswirjw%2F%5D%0A%0ARemindMe%21+2026-08-20+07%3A19%3A37+UTC;scartato;non è una fonte: collegamento del bot RemindMe, un promemoria e non un contenuto
https://www.reddit.com/message/compose?to=RemindMeBot&subject=Reminder&message=%5Bhttps%3A%2F%2Fwww.reddit.com%2Fr%2FRemindMeBot%2Fcomments%2F1tskg07%2Fremindmebot_is_switching_to_username_summons%2Fosx5hh8%2F%5D%0A%0ARemindMe%21+2027-03-18+10%3A39%3A33+UTC;scartato;non è una fonte: collegamento del bot RemindMe, un promemoria e non un contenuto
https://www.reddit.com/message/compose?to=RemindMeBot&subject=Reminder&message=%5Bhttps%3A%2F%2Fwww.reddit.com%2Fr%2FRemindMeBot%2Fcomments%2F1tskg07%2Fremindmebot_is_switching_to_username_summons%2Fosygujt%2F%5D%0A%0ARemindMe%21+2026-06-22+15%3A28%3A08+UTC;scartato;non è una fonte: collegamento del bot RemindMe, un promemoria e non un contenuto
https://www.reddit.com/message/compose?to=RemindMeBot&subject=Reminder&message=%5Bhttps%3A%2F%2Fwww.reddit.com%2Fr%2FRemindMeBot%2Fcomments%2F1tskg07%2Fremindmebot_is_switching_to_username_summons%2Fosyjjok%2F%5D%0A%0ARemindMe%21+2026-12-21+15%3A41%3A37+UTC;scartato;non è una fonte: collegamento del bot RemindMe, un promemoria e non un contenuto
https://www.reddit.com/message/compose?to=RemindMeBot&subject=Reminder&message=%5Bhttps%3A%2F%2Fwww.reddit.com%2Fr%2FRemindMeBot%2Fcomments%2F1tskg07%2Fremindmebot_is_switching_to_username_summons%2Foszne7f%2F%5D%0A%0ARemindMe%21+2026-06-22+18%3A51%3A37+UTC;scartato;non è una fonte: collegamento del bot RemindMe, un promemoria e non un contenuto
https://www.reddit.com/message/compose?to=RemindMeBot&subject=Reminder&message=%5Bhttps%3A%2F%2Fwww.reddit.com%2Fr%2FRemindMeBot%2Fcomments%2F1tskg07%2Fremindmebot_is_switching_to_username_summons%2Fot0939a%2F%5D%0A%0ARemindMe%21+2026-06-28+20%3A38%3A06+UTC;scartato;non è una fonte: collegamento del bot RemindMe, un promemoria e non un contenuto
https://www.reddit.com/message/compose?to=RemindMeBot&subject=Reminder&message=%5Bhttps%3A%2F%2Fwww.reddit.com%2Fr%2FRemindMeBot%2Fcomments%2F1tskg07%2Fremindmebot_is_switching_to_username_summons%2Fot0uxu8%2F%5D%0A%0ARemindMe%21+2026-06-22+22%3A30%3A48+UTC;scartato;non è una fonte: collegamento del bot RemindMe, un promemoria e non un contenuto
https://www.reddit.com/message/compose?to=RemindMeBot&subject=Reminder&message=%5Bhttps%3A%2F%2Fwww.reddit.com%2Fr%2FRemindMeBot%2Fcomments%2F1tskg07%2Fremindmebot_is_switching_to_username_summons%2Fot3ig3y%2F%5D%0A%0ARemindMe%21+2027-01-01+00%3A00%3A00+UTC;scartato;non è una fonte: collegamento del bot RemindMe, un promemoria e non un contenuto
https://www.reddit.com/message/compose?to=RemindMeBot&subject=Reminder&message=%5Bhttps%3A%2F%2Fwww.reddit.com%2Fr%2FRemindMeBot%2Fcomments%2F1tskg07%2Fremindmebot_is_switching_to_username_summons%2Fot3vem8%2F%5D%0A%0ARemindMe%21+2026-06-23+11%3A19%3A05+UTC;scartato;non è una fonte: collegamento del bot RemindMe, un promemoria e non un contenuto
https://www.reddit.com/message/compose?to=RemindMeBot&subject=Reminder&message=%5Bhttps%3A%2F%2Fwww.reddit.com%2Fr%2FRemindMeBot%2Fcomments%2F1tskg07%2Fremindmebot_is_switching_to_username_summons%2Fot6xsao%2F%5D%0A%0ARemindMe%21+2026-06-27+20%3A03%3A56+UTC;scartato;non è una fonte: collegamento del bot RemindMe, un promemoria e non un contenuto
https://www.reddit.com/message/compose?to=RemindMeBot&subject=Reminder&message=%5Bhttps%3A%2F%2Fwww.reddit.com%2Fr%2FRemindMeBot%2Fcomments%2F1tskg07%2Fremindmebot_is_switching_to_username_summons%2Fot8d5wy%2F%5D%0A%0ARemindMe%21+2026-06-25+00%3A18%3A46+UTC;scartato;non è una fonte: collegamento del bot RemindMe, un promemoria e non un contenuto
https://www.reddit.com/message/compose?to=RemindMeBot&subject=Reminder&message=%5Bhttps%3A%2F%2Fwww.reddit.com%2Fr%2FRemindMeBot%2Fcomments%2F1tskg07%2Fremindmebot_is_switching_to_username_summons%2Fotatfwa%2F%5D%0A%0ARemindMe%21+2026-06-24+10%3A38%3A19+UTC;scartato;non è una fonte: collegamento del bot RemindMe, un promemoria e non un contenuto
https://www.reddit.com/message/compose?to=RemindMeBot&subject=Reminder&message=%5Bhttps%3A%2F%2Fwww.reddit.com%2Fr%2FRemindMeBot%2Fcomments%2F1tskg07%2Fremindmebot_is_switching_to_username_summons%2Fotbtkij%2F%5D%0A%0ARemindMe%21+2026-06-24+14%3A04%3A47+UTC;scartato;non è una fonte: collegamento del bot RemindMe, un promemoria e non un contenuto
https://www.reddit.com/message/compose?to=RemindMeBot&subject=Reminder&message=%5Bhttps%3A%2F%2Fwww.reddit.com%2Fr%2FRemindMeBot%2Fcomments%2F1tskg07%2Fremindmebot_is_switching_to_username_summons%2Fotgecaw%2F%5D%0A%0ARemindMe%21+2027-06-24+02%3A56%3A40+UTC;scartato;non è una fonte: collegamento del bot RemindMe, un promemoria e non un contenuto
https://www.reddit.com/message/compose?to=RemindMeBot&subject=Reminder&message=%5Bhttps%3A%2F%2Fwww.reddit.com%2Fr%2FRemindMeBot%2Fcomments%2F1tskg07%2Fremindmebot_is_switching_to_username_summons%2Fotgvl00%2F%5D%0A%0ARemindMe%21+2026-10-23+08%3A49%3A00+UTC;scartato;non è una fonte: collegamento del bot RemindMe, un promemoria e non un contenuto
https://www.reddit.com/message/compose?to=RemindMeBot&subject=Reminder&message=%5Bhttps%3A%2F%2Fwww.reddit.com%2Fr%2FRemindMeBot%2Fcomments%2F1tskg07%2Fremindmebot_is_switching_to_username_summons%2Foth0a81%2F%5D%0A%0ARemindMe%21+2026-06-25+05%3A23%3A32+UTC;scartato;non è una fonte: collegamento del bot RemindMe, un promemoria e non un contenuto
https://www.reddit.com/message/compose?to=RemindMeBot&subject=Reminder&message=%5Bhttps%3A%2F%2Fwww.reddit.com%2Fr%2FRemindMeBot%2Fcomments%2F1tskg07%2Fremindmebot_is_switching_to_username_summons%2Fotkkqu4%2F%5D%0A%0ARemindMe%21+2026-06-28+18%3A05%3A32+UTC;scartato;non è una fonte: collegamento del bot RemindMe, un promemoria e non un contenuto
https://www.reddit.com/message/compose?to=RemindMeBot&subject=Reminder&message=%5Bhttps%3A%2F%2Fwww.reddit.com%2Fr%2FRemindMeBot%2Fcomments%2F1tskg07%2Fremindmebot_is_switching_to_username_summons%2Fotkna79%2F%5D%0A%0ARemindMe%21+2026-06-28+18%3A16%3A54+UTC;scartato;non è una fonte: collegamento del bot RemindMe, un promemoria e non un contenuto
https://www.reddit.com/message/compose?to=RemindMeBot&subject=Reminder&message=%5Bhttps%3A%2F%2Fwww.reddit.com%2Fr%2FRemindMeBot%2Fcomments%2F1tskg07%2Fremindmebot_is_switching_to_username_summons%2Fotm2xde%2F%5D%0A%0ARemindMe%21+2026-06-24+23%3A09%3A17+UTC;scartato;non è una fonte: collegamento del bot RemindMe, un promemoria e non un contenuto
https://www.reddit.com/message/compose?to=RemindMeBot&subject=Reminder&message=%5Bhttps%3A%2F%2Fwww.reddit.com%2Fr%2FRemindMeBot%2Fcomments%2F1tskg07%2Fremindmebot_is_switching_to_username_summons%2Fotqjcb4%2F%5D%0A%0ARemindMe%21+2026-06-25+15%3A58%3A39+UTC;scartato;non è una fonte: collegamento del bot RemindMe, un promemoria e non un contenuto
https://www.reddit.com/message/compose?to=RemindMeBot&subject=Reminder&message=%5Bhttps%3A%2F%2Fwww.reddit.com%2Fr%2FRemindMeBot%2Fcomments%2F1tskg07%2Fremindmebot_is_switching_to_username_summons%2Fotvr2xv%2F%5D%0A%0ARemindMe%21+2026-06-27+06%3A34%3A53+UTC;scartato;non è una fonte: collegamento del bot RemindMe, un promemoria e non un contenuto
https://www.reddit.com/message/compose?to=RemindMeBot&subject=Reminder&message=%5Bhttps%3A%2F%2Fwww.reddit.com%2Fr%2FRemindMeBot%2Fcomments%2F1tskg07%2Fremindmebot_is_switching_to_username_summons%2Fotww55p%2F%5D%0A%0ARemindMe%21+2026-06-26+11%3A48%3A25+UTC;scartato;non è una fonte: collegamento del bot RemindMe, un promemoria e non un contenuto
https://www.reddit.com/message/compose?to=RemindMeBot&subject=Reminder&message=%5Bhttps%3A%2F%2Fwww.reddit.com%2Fr%2FRemindMeBot%2Fcomments%2F1tskg07%2Fremindmebot_is_switching_to_username_summons%2Foty8zg5%2F%5D%0A%0ARemindMe%21+2026-06-27+15%3A40%3A52+UTC;scartato;non è una fonte: collegamento del bot RemindMe, un promemoria e non un contenuto
https://www.reddit.com/message/compose?to=RemindMeBot&subject=Reminder&message=%5Bhttps%3A%2F%2Fwww.reddit.com%2Fr%2FRemindMeBot%2Fcomments%2F1tskg07%2Fremindmebot_is_switching_to_username_summons%2Fou4pron%2F%5D%0A%0ARemindMe%21+2027-06-27+14%3A09%3A50+UTC;scartato;non è una fonte: collegamento del bot RemindMe, un promemoria e non un contenuto
https://www.reddit.com/message/compose?to=RemindMeBot&subject=Reminder&message=%5Bhttps%3A%2F%2Fwww.reddit.com%2Fr%2FRemindMeBot%2Fcomments%2F1tskg07%2Fremindmebot_is_switching_to_username_summons%2Fou5d56j%2F%5D%0A%0ARemindMe%21+2026-07-27+16%3A01%3A51+UTC;scartato;non è una fonte: collegamento del bot RemindMe, un promemoria e non un contenuto
https://www.reddit.com/message/compose?to=RemindMeBot&subject=Reminder&message=%5Bhttps%3A%2F%2Fwww.reddit.com%2Fr%2FRemindMeBot%2Fcomments%2F1tskg07%2Fremindmebot_is_switching_to_username_summons%2Foucdyoi%2F%5D%0A%0ARemindMe%21+2026-07-05+17%3A04%3A22+UTC;scartato;non è una fonte: collegamento del bot RemindMe, un promemoria e non un contenuto
https://www.reddit.com/message/compose?to=RemindMeBot&subject=Reminder&message=%5Bhttps%3A%2F%2Fwww.reddit.com%2Fr%2FRemindMeBot%2Fcomments%2F1tskg07%2Fremindmebot_is_switching_to_username_summons%2Fouflocq%2F%5D%0A%0ARemindMe%21+2026-07-05+03%3A09%3A18+UTC;scartato;non è una fonte: collegamento del bot RemindMe, un promemoria e non un contenuto
https://www.reddit.com/message/compose?to=RemindMeBot&subject=Reminder&message=%5Bhttps%3A%2F%2Fwww.reddit.com%2Fr%2FRemindMeBot%2Fcomments%2F1tskg07%2Fremindmebot_is_switching_to_username_summons%2Fouhnrcp%2F%5D%0A%0ARemindMe%21+2026-06-30+12%3A25%3A29+UTC;scartato;non è una fonte: collegamento del bot RemindMe, un promemoria e non un contenuto
https://www.reddit.com/message/compose?to=RemindMeBot&subject=Reminder&message=%5Bhttps%3A%2F%2Fwww.reddit.com%2Fr%2FRemindMeBot%2Fcomments%2F1tskg07%2Fremindmebot_is_switching_to_username_summons%2Fouphtk4%2F%5D%0A%0ARemindMe%21+2028-06-30+13%3A59%3A03+UTC;scartato;non è una fonte: collegamento del bot RemindMe, un promemoria e non un contenuto
https://www.reddit.com/message/compose?to=RemindMeBot&subject=Reminder&message=%5Bhttps%3A%2F%2Fwww.reddit.com%2Fr%2FRemindMeBot%2Fcomments%2F1tskg07%2Fremindmebot_is_switching_to_username_summons%2Foupjduq%2F%5D%0A%0ARemindMe%21+2028-06-30+14%3A06%3A20+UTC;scartato;non è una fonte: collegamento del bot RemindMe, un promemoria e non un contenuto
https://www.reddit.com/message/compose?to=RemindMeBot&subject=Reminder&message=%5Bhttps%3A%2F%2Fwww.reddit.com%2Fr%2FRemindMeBot%2Fcomments%2F1tskg07%2Fremindmebot_is_switching_to_username_summons%2Foupjth3%2F%5D%0A%0ARemindMe%21+2028-06-30+14%3A08%3A21+UTC;scartato;non è una fonte: collegamento del bot RemindMe, un promemoria e non un contenuto
https://www.reddit.com/message/compose?to=RemindMeBot&subject=Reminder&message=%5Bhttps%3A%2F%2Fwww.reddit.com%2Fr%2FRemindMeBot%2Fcomments%2F1tskg07%2Fremindmebot_is_switching_to_username_summons%2Fouxml5i%2F%5D%0A%0ARemindMe%21+2027-07-01+16%3A02%3A05+UTC;scartato;non è una fonte: collegamento del bot RemindMe, un promemoria e non un contenuto
https://www.reddit.com/message/compose?to=RemindMeBot&subject=Reminder&message=%5Bhttps%3A%2F%2Fwww.reddit.com%2Fr%2FRemindMeBot%2Fcomments%2F1tskg07%2Fremindmebot_is_switching_to_username_summons%2Fov2nzny%2F%5D%0A%0ARemindMe%21+2046-07-02+07%3A22%3A11+UTC;scartato;non è una fonte: collegamento del bot RemindMe, un promemoria e non un contenuto
https://www.reddit.com/message/compose?to=RemindMeBot&subject=Reminder&message=%5Bhttps%3A%2F%2Fwww.reddit.com%2Fr%2FRemindMeBot%2Fcomments%2F1tskg07%2Fremindmebot_is_switching_to_username_summons%2Fov2wul3%2F%5D%0A%0ARemindMe%21+2056-07-02+08%3A36%3A12+UTC;scartato;non è una fonte: collegamento del bot RemindMe, un promemoria e non un contenuto
https://www.reddit.com/message/compose?to=RemindMeBot&subject=Reminder&message=%5Bhttps%3A%2F%2Fwww.reddit.com%2Fr%2FRemindMeBot%2Fcomments%2F1tskg07%2Fremindmebot_is_switching_to_username_summons%2Fov38tx5%2F%5D%0A%0ARemindMe%21+2026-07-09+10%3A13%3A40+UTC;scartato;non è una fonte: collegamento del bot RemindMe, un promemoria e non un contenuto
https://www.reddit.com/message/compose?to=RemindMeBot&subject=Reminder&message=%5Bhttps%3A%2F%2Fwww.reddit.com%2Fr%2FRemindMeBot%2Fcomments%2F1tskg07%2Fremindmebot_is_switching_to_username_summons%2Fov5d55v%2F%5D%0A%0ARemindMe%21+2027-01-02+16%3A38%3A28+UTC;scartato;non è una fonte: collegamento del bot RemindMe, un promemoria e non un contenuto
https://www.reddit.com/message/compose?to=RemindMeBot&subject=Reminder&message=%5Bhttps%3A%2F%2Fwww.reddit.com%2Fr%2FRemindMeBot%2Fcomments%2F1tskg07%2Fremindmebot_is_switching_to_username_summons%2Fov9cq1f%2F%5D%0A%0ARemindMe%21+2026-07-05+04%3A48%3A54+UTC;scartato;non è una fonte: collegamento del bot RemindMe, un promemoria e non un contenuto
https://www.reddit.com/message/compose?to=RemindMeBot&subject=Reminder&message=%5Bhttps%3A%2F%2Fwww.reddit.com%2Fr%2FRemindMeBot%2Fcomments%2F1tskg07%2Fremindmebot_is_switching_to_username_summons%2Fovknaea%2F%5D%0A%0ARemindMe%21+2034-10-04+20%3A54%3A00+UTC;scartato;non è una fonte: collegamento del bot RemindMe, un promemoria e non un contenuto
https://www.reddit.com/message/compose?to=RemindMeBot&subject=Reminder&message=%5Bhttps%3A%2F%2Fwww.reddit.com%2Fr%2FRemindMeBot%2Fcomments%2F1tskg07%2Fremindmebot_is_switching_to_username_summons%2Fovo9tra%2F%5D%0A%0ARemindMe%21+2026-07-10+12%3A25%3A50+UTC;scartato;non è una fonte: collegamento del bot RemindMe, un promemoria e non un contenuto
https://www.reddit.com/message/compose?to=RemindMeBot&subject=Reminder&message=%5Bhttps%3A%2F%2Fwww.reddit.com%2Fr%2FRemindMeBot%2Fcomments%2F1tskg07%2Fremindmebot_is_switching_to_username_summons%2Fovpphk3%2F%5D%0A%0ARemindMe%21+2026-07-07+16%3A50%3A14+UTC;scartato;non è una fonte: collegamento del bot RemindMe, un promemoria e non un contenuto
https://www.reddit.com/message/compose?to=RemindMeBot&subject=Reminder&message=%5Bhttps%3A%2F%2Fwww.reddit.com%2Fr%2FRemindMeBot%2Fcomments%2F1tskg07%2Fremindmebot_is_switching_to_username_summons%2Fovq4jdj%2F%5D%0A%0ARemindMe%21+2027-07-07+00%3A00%3A00+UTC;scartato;non è una fonte: collegamento del bot RemindMe, un promemoria e non un contenuto
https://www.reddit.com/message/compose?to=RemindMeBot&subject=Reminder&message=%5Bhttps%3A%2F%2Fwww.reddit.com%2Fr%2FRemindMeBot%2Fcomments%2F1tskg07%2Fremindmebot_is_switching_to_username_summons%2Fovs2m1s%2F%5D%0A%0ARemindMe%21+2026-07-07+23%3A29%3A15+UTC;scartato;non è una fonte: collegamento del bot RemindMe, un promemoria e non un contenuto
https://www.reddit.com/message/compose?to=RemindMeBot&subject=Reminder&message=%5Bhttps%3A%2F%2Fwww.reddit.com%2Fr%2FRemindMeBot%2Fcomments%2F1tskg07%2Fremindmebot_is_switching_to_username_summons%2Fovs2sy4%2F%5D%0A%0ARemindMe%21+2026-07-07+23%3A30%3A17+UTC;scartato;non è una fonte: collegamento del bot RemindMe, un promemoria e non un contenuto
https://www.reddit.com/message/compose?to=RemindMeBot&subject=Reminder&message=%5Bhttps%3A%2F%2Fwww.reddit.com%2Fr%2FRemindMeBot%2Fcomments%2F1tskg07%2Fremindmebot_is_switching_to_username_summons%2Fovs9aww%2F%5D%0A%0ARemindMe%21+2027-01-05+00%3A00%3A00+UTC;scartato;non è una fonte: collegamento del bot RemindMe, un promemoria e non un contenuto
https://www.reddit.com/message/compose?to=RemindMeBot&subject=Reminder&message=%5Bhttps%3A%2F%2Fwww.reddit.com%2Fr%2FRemindMeBot%2Fcomments%2F1tskg07%2Fremindmebot_is_switching_to_username_summons%2Fovsvudm%2F%5D%0A%0ARemindMe%21+2026-07-07+02%3A11%3A00+UTC;scartato;non è una fonte: collegamento del bot RemindMe, un promemoria e non un contenuto
https://www.reddit.com/message/compose?to=RemindMeBot&subject=Reminder&message=%5Bhttps%3A%2F%2Fwww.reddit.com%2Fr%2FRemindMeBot%2Fcomments%2F1tskg07%2Fremindmebot_is_switching_to_username_summons%2Fovu6nby%2F%5D%0A%0ARemindMe%21+2027-06-13+22%3A07%3A29+UTC;scartato;non è una fonte: collegamento del bot RemindMe, un promemoria e non un contenuto
https://www.reddit.com/message/compose?to=RemindMeBot&subject=Reminder&message=%5Bhttps%3A%2F%2Fwww.reddit.com%2Fr%2FRemindMeBot%2Fcomments%2F1tskg07%2Fremindmebot_is_switching_to_username_summons%2Fovvrybu%2F%5D%0A%0ARemindMe%21+2026-07-07+14%3A07%3A16+UTC;scartato;non è una fonte: collegamento del bot RemindMe, un promemoria e non un contenuto
https://www.reddit.com/message/compose?to=RemindMeBot&subject=Reminder&message=%5Bhttps%3A%2F%2Fwww.reddit.com%2Fr%2FRemindMeBot%2Fcomments%2F1tskg07%2Fremindmebot_is_switching_to_username_summons%2Fovwloe3%2F%5D%0A%0ARemindMe%21+2026-11-06+00%3A00%3A00+UTC;scartato;non è una fonte: collegamento del bot RemindMe, un promemoria e non un contenuto
https://www.reddit.com/message/compose?to=RemindMeBot&subject=Reminder&message=%5Bhttps%3A%2F%2Fwww.reddit.com%2Fr%2FRemindMeBot%2Fcomments%2F1tskg07%2Fremindmebot_is_switching_to_username_summons%2Fovzeyk3%2F%5D%0A%0ARemindMe%21+2026-07-06+23%3A48%3A10+UTC;scartato;non è una fonte: collegamento del bot RemindMe, un promemoria e non un contenuto
https://www.reddit.com/message/compose?to=RemindMeBot&subject=Reminder&message=%5Bhttps%3A%2F%2Fwww.reddit.com%2Fr%2FRemindMeBot%2Fcomments%2F1tskg07%2Fremindmebot_is_switching_to_username_summons%2Fow290ph%2F%5D%0A%0ARemindMe%21+2031-07-07+11%3A08%3A47+UTC;scartato;non è una fonte: collegamento del bot RemindMe, un promemoria e non un contenuto
https://www.reddit.com/message/compose?to=RemindMeBot&subject=Reminder&message=%5Bhttps%3A%2F%2Fwww.reddit.com%2Fr%2FRemindMeBot%2Fcomments%2F1tskg07%2Fremindmebot_is_switching_to_username_summons%2Foways1e%2F%5D%0A%0ARemindMe%21+2026-07-09+01%3A17%3A48+UTC;scartato;non è una fonte: collegamento del bot RemindMe, un promemoria e non un contenuto
https://www.reddit.com/message/compose?to=RemindMeBot&subject=Reminder&message=%5Bhttps%3A%2F%2Fwww.reddit.com%2Fr%2FRemindMeBot%2Fcomments%2F1tskg07%2Fremindmebot_is_switching_to_username_summons%2Fowdd2tl%2F%5D%0A%0ARemindMe%21+2026-07-09+21%3A29%3A45+UTC;scartato;non è una fonte: collegamento del bot RemindMe, un promemoria e non un contenuto
https://www.reddit.com/message/compose?to=RemindMeBot&subject=Reminder&message=%5Bhttps%3A%2F%2Fwww.reddit.com%2Fr%2FRemindMeBot%2Fcomments%2F1tskg07%2Fremindmebot_is_switching_to_username_summons%2Fowdlzcg%2F%5D%0A%0ARemindMe%21+2026-07-09+22%3A11%3A43+UTC;scartato;non è una fonte: collegamento del bot RemindMe, un promemoria e non un contenuto
https://www.reddit.com/message/compose?to=RemindMeBot&subject=Reminder&message=%5Bhttps%3A%2F%2Fwww.reddit.com%2Fr%2FRemindMeBot%2Fcomments%2F1tskg07%2Fremindmebot_is_switching_to_username_summons%2Fowdw9sl%2F%5D%0A%0ARemindMe%21+2026-07-28+02%3A26%3A20+UTC;scartato;non è una fonte: collegamento del bot RemindMe, un promemoria e non un contenuto
https://www.reddit.com/message/compose?to=RemindMeBot&subject=Reminder&message=%5Bhttps%3A%2F%2Fwww.reddit.com%2Fr%2FRemindMeBot%2Fcomments%2F1tskg07%2Fremindmebot_is_switching_to_username_summons%2Fowgmckh%2F%5D%0A%0ARemindMe%21+2026-07-10+09%3A59%3A57+UTC;scartato;non è una fonte: collegamento del bot RemindMe, un promemoria e non un contenuto
https://www.reddit.com/message/compose?to=RemindMeBot&subject=Reminder&message=%5Bhttps%3A%2F%2Fwww.reddit.com%2Fr%2FRemindMeBot%2Fcomments%2F1tskg07%2Fremindmebot_is_switching_to_username_summons%2Fowgssfi%2F%5D%0A%0ARemindMe%21+2026-07-09+14%3A47%3A55+UTC;scartato;non è una fonte: collegamento del bot RemindMe, un promemoria e non un contenuto
https://www.reddit.com/message/compose?to=RemindMeBot&subject=Reminder&message=%5Bhttps%3A%2F%2Fwww.reddit.com%2Fr%2FRemindMeBot%2Fcomments%2F1tskg07%2Fremindmebot_is_switching_to_username_summons%2Fowgsxb4%2F%5D%0A%0ARemindMe%21+2026-08-04+00%3A13%3A01+UTC;scartato;non è una fonte: collegamento del bot RemindMe, un promemoria e non un contenuto
https://www.reddit.com/message/compose?to=RemindMeBot&subject=Reminder&message=%5Bhttps%3A%2F%2Fwww.reddit.com%2Fr%2FRemindMeBot%2Fcomments%2F1tskg07%2Fremindmebot_is_switching_to_username_summons%2Fowigxmg%2F%5D%0A%0ARemindMe%21+2026-12-07+09%3A50%3A47+UTC;scartato;non è una fonte: collegamento del bot RemindMe, un promemoria e non un contenuto
https://www.reddit.com/message/compose?to=RemindMeBot&subject=Reminder&message=%5Bhttps%3A%2F%2Fwww.reddit.com%2Fr%2FRemindMeBot%2Fcomments%2F1tskg07%2Fremindmebot_is_switching_to_username_summons%2Fowm5ztg%2F%5D%0A%0ARemindMe%21+2026-10-13+18%3A04%3A27+UTC;scartato;non è una fonte: collegamento del bot RemindMe, un promemoria e non un contenuto
https://www.reddit.com/message/compose?to=RemindMeBot&subject=Reminder&message=%5Bhttps%3A%2F%2Fwww.reddit.com%2Fr%2FRemindMeBot%2Fcomments%2F1tskg07%2Fremindmebot_is_switching_to_username_summons%2Fownwxig%2F%5D%0A%0ARemindMe%21+2026-07-11+09%3A16%3A09+UTC;scartato;non è una fonte: collegamento del bot RemindMe, un promemoria e non un contenuto
https://www.reddit.com/message/compose?to=RemindMeBot&subject=Reminder&message=%5Bhttps%3A%2F%2Fwww.reddit.com%2Fr%2FRemindMeBot%2Fcomments%2F1tskg07%2Fremindmebot_is_switching_to_username_summons%2Fowphbrn%2F%5D%0A%0ARemindMe%21+2027-05-13+11%3A30%3A10+UTC;scartato;non è una fonte: collegamento del bot RemindMe, un promemoria e non un contenuto
https://www.reddit.com/message/compose?to=RemindMeBot&subject=Reminder&message=%5Bhttps%3A%2F%2Fwww.reddit.com%2Fr%2FRemindMeBot%2Fcomments%2F1tskg07%2Fremindmebot_is_switching_to_username_summons%2Fowqzus7%2F%5D%0A%0ARemindMe%21+2026-07-11+18%3A32%3A27+UTC;scartato;non è una fonte: collegamento del bot RemindMe, un promemoria e non un contenuto
https://www.reddit.com/message/compose?to=RemindMeBot&subject=Reminder&message=%5Bhttps%3A%2F%2Fwww.reddit.com%2Fr%2FRemindMeBot%2Fcomments%2F1tskg07%2Fremindmebot_is_switching_to_username_summons%2Fowv7uwe%2F%5D%0A%0ARemindMe%21+2027-01-23+15%3A32%3A08+UTC;scartato;non è una fonte: collegamento del bot RemindMe, un promemoria e non un contenuto
https://www.reddit.com/message/compose?to=RemindMeBot&subject=Reminder&message=%5Bhttps%3A%2F%2Fwww.reddit.com%2Fr%2FRemindMeBot%2Fcomments%2F1tskg07%2Fremindmebot_is_switching_to_username_summons%2Fowzogs0%2F%5D%0A%0ARemindMe%21+2026-09-06+00%3A09%3A38+UTC;scartato;non è una fonte: collegamento del bot RemindMe, un promemoria e non un contenuto
https://www.reddit.com/message/compose?to=RemindMeBot&subject=Reminder&message=%5Bhttps%3A%2F%2Fwww.reddit.com%2Fr%2FRemindMeBot%2Fcomments%2F1tskg07%2Fremindmebot_is_switching_to_username_summons%2Fox0abts%2F%5D%0A%0ARemindMe%21+2026-07-14+02%3A12%3A32+UTC;scartato;non è una fonte: collegamento del bot RemindMe, un promemoria e non un contenuto
https://www.reddit.com/message/compose?to=RemindMeBot&subject=Reminder&message=%5Bhttps%3A%2F%2Fwww.reddit.com%2Fr%2FRemindMeBot%2Fcomments%2F1tskg07%2Fremindmebot_is_switching_to_username_summons%2Fox1ztn6%2F%5D%0A%0ARemindMe%21+2026-11-02+16%3A42%3A26+UTC;scartato;non è una fonte: collegamento del bot RemindMe, un promemoria e non un contenuto
https://www.reddit.com/message/compose?to=RemindMeBot&subject=Reminder&message=%5Bhttps%3A%2F%2Fwww.reddit.com%2Fr%2FRemindMeBot%2Fcomments%2F1tskg07%2Fremindmebot_is_switching_to_username_summons%2Fox2y37a%2F%5D%0A%0ARemindMe%21+2026-07-13+13%3A35%3A34+UTC;scartato;non è una fonte: collegamento del bot RemindMe, un promemoria e non un contenuto
https://www.reddit.com/message/compose?to=RemindMeBot&subject=Reminder&message=%5Bhttps%3A%2F%2Fwww.reddit.com%2Fr%2FRemindMeBot%2Fcomments%2F1tskg07%2Fremindmebot_is_switching_to_username_summons%2Fox2y8xf%2F%5D%0A%0ARemindMe%21+2026-07-13+13%3A36%3A26+UTC;scartato;non è una fonte: collegamento del bot RemindMe, un promemoria e non un contenuto
https://www.reddit.com/message/compose?to=RemindMeBot&subject=Reminder&message=%5Bhttps%3A%2F%2Fwww.reddit.com%2Fr%2FRemindMeBot%2Fcomments%2F1tskg07%2Fremindmebot_is_switching_to_username_summons%2Fox2yha0%2F%5D%0A%0ARemindMe%21+2026-07-13+13%3A37%3A41+UTC;scartato;non è una fonte: collegamento del bot RemindMe, un promemoria e non un contenuto
https://www.reddit.com/message/compose?to=RemindMeBot&subject=Reminder&message=%5Bhttps%3A%2F%2Fwww.reddit.com%2Fr%2FRemindMeBot%2Fcomments%2F1tskg07%2Fremindmebot_is_switching_to_username_summons%2Fox5j61o%2F%5D%0A%0ARemindMe%21+2027-01-08+20%3A58%3A34+UTC;scartato;non è una fonte: collegamento del bot RemindMe, un promemoria e non un contenuto
https://www.reddit.com/message/compose?to=RemindMeBot&subject=Reminder&message=%5Bhttps%3A%2F%2Fwww.reddit.com%2Fr%2FRemindMeBot%2Fcomments%2F1tskg07%2Fremindmebot_is_switching_to_username_summons%2Fox67efo%2F%5D%0A%0ARemindMe%21+2026-07-12+23%3A06%3A27+UTC;scartato;non è una fonte: collegamento del bot RemindMe, un promemoria e non un contenuto
https://www.reddit.com/message/compose?to=RemindMeBot&subject=Reminder&message=%5Bhttps%3A%2F%2Fwww.reddit.com%2Fr%2FRemindMeBot%2Fcomments%2F1tskg07%2Fremindmebot_is_switching_to_username_summons%2Fox6lion%2F%5D%0A%0ARemindMe%21+2028-07-13+00%3A27%3A14+UTC;scartato;non è una fonte: collegamento del bot RemindMe, un promemoria e non un contenuto
https://www.reddit.com/message/compose?to=RemindMeBot&subject=Reminder&message=%5Bhttps%3A%2F%2Fwww.reddit.com%2Fr%2FRemindMeBot%2Fcomments%2F1tskg07%2Fremindmebot_is_switching_to_username_summons%2Foxexcko%2F%5D%0A%0ARemindMe%21+2026-07-14+07%3A34%3A40+UTC;scartato;non è una fonte: collegamento del bot RemindMe, un promemoria e non un contenuto
https://www.reddit.com/message/compose?to=RemindMeBot&subject=Reminder&message=%5Bhttps%3A%2F%2Fwww.reddit.com%2Fr%2FRemindMeBot%2Fcomments%2F1tskg07%2Fremindmebot_is_switching_to_username_summons%2Foxli1fd%2F%5D%0A%0ARemindMe%21+2027-01-15+01%3A36%3A45+UTC;scartato;non è una fonte: collegamento del bot RemindMe, un promemoria e non un contenuto
https://www.reddit.com/message/compose?to=RemindMeBot&subject=Reminder&message=%5Bhttps%3A%2F%2Fwww.reddit.com%2Fr%2FRemindMeBot%2Fcomments%2F1tskg07%2Fremindmebot_is_switching_to_username_summons%2Foxnu46d%2F%5D%0A%0ARemindMe%21+2026-09-15+11%3A41%3A13+UTC;scartato;non è una fonte: collegamento del bot RemindMe, un promemoria e non un contenuto
https://www.reddit.com/message/compose?to=RemindMeBot&subject=Reminder&message=%5Bhttps%3A%2F%2Fwww.reddit.com%2Fr%2FRemindMeBot%2Fcomments%2F1tskg07%2Fremindmebot_is_switching_to_username_summons%2Foxr15mh%2F%5D%0A%0ARemindMe%21+2026-09-15+20%3A10%3A10+UTC;scartato;non è una fonte: collegamento del bot RemindMe, un promemoria e non un contenuto
https://www.reddit.com/message/compose?to=RemindMeBot&subject=Reminder&message=%5Bhttps%3A%2F%2Fwww.reddit.com%2Fr%2FRemindMeBot%2Fcomments%2F1tskg07%2Fremindmebot_is_switching_to_username_summons%2Foxw7jf1%2F%5D%0A%0ARemindMe%21+2027-01-16+14%3A25%3A00+UTC;scartato;non è una fonte: collegamento del bot RemindMe, un promemoria e non un contenuto
https://www.reddit.com/message/compose?to=RemindMeBot&subject=Reminder&message=%5Bhttps%3A%2F%2Fwww.reddit.com%2Fr%2FRemindMeBot%2Fcomments%2F1tskg07%2Fremindmebot_is_switching_to_username_summons%2Foxydhho%2F%5D%0A%0ARemindMe%21+2028-07-16+19%3A49%3A05+UTC;scartato;non è una fonte: collegamento del bot RemindMe, un promemoria e non un contenuto
https://www.reddit.com/message/compose?to=RemindMeBot&subject=Reminder&message=%5Bhttps%3A%2F%2Fwww.reddit.com%2Fr%2FRemindMeBot%2Fcomments%2F1tskg07%2Fremindmebot_is_switching_to_username_summons%2Foy14co3%2F%5D%0A%0ARemindMe%21+2026-07-19+04%3A32%3A20+UTC;scartato;non è una fonte: collegamento del bot RemindMe, un promemoria e non un contenuto
https://www.reddit.com/message/compose?to=RemindMeBot&subject=Reminder&message=%5Bhttps%3A%2F%2Fwww.reddit.com%2Fr%2FRemindMeBot%2Fcomments%2F1tskg07%2Fremindmebot_is_switching_to_username_summons%2Foy6yxzc%2F%5D%0A%0ARemindMe%21+2026-07-18+23%3A29%3A58+UTC;scartato;non è una fonte: collegamento del bot RemindMe, un promemoria e non un contenuto
https://www.reddit.com/message/compose?to=RemindMeBot&subject=Reminder&message=%5Bhttps%3A%2F%2Fwww.reddit.com%2Fr%2FRemindMeBot%2Fcomments%2F1tskg07%2Fremindmebot_is_switching_to_username_summons%2Foy96567%2F%5D%0A%0ARemindMe%21+2026-07-19+08%3A30%3A41+UTC;scartato;non è una fonte: collegamento del bot RemindMe, un promemoria e non un contenuto
https://www.reddit.com/message/compose?to=RemindMeBot&subject=Reminder&message=%5Bhttps%3A%2F%2Fwww.reddit.com%2Fr%2FRemindMeBot%2Fcomments%2F1tskg07%2Fremindmebot_is_switching_to_username_summons%2Foy9cegs%2F%5D%0A%0ARemindMe%21+2026-07-19+00%3A00%3A00+UTC;scartato;non è una fonte: collegamento del bot RemindMe, un promemoria e non un contenuto
https://www.reddit.com/message/compose?to=RemindMeBot&subject=Reminder&message=%5Bhttps%3A%2F%2Fwww.reddit.com%2Fr%2FRemindMeBot%2Fcomments%2F1tskg07%2Fremindmebot_is_switching_to_username_summons%2Foy9cl3t%2F%5D%0A%0ARemindMe%21+2026-07-19+00%3A00%3A00+UTC;scartato;non è una fonte: collegamento del bot RemindMe, un promemoria e non un contenuto
https://www.reddit.com/message/compose?to=RemindMeBot&subject=Reminder&message=%5Bhttps%3A%2F%2Fwww.reddit.com%2Fr%2FRemindMeBot%2Fcomments%2F1tskg07%2Fremindmebot_is_switching_to_username_summons%2Foy9y2tf%2F%5D%0A%0ARemindMe%21+2026-07-25+12%3A10%3A20+UTC;scartato;non è una fonte: collegamento del bot RemindMe, un promemoria e non un contenuto
https://www.reddit.com/message/compose?to=RemindMeBot&subject=Reminder&message=%5Bhttps%3A%2F%2Fwww.reddit.com%2Fr%2FRemindMeBot%2Fcomments%2F1tskg07%2Fremindmebot_is_switching_to_username_summons%2Foycimn7%2F%5D%0A%0ARemindMe%21+2026-07-19+19%3A47%3A34+UTC;scartato;non è una fonte: collegamento del bot RemindMe, un promemoria e non un contenuto
https://www.reddit.com/message/compose?to=RemindMeBot&subject=Reminder&message=%5Bhttps%3A%2F%2Fwww.reddit.com%2Fr%2FRemindMeBot%2Fcomments%2F1tskg07%2Fremindmebot_is_switching_to_username_summons%2Foyeciae%2F%5D%0A%0ARemindMe%21+2026-07-21+01%3A29%3A49+UTC;scartato;non è una fonte: collegamento del bot RemindMe, un promemoria e non un contenuto
https://www.reddit.com/message/compose?to=RemindMeBot&subject=Reminder&message=%5Bhttps%3A%2F%2Fwww.reddit.com%2Fr%2FRemindMeBot%2Fcomments%2F1tskg07%2Fremindmebot_is_switching_to_username_summons%2Foykc5ef%2F%5D%0A%0ARemindMe%21+2026-10-19+22%3A27%3A38+UTC;scartato;non è una fonte: collegamento del bot RemindMe, un promemoria e non un contenuto
https://www.reddit.com/message/compose?to=RemindMeBot&subject=Reminder&message=%5Bhttps%3A%2F%2Fwww.reddit.com%2Fr%2FRemindMeBot%2Fcomments%2F1tskg07%2Fremindmebot_is_switching_to_username_summons%2Foylpq5c%2F%5D%0A%0ARemindMe%21+2026-08-20+03%3A00%3A36+UTC;scartato;non è una fonte: collegamento del bot RemindMe, un promemoria e non un contenuto
https://www.reddit.com/message/compose?to=RemindMeBot&subject=Reminder&message=%5Bhttps%3A%2F%2Fwww.reddit.com%2Fr%2FRemindMeBot%2Fcomments%2F1tskg07%2Fremindmebot_is_switching_to_username_summons%2Foyo50wa%2F%5D%0A%0ARemindMe%21+2149-12-16+01%3A25%3A26+UTC;scartato;non è una fonte: collegamento del bot RemindMe, un promemoria e non un contenuto
https://www.reddit.com/message/compose?to=RemindMeBot&subject=Reminder&message=%5Bhttps%3A%2F%2Fwww.reddit.com%2Fr%2FRemindMeBot%2Fcomments%2F1tskg07%2Fremindmebot_is_switching_to_username_summons%2Foyonroj%2F%5D%0A%0ARemindMe%21+2026-07-21+15%3A00%3A57+UTC;scartato;non è una fonte: collegamento del bot RemindMe, un promemoria e non un contenuto
https://www.reddit.com/message/compose?to=RemindMeBot&subject=Reminder&message=%5Bhttps%3A%2F%2Fwww.reddit.com%2Fr%2FRemindMeBot%2Fcomments%2F1tskg07%2Fremindmebot_is_switching_to_username_summons%2Foysr0v4%2F%5D%0A%0ARemindMe%21+2026-07-22+02%3A40%3A25+UTC;scartato;non è una fonte: collegamento del bot RemindMe, un promemoria e non un contenuto
https://www.reddit.com/message/compose?to=RemindMeBot&subject=Reminder&message=%5Bhttps%3A%2F%2Fwww.reddit.com%2Fr%2FRemindMeBot%2Fcomments%2F1tskg07%2Fremindmebot_is_switching_to_username_summons%2Foyxuipi%2F%5D%0A%0ARemindMe%21+2026-10-21+20%3A03%3A37+UTC;scartato;non è una fonte: collegamento del bot RemindMe, un promemoria e non un contenuto
https://www.reddit.com/message/compose?to=RemindMeBot&subject=Reminder&message=%5Bhttps%3A%2F%2Fwww.reddit.com%2Fr%2FRemindMeBot%2Fcomments%2F1tskg07%2Fremindmebot_is_switching_to_username_summons%2Foyxw8u7%2F%5D%0A%0ARemindMe%21+2026-07-23+20%3A11%3A05+UTC;scartato;non è una fonte: collegamento del bot RemindMe, un promemoria e non un contenuto
https://www.reddit.com/message/compose?to=RemindMeBot&subject=Reminder&message=%5Bhttps%3A%2F%2Fwww.reddit.com%2Fr%2FRemindMeBot%2Fcomments%2F1tskg07%2Fremindmebot_is_switching_to_username_summons%2Foz0f4zk%2F%5D%0A%0ARemindMe%21+2027-01-22+04%3A07%3A18+UTC;scartato;non è una fonte: collegamento del bot RemindMe, un promemoria e non un contenuto
https://www.reddit.com/message/compose?to=RemindMeBot&subject=Reminder&message=%5Bhttps%3A%2F%2Fwww.reddit.com%2Fr%2FRemindMeBot%2Fcomments%2F1tskg07%2Fremindmebot_is_switching_to_username_summons%2Foz1zh57%2F%5D%0A%0ARemindMe%21+2026-07-23+11%3A18%3A49+UTC;scartato;non è una fonte: collegamento del bot RemindMe, un promemoria e non un contenuto
https://www.reddit.com/message/compose?to=RemindMeBot&subject=Reminder&message=%5Bhttps%3A%2F%2Fwww.reddit.com%2Fr%2FRemindMeBot%2Fcomments%2F1tskg07%2Fremindmebot_is_switching_to_username_summons%2Foz20p3u%2F%5D%0A%0ARemindMe%21+2027-07-22+11%3A26%3A30+UTC;scartato;non è una fonte: collegamento del bot RemindMe, un promemoria e non un contenuto
https://www.reddit.com/message/compose?to=RemindMeBot&subject=Reminder&message=%5Bhttps%3A%2F%2Fwww.reddit.com%2Fr%2FRemindMeBot%2Fcomments%2F1tskg07%2Fremindmebot_is_switching_to_username_summons%2Foz22cnj%2F%5D%0A%0ARemindMe%21+2026-07-22+11%3A36%3A57+UTC;scartato;non è una fonte: collegamento del bot RemindMe, un promemoria e non un contenuto
https://www.reddit.com/message/compose?to=RemindMeBot&subject=Reminder&message=%5Bhttps%3A%2F%2Fwww.reddit.com%2Fr%2FRemindMeBot%2Fcomments%2F1tskg07%2Fremindmebot_is_switching_to_username_summons%2Fozbikoh%2F%5D%0A%0ARemindMe%21+2026-07-24+17%3A15%3A09+UTC;scartato;non è una fonte: collegamento del bot RemindMe, un promemoria e non un contenuto
https://www.reddit.com/message/compose?to=RemindMeBot&subject=Reminder&message=%5Bhttps%3A%2F%2Fwww.reddit.com%2Fr%2FRemindMeBot%2Fcomments%2F1tskg07%2Fremindmebot_is_switching_to_username_summons%2Fozbj6yw%2F%5D%0A%0ARemindMe%21+2026-07-24+17%3A17%3A42+UTC;scartato;non è una fonte: collegamento del bot RemindMe, un promemoria e non un contenuto
https://www.reddit.com/message/compose?to=RemindMeBot&subject=Reminder&message=%5Bhttps%3A%2F%2Fwww.reddit.com%2Fr%2FRemindMeBot%2Fcomments%2F1tskg07%2Fremindmebot_is_switching_to_username_summons%2Fozdb94w%2F%5D%0A%0ARemindMe%21+2026-10-13+21%3A53%3A50+UTC;scartato;non è una fonte: collegamento del bot RemindMe, un promemoria e non un contenuto
https://www.reddit.com/message/compose?to=RemindMeBot&subject=Reminder&message=%5Bhttps%3A%2F%2Fwww.reddit.com%2Fr%2FRemindMeBot%2Fcomments%2F1tskg07%2Fremindmebot_is_switching_to_username_summons%2Foze09hd%2F%5D%0A%0ARemindMe%21+2026-07-25+00%3A04%3A48+UTC;scartato;non è una fonte: collegamento del bot RemindMe, un promemoria e non un contenuto
https://www.reddit.com/message/compose?to=RemindMeBot&subject=Reminder&message=%5Bhttps%3A%2F%2Fwww.reddit.com%2Fr%2FRemindMeBot%2Fcomments%2F1tskg07%2Fremindmebot_is_switching_to_username_summons%2Fozfi4mf%2F%5D%0A%0ARemindMe%21+4026-07-24+05%3A38%3A34+UTC;scartato;non è una fonte: collegamento del bot RemindMe, un promemoria e non un contenuto
https://www.reddit.com/message/compose?to=RemindMeBot&subject=Reminder&message=%5Bhttps%3A%2F%2Fwww.reddit.com%2Fr%2FRemindMeBot%2Fcomments%2F1tskg07%2Fremindmebot_is_switching_to_username_summons%2Fozgzyov%2F%5D%0A%0ARemindMe%21+2038-07-24+12%3A19%3A10+UTC;scartato;non è una fonte: collegamento del bot RemindMe, un promemoria e non un contenuto
https://www.reddit.com/message/compose?to=RemindMeBot&subject=Reminder&message=%5Bhttps%3A%2F%2Fwww.reddit.com%2Fr%2FRemindMeBot%2Fcomments%2F1tskg07%2Fremindmebot_is_switching_to_username_summons%2Fozkwb1n%2F%5D%0A%0ARemindMe%21+2029-07-24+22%3A47%3A57+UTC;scartato;non è una fonte: collegamento del bot RemindMe, un promemoria e non un contenuto
https://www.reddit.com/message/compose?to=RemindMeBot&subject=Reminder&message=%5Bhttps%3A%2F%2Fwww.reddit.com%2Fr%2FRemindMeBot%2Fcomments%2F1tskg07%2Fremindmebot_is_switching_to_username_summons%2Fozkwmye%2F%5D%0A%0ARemindMe%21+2026-07-25+22%3A49%3A43+UTC;scartato;non è una fonte: collegamento del bot RemindMe, un promemoria e non un contenuto
https://www.reddit.com/message/compose?to=RemindMeBot&subject=Reminder&message=%5Bhttps%3A%2F%2Fwww.reddit.com%2Fr%2FRemindMeBot%2Fcomments%2F1tskg07%2Fremindmebot_is_switching_to_username_summons%2Foznfr53%2F%5D%0A%0ARemindMe%21+2026-08-01+09%3A14%3A04+UTC;scartato;non è una fonte: collegamento del bot RemindMe, un promemoria e non un contenuto
https://www.reddit.com/message/compose?to=RemindMeBot&subject=Reminder&message=%5Bhttps%3A%2F%2Fwww.reddit.com%2Fr%2FRemindMeBot%2Fcomments%2F1tskg07%2Fremindmebot_is_switching_to_username_summons%2Fozoqkfb%2F%5D%0A%0ARemindMe%21+2026-07-26+14%3A22%3A06+UTC;scartato;non è una fonte: collegamento del bot RemindMe, un promemoria e non un contenuto
https://www.reddit.com/message/compose?to=RemindMeBot&subject=Reminder&message=%5Bhttps%3A%2F%2Fwww.reddit.com%2Fr%2FRemindMeBot%2Fcomments%2F1tskg07%2Fremindmebot_is_switching_to_username_summons%2Fozqea6k%2F%5D%0A%0ARemindMe%21+2026-07-26+19%3A11%3A12+UTC;scartato;non è una fonte: collegamento del bot RemindMe, un promemoria e non un contenuto
https://www.reddit.com/message/compose?to=RemindMeBot&subject=Reminder&message=%5Bhttps%3A%2F%2Fwww.reddit.com%2Fr%2FRemindMeBot%2Fcomments%2F1tskg07%2Fremindmebot_is_switching_to_username_summons%2Fozwrnuo%2F%5D%0A%0ARemindMe%21+2026-07-27+18%3A14%3A13+UTC;scartato;non è una fonte: collegamento del bot RemindMe, un promemoria e non un contenuto
https://www.reddit.com/message/compose?to=RemindMeBot&subject=Reminder&message=%5Bhttps%3A%2F%2Fwww.reddit.com%2Fr%2FRemindMeBot%2Fcomments%2F1tskg07%2Fremindmebot_is_switching_to_username_summons%2Fp07c4gu%2F%5D%0A%0ARemindMe%21+2026-07-28+05%3A39%3A51+UTC;scartato;non è una fonte: collegamento del bot RemindMe, un promemoria e non un contenuto
https://www.reddit.com/message/compose?to=RemindMeBot&subject=Reminder&message=%5Bhttps%3A%2F%2Fwww.reddit.com%2Fr%2FRemindMeBot%2Fcomments%2F1tskg07%2Fremindmebot_is_switching_to_username_summons%2Fp0flnn5%2F%5D%0A%0ARemindMe%21+2026-07-29+09%3A07%3A30+UTC;scartato;non è una fonte: collegamento del bot RemindMe, un promemoria e non un contenuto
https://www.reddit.com/message/compose?to=RemindMeBot&subject=Reminder&message=%5Bhttps%3A%2F%2Fwww.reddit.com%2Fr%2FRemindMeBot%2Fcomments%2F1tskg07%2Fremindmebot_is_switching_to_username_summons%2Fp0flqhe%2F%5D%0A%0ARemindMe%21+2026-07-29+10%3A07%3A10+UTC;scartato;non è una fonte: collegamento del bot RemindMe, un promemoria e non un contenuto
https://www.reddit.com/message/compose?to=RemindMeBot&subject=Reminder&message=%5Bhttps%3A%2F%2Fwww.reddit.com%2Fr%2FRemindMeBot%2Fcomments%2F1tskg07%2Fremindmebot_is_switching_to_username_summons%2Fp0gzfk3%2F%5D%0A%0ARemindMe%21+2026-08-05+14%3A06%3A21+UTC;scartato;non è una fonte: collegamento del bot RemindMe, un promemoria e non un contenuto
https://www.reddit.com/message/compose?to=RemindMeBot&subject=Reminder&message=%5Bhttps%3A%2F%2Fwww.reddit.com%2Fr%2FRemindMeBot%2Fcomments%2F1tskg07%2Fremindmebot_is_switching_to_username_summons%2Fp0ny32n%2F%5D%0A%0ARemindMe%21+2026-08-06+13%3A13%3A41+UTC;scartato;non è una fonte: collegamento del bot RemindMe, un promemoria e non un contenuto
https://www.reddit.com/message/compose?to=RemindMeBot&subject=Reminder&message=%5Bhttps%3A%2F%2Fwww.reddit.com%2Fr%2FRemindMeBot%2Fcomments%2F1tskg07%2Fremindmebot_is_switching_to_username_summons%2Fp0uc1s8%2F%5D%0A%0ARemindMe%21+2026-08-01+09%3A36%3A32+UTC;scartato;non è una fonte: collegamento del bot RemindMe, un promemoria e non un contenuto
https://www.reddit.com/message/compose?to=RemindMeBot&subject=Reminder&message=%5Bhttps%3A%2F%2Fwww.reddit.com%2Fr%2FRemindMeBot%2Fcomments%2F1tskg07%2Fremindmebot_is_switching_to_username_summons%2Fp0z4yuz%2F%5D%0A%0ARemindMe%21+2026-08-01+23%3A43%3A12+UTC;scartato;non è una fonte: collegamento del bot RemindMe, un promemoria e non un contenuto
https://www.reddit.com/message/compose?to=RemindMeBot&subject=Reminder&message=%5Bhttps%3A%2F%2Fwww.reddit.com%2Fr%2FRemindMeBot%2Fcomments%2F1tskg07%2Fremindmebot_is_switching_to_username_summons%2Fp10x36a%2F%5D%0A%0ARemindMe%21+2026-08-01+07%3A42%3A01+UTC;scartato;non è una fonte: collegamento del bot RemindMe, un promemoria e non un contenuto
https://www.reddit.com/message/compose?to=RemindMeBot&subject=Reminder&message=%5Bhttps%3A%2F%2Fwww.reddit.com%2Fr%2FRemindMeBot%2Fcomments%2F1tskg07%2Fremindmebot_is_switching_to_username_summons%2Fp11hfar%2F%5D%0A%0ARemindMe%21+2027-03-20+19%3A52%3A30+UTC;scartato;non è una fonte: collegamento del bot RemindMe, un promemoria e non un contenuto
https://www.reddit.com/message/compose?to=RemindMeBot&subject=Reminder&message=%5Bhttps%3A%2F%2Fwww.reddit.com%2Fr%2FRemindMeBot%2Fcomments%2F1tskg07%2Fremindmebot_is_switching_to_username_summons%2Fp12cj5s%2F%5D%0A%0ARemindMe%21+2026-08-02+13%3A14%3A42+UTC;scartato;non è una fonte: collegamento del bot RemindMe, un promemoria e non un contenuto
https://www.reddit.com/message/compose?to=RemindMeBot&subject=Reminder&message=%5Bhttps%3A%2F%2Fwww.reddit.com%2Fr%2FRemindMeBot%2Fcomments%2F1tskg07%2Fremindmebot_is_switching_to_username_summons%2Fp12cn9a%2F%5D%0A%0ARemindMe%21+2026-08-02+13%3A15%3A21+UTC;scartato;non è una fonte: collegamento del bot RemindMe, un promemoria e non un contenuto
https://www.reddit.com/message/compose?to=RemindMeBot&subject=Reminder&message=%5Bhttps%3A%2F%2Fwww.reddit.com%2Fr%2FRemindMeBot%2Fcomments%2F1tskg07%2Fremindmebot_is_switching_to_username_summons%2Fp1b03gc%2F%5D%0A%0ARemindMe%21+2026-08-10+18%3A57%3A01+UTC;scartato;non è una fonte: collegamento del bot RemindMe, un promemoria e non un contenuto
https://www.reddit.com/message/compose?to=RemindMeBot&subject=Reminder&message=%5Bhttps%3A%2F%2Fwww.reddit.com%2Fr%2FRemindMeBot%2Fcomments%2F1tskg07%2Fremindmebot_is_switching_to_username_summons%2Fp1g8d8p%2F%5D%0A%0ARemindMe%21+2026-12-15+02%3A03%3A53+UTC;scartato;non è una fonte: collegamento del bot RemindMe, un promemoria e non un contenuto
https://www.reddit.com/message/compose?to=RemindMeBot&subject=Reminder&message=%5Bhttps%3A%2F%2Fwww.reddit.com%2Fr%2FRemindMeBot%2Fcomments%2F1tskg07%2Fremindmebot_is_switching_to_username_summons%2Fp1gwhpu%2F%5D%0A%0ARemindMe%21+2027-01-29+06%3A19%3A43+UTC;scartato;non è una fonte: collegamento del bot RemindMe, un promemoria e non un contenuto
https://www.reddit.com/message/compose?to=RemindMeBot&subject=Reminder&message=%5Bhttps%3A%2F%2Fwww.reddit.com%2Fr%2FRemindMeBot%2Fcomments%2F1tskg07%2Fremindmebot_is_switching_to_username_summons%2Fp1j1vix%2F%5D%0A%0ARemindMe%21+2026-08-04+21%3A27%3A31+UTC;scartato;non è una fonte: collegamento del bot RemindMe, un promemoria e non un contenuto
https://www.reddit.com/message/compose?to=RemindMeBot&subject=Reminder&message=%5Bhttps%3A%2F%2Fwww.reddit.com%2Fr%2FRemindMeBot%2Fcomments%2F1tskg07%2Fremindmebot_is_switching_to_username_summons%2Fp1rgq9p%2F%5D%0A%0ARemindMe%21+2026-08-05+00%3A45%3A04+UTC;scartato;non è una fonte: collegamento del bot RemindMe, un promemoria e non un contenuto
https://www.reddit.com/message/compose?to=RemindMeBot&subject=Reminder&message=%5Bhttps%3A%2F%2Fwww.reddit.com%2Fr%2FRemindMeBot%2Fcomments%2F1tskg07%2Fremindmebot_is_switching_to_username_summons%2Fp1v0ya4%2F%5D%0A%0ARemindMe%21+2026-08-12+14%3A22%3A45+UTC;scartato;non è una fonte: collegamento del bot RemindMe, un promemoria e non un contenuto
https://www.reddit.com/message/compose?to=RemindMeBot&subject=Reminder&message=%5Bhttps%3A%2F%2Fwww.reddit.com%2Fr%2FRemindMeBot%2Fcomments%2F1tskg07%2Fremindmebot_is_switching_to_username_summons%2Fp1vnu6j%2F%5D%0A%0ARemindMe%21+2026-08-06+16%3A00%3A11+UTC;scartato;non è una fonte: collegamento del bot RemindMe, un promemoria e non un contenuto
https://www.reddit.com/message/compose?to=RemindMeBot&subject=Reminder&message=%5Bhttps%3A%2F%2Fwww.reddit.com%2Fr%2FRemindMeBot%2Fcomments%2F1tskg07%2Fremindmebot_is_switching_to_username_summons%2Fp1ytsz4%2F%5D%0A%0ARemindMe%21+2026-08-06+00%3A40%3A53+UTC;scartato;non è una fonte: collegamento del bot RemindMe, un promemoria e non un contenuto
https://www.reddit.com/message/compose?to=RemindMeBot&subject=Reminder&message=%5Bhttps%3A%2F%2Fwww.reddit.com%2Fr%2FRemindMeBot%2Fcomments%2F1tskg07%2Fremindmebot_is_switching_to_username_summons%2Fp1z9fpj%2F%5D%0A%0ARemindMe%21+2026-08-06+21%3A00%3A00+UTC;scartato;non è una fonte: collegamento del bot RemindMe, un promemoria e non un contenuto
https://www.reddit.com/message/compose?to=RemindMeBot&subject=Reminder&message=%5Bhttps%3A%2F%2Fwww.reddit.com%2Fr%2FRemindMeBot%2Fcomments%2F1tskg07%2Fremindmebot_is_switching_to_username_summons%2Fp2aheh8%2F%5D%0A%0ARemindMe%21+2026-12-06+00%3A00%3A00+UTC;scartato;non è una fonte: collegamento del bot RemindMe, un promemoria e non un contenuto
https://www.reddit.com/message/compose?to=RemindMeBot&subject=Reminder&message=%5Bhttps%3A%2F%2Fwww.reddit.com%2Fr%2FRemindMeBot%2Fcomments%2F1tskg07%2Fremindmebot_is_switching_to_username_summons%2Fp2ehqq1%2F%5D%0A%0ARemindMe%21+2026-08-08+04%3A24%3A50+UTC;scartato;non è una fonte: collegamento del bot RemindMe, un promemoria e non un contenuto
https://www.reddit.com/message/compose?to=RemindMeBot&subject=Reminder&message=%5Bhttps%3A%2F%2Fwww.reddit.com%2Fr%2FRemindMeBot%2Fcomments%2F1tskg07%2Fremindmebot_is_switching_to_username_summons%2Fp2mkwo3%2F%5D%0A%0ARemindMe%21+2026-08-10+11%3A20%3A30+UTC;scartato;non è una fonte: collegamento del bot RemindMe, un promemoria e non un contenuto
https://www.reddit.com/message/compose?to=RemindMeBot&subject=Reminder&message=%5Bhttps%3A%2F%2Fwww.reddit.com%2Fr%2FRemindMeBot%2Fcomments%2F1tskg07%2Fremindmebot_is_switching_to_username_summons%2Fp2qg86m%2F%5D%0A%0ARemindMe%21+9000-08-09+00%3A00%3A00+UTC;scartato;non è una fonte: collegamento del bot RemindMe, un promemoria e non un contenuto
https://www.reddit.com/message/compose?to=RemindMeBot&subject=Reminder&message=%5Bhttps%3A%2F%2Fwww.reddit.com%2Fr%2FRemindMeBot%2Fcomments%2F1tskg07%2Fremindmebot_is_switching_to_username_summons%2Fp2v09wo%2F%5D%0A%0ARemindMe%21+2026-08-11+16%3A16%3A50+UTC;scartato;non è una fonte: collegamento del bot RemindMe, un promemoria e non un contenuto
https://www.reddit.com/message/compose?to=RemindMeBot&subject=Reminder&message=%5Bhttps%3A%2F%2Fwww.reddit.com%2Fr%2FRemindMeBot%2Fcomments%2F1tskg07%2Fremindmebot_is_switching_to_username_summons%2Fp2y3uox%2F%5D%0A%0ARemindMe%21+2026-08-12+00%3A47%3A07+UTC;scartato;non è una fonte: collegamento del bot RemindMe, un promemoria e non un contenuto
https://www.reddit.com/message/compose?to=RemindMeBot&subject=Reminder&message=%5Bhttps%3A%2F%2Fwww.reddit.com%2Fr%2FRemindMeBot%2Fcomments%2F1tskg07%2Fremindmebot_is_switching_to_username_summons%2Fp36h8rb%2F%5D%0A%0ARemindMe%21+2027-01-12+04%3A37%3A39+UTC;scartato;non è una fonte: collegamento del bot RemindMe, un promemoria e non un contenuto
https://www.reddit.com/message/compose?to=RemindMeBot&subject=Reminder&message=%5Bhttps%3A%2F%2Fwww.reddit.com%2Fr%2FRemindMeBot%2Fcomments%2F1tskg07%2Fremindmebot_is_switching_to_username_summons%2Fp3czts7%2F%5D%0A%0ARemindMe%21+2028-01-13+01%3A39%3A30+UTC;scartato;non è una fonte: collegamento del bot RemindMe, un promemoria e non un contenuto
https://www.reddit.com/message/compose?to=RemindMeBot&subject=Reminder&message=%5Bhttps%3A%2F%2Fwww.reddit.com%2Fr%2FRemindMeBot%2Fcomments%2F1tskg07%2Fremindmebot_is_switching_to_username_summons%2Fp3k4wtl%2F%5D%0A%0ARemindMe%21+2026-08-14+01%3A06%3A24+UTC;scartato;non è una fonte: collegamento del bot RemindMe, un promemoria e non un contenuto
https://www.reddit.com/message/compose?to=RemindMeBot&subject=Reminder&message=%5Bhttps%3A%2F%2Fwww.reddit.com%2Fr%2FRemindMeBot%2Fcomments%2F1tskg07%2Fremindmebot_is_switching_to_username_summons%2Fp3mv4kn%2F%5D%0A%0ARemindMe%21+2027-08-14+12%3A26%3A16+UTC;scartato;non è una fonte: collegamento del bot RemindMe, un promemoria e non un contenuto
https://www.reddit.com/message/compose?to=RemindMeBot&subject=Reminder&message=%5Bhttps%3A%2F%2Fwww.reddit.com%2Fr%2FRemindMeBot%2Fcomments%2F1tskg07%2Fremindmebot_is_switching_to_username_summons%2Fp41enw2%2F%5D%0A%0ARemindMe%21+2026-08-16+15%3A05%3A05+UTC;scartato;non è una fonte: collegamento del bot RemindMe, un promemoria e non un contenuto
https://www.reddit.com/message/compose?to=RemindMeBot&subject=Reminder&message=%5Bhttps%3A%2F%2Fwww.reddit.com%2Fr%2FRemindMeBot%2Fcomments%2F1tskg07%2Fremindmebot_is_switching_to_username_summons%2Fp428sjh%2F%5D%0A%0ARemindMe%21+2026-08-16+17%3A21%3A13+UTC;scartato;non è una fonte: collegamento del bot RemindMe, un promemoria e non un contenuto
https://www.reddit.com/message/compose?to=RemindMeBot&subject=Reminder&message=%5Bhttps%3A%2F%2Fwww.reddit.com%2Fr%2FRemindMeBot%2Fcomments%2F1tskg07%2Fremindmebot_is_switching_to_username_summons%2Fp429cd7%2F%5D%0A%0ARemindMe%21+2026-08-16+17%3A24%3A32+UTC;scartato;non è una fonte: collegamento del bot RemindMe, un promemoria e non un contenuto
https://www.reddit.com/message/compose?to=RemindMeBot&subject=Reminder&message=%5Bhttps%3A%2F%2Fwww.reddit.com%2Fr%2FRemindMeBot%2Fcomments%2F1tskg07%2Fremindmebot_is_switching_to_username_summons%2Fp4b8tsr%2F%5D%0A%0ARemindMe%21+2026-08-17+22%3A50%3A01+UTC;scartato;non è una fonte: collegamento del bot RemindMe, un promemoria e non un contenuto
https://www.reddit.com/message/compose?to=RemindMeBot&subject=Reminder&message=%5Bhttps%3A%2F%2Fwww.reddit.com%2Fr%2FRemindMeBot%2Fcomments%2F1tskg07%2Fremindmebot_is_switching_to_username_summons%2Fp4g83ou%2F%5D%0A%0ARemindMe%21+2026-08-19+16%3A52%3A53+UTC;scartato;non è una fonte: collegamento del bot RemindMe, un promemoria e non un contenuto
https://www.reddit.com/message/compose?to=RemindMeBot&subject=Reminder&message=%5Bhttps%3A%2F%2Fwww.reddit.com%2Fr%2FRemindMeBot%2Fcomments%2F1tskg07%2Fremindmebot_is_switching_to_username_summons%2Fp4gyw91%2F%5D%0A%0ARemindMe%21+2026-12-11+21%3A45%3A15+UTC;scartato;non è una fonte: collegamento del bot RemindMe, un promemoria e non un contenuto
https://www.reddit.com/message/compose?to=RemindMeBot&subject=Reminder&message=%5Bhttps%3A%2F%2Fwww.reddit.com%2Fr%2FRemindMeBot%2Fcomments%2F1tskg07%2Fremindmebot_is_switching_to_username_summons%2Fp4hlup2%2F%5D%0A%0ARemindMe%21+2034-12-18+20%3A25%3A45+UTC;scartato;non è una fonte: collegamento del bot RemindMe, un promemoria e non un contenuto
https://www.reddit.com/message/compose?to=RemindMeBot&subject=Reminder&message=%5Bhttps%3A%2F%2Fwww.reddit.com%2Fr%2FRemindMeBot%2Fcomments%2F1tskg07%2Fremindmebot_is_switching_to_username_summons%2Fp4iehqp%2F%5D%0A%0ARemindMe%21+2026-08-19+22%3A40%3A33+UTC;scartato;non è una fonte: collegamento del bot RemindMe, un promemoria e non un contenuto
https://www.reddit.com/message/compose?to=RemindMeBot&subject=Reminder&message=%5Bhttps%3A%2F%2Fwww.reddit.com%2Fr%2FRemindMeBot%2Fcomments%2F1tskg07%2Fremindmebot_is_switching_to_username_summons%2Fp4jxgwv%2F%5D%0A%0ARemindMe%21+2026-08-20+03%3A46%3A18+UTC;scartato;non è una fonte: collegamento del bot RemindMe, un promemoria e non un contenuto
https://www.reddit.com/message/compose?to=RemindMeBot&subject=Reminder&message=%5Bhttps%3A%2F%2Fwww.reddit.com%2Fr%2FRemindMeBot%2Fcomments%2F1tskg07%2Fremindmebot_is_switching_to_username_summons%2Fp4k0kjf%2F%5D%0A%0ARemindMe%21+2026-08-21+04%3A06%3A55+UTC;scartato;non è una fonte: collegamento del bot RemindMe, un promemoria e non un contenuto
https://www.reddit.com/message/compose?to=RemindMeBot&subject=Reminder&message=%5Bhttps%3A%2F%2Fwww.reddit.com%2Fr%2FRemindMeBot%2Fcomments%2F1tskg07%2Fremindmebot_is_switching_to_username_summons%2Fp4maa1c%2F%5D%0A%0ARemindMe%21+2026-08-19+13%3A44%3A33+UTC;scartato;non è una fonte: collegamento del bot RemindMe, un promemoria e non un contenuto
https://www.reddit.com/message/compose?to=RemindMeBot&subject=Reminder&message=%5Bhttps%3A%2F%2Fwww.reddit.com%2Fr%2FRemindMeBot%2Fcomments%2F1tskg07%2Fremindmebot_is_switching_to_username_summons%2Fp4mbgin%2F%5D%0A%0ARemindMe%21+2026-08-19+13%3A50%3A01+UTC;scartato;non è una fonte: collegamento del bot RemindMe, un promemoria e non un contenuto
https://www.reddit.com/message/compose?to=RemindMeBot&subject=Reminder&message=%5Bhttps%3A%2F%2Fwww.reddit.com%2Fr%2FRemindMeBot%2Fcomments%2F1tskg07%2Fremindmebot_is_switching_to_username_summons%2Fp4mjqv1%2F%5D%0A%0ARemindMe%21+2026-08-19+14%3A24%3A42+UTC;scartato;non è una fonte: collegamento del bot RemindMe, un promemoria e non un contenuto
https://www.reddit.com/message/compose?to=RemindMeBot&subject=Reminder&message=%5Bhttps%3A%2F%2Fwww.reddit.com%2Fr%2FRemindMeBot%2Fcomments%2F1tskg07%2Fremindmebot_is_switching_to_username_summons%2Fp4mudzs%2F%5D%0A%0ARemindMe%21+2026-08-20+15%3A11%3A27+UTC;scartato;non è una fonte: collegamento del bot RemindMe, un promemoria e non un contenuto
https://www.reddit.com/message/compose?to=RemindMeBot&subject=Reminder&message=%5Bhttps%3A%2F%2Fwww.reddit.com%2Fr%2FRemindMeBot%2Fcomments%2F1tskg07%2Fremindmebot_is_switching_to_username_summons%2Fp4muq17%2F%5D%0A%0ARemindMe%21+2126-08-19+15%3A12%3A54+UTC;scartato;non è una fonte: collegamento del bot RemindMe, un promemoria e non un contenuto
https://www.reddit.com/message/compose?to=RemindMeBot&subject=Reminder&message=%5Bhttps%3A%2F%2Fwww.reddit.com%2Fr%2FRemindMeBot%2Fcomments%2F1tskg07%2Fremindmebot_is_switching_to_username_summons%2Fp4o5lqu%2F%5D%0A%0ARemindMe%21+2026-08-20+18%3A30%3A16+UTC;scartato;non è una fonte: collegamento del bot RemindMe, un promemoria e non un contenuto
https://www.reddit.com/message/compose?to=RemindMeBot&subject=Reminder&message=%5Bhttps%3A%2F%2Fwww.reddit.com%2Fr%2FRemindMeBot%2Fcomments%2F1tskg07%2Fremindmebot_is_switching_to_username_summons%2Fp4smpfm%2F%5D%0A%0ARemindMe%21+2026-09-20+10%3A17%3A39+UTC;scartato;non è una fonte: collegamento del bot RemindMe, un promemoria e non un contenuto
https://www.reddit.com/message/compose?to=RemindMeBot&subject=Reminder&message=%5Bhttps%3A%2F%2Fwww.reddit.com%2Fr%2FRemindMeBot%2Fcomments%2F1tskg07%2Fremindmebot_is_switching_to_username_summons%2Fp4tc16u%2F%5D%0A%0ARemindMe%21+2026-10-14+04%3A14%3A49+UTC;scartato;non è una fonte: collegamento del bot RemindMe, un promemoria e non un contenuto
https://www.reddit.com/message/compose?to=RemindMeBot&subject=Reminder&message=%5Bhttps%3A%2F%2Fwww.reddit.com%2Fr%2FRemindMeBot%2Fcomments%2F1tskg07%2Fremindmebot_is_switching_to_username_summons%2Fp4td0k3%2F%5D%0A%0ARemindMe%21+2026-10-25+22%3A02%3A28+UTC;scartato;non è una fonte: collegamento del bot RemindMe, un promemoria e non un contenuto
https://www.reddit.com/message/compose?to=RemindMeBot&subject=Reminder&message=%5Bhttps%3A%2F%2Fwww.reddit.com%2Fr%2FRemindMeBot%2Fcomments%2F1tskg07%2Fremindmebot_is_switching_to_username_summons%2Fp4td1ck%2F%5D%0A%0ARemindMe%21+2026-08-21+12%3A56%3A28+UTC;scartato;non è una fonte: collegamento del bot RemindMe, un promemoria e non un contenuto
https://www.reddit.com/message/compose?to=RemindMeBot&subject=Reminder&message=%5Bhttps%3A%2F%2Fwww.reddit.com%2Fr%2FRemindMeBot%2Fcomments%2F1tskg07%2Fremindmebot_is_switching_to_username_summons%2Fp4tf8d2%2F%5D%0A%0ARemindMe%21+2026-08-21+13%3A07%3A29+UTC;scartato;non è una fonte: collegamento del bot RemindMe, un promemoria e non un contenuto
https://www.reddit.com/message/compose?to=RemindMeBot&subject=Reminder&message=%5Bhttps%3A%2F%2Fwww.reddit.com%2Fr%2FRemindMeBot%2Fcomments%2F1tskg07%2Fremindmebot_is_switching_to_username_summons%2Fp4tqkmw%2F%5D%0A%0ARemindMe%21+2026-08-20+14%3A02%3A14+UTC;scartato;non è una fonte: collegamento del bot RemindMe, un promemoria e non un contenuto
https://www.reddit.com/message/compose?to=RemindMeBot&subject=Reminder&message=%5Bhttps%3A%2F%2Fwww.reddit.com%2Fr%2FRemindMeBot%2Fcomments%2F1tskg07%2Fremindmebot_is_switching_to_username_summons%2Fp4w9zzq%2F%5D%0A%0ARemindMe%21+2027-05-26+12%3A35%3A04+UTC;scartato;non è una fonte: collegamento del bot RemindMe, un promemoria e non un contenuto
https://www.reddit.com/message/compose?to=RemindMeBot&subject=Reminder&message=%5Bhttps%3A%2F%2Fwww.reddit.com%2Fr%2FRemindMeBot%2Fcomments%2F1tskg07%2Fremindmebot_is_switching_to_username_summons%2Fp4wrprp%2F%5D%0A%0ARemindMe%21+2026-08-21+21%3A55%3A24+UTC;scartato;non è una fonte: collegamento del bot RemindMe, un promemoria e non un contenuto
https://www.reddit.com/message/compose?to=RemindMeBot&subject=Reminder&message=%5Bhttps%3A%2F%2Fwww.reddit.com%2Fr%2FRemindMeBot%2Fcomments%2F1tskg07%2Fremindmebot_is_switching_to_username_summons%2Fp4zih3z%2F%5D%0A%0ARemindMe%21+2026-12-21+08%3A23%3A54+UTC;scartato;non è una fonte: collegamento del bot RemindMe, un promemoria e non un contenuto
https://www.reddit.com/message/compose?to=RemindMeBot&subject=Reminder&message=%5Bhttps%3A%2F%2Fwww.reddit.com%2Fr%2FRemindMeBot%2Fcomments%2F1tskg07%2Fremindmebot_is_switching_to_username_summons%2Fp4znt5k%2F%5D%0A%0ARemindMe%21+2026-08-23+09%3A08%3A54+UTC;scartato;non è una fonte: collegamento del bot RemindMe, un promemoria e non un contenuto
https://www.reddit.com/message/compose?to=RemindMeBot&subject=Reminder&message=%5Bhttps%3A%2F%2Fwww.reddit.com%2Fr%2FRemindMeBot%2Fcomments%2F1tskg07%2Fremindmebot_is_switching_to_username_summons%2Fp53n7zz%2F%5D%0A%0ARemindMe%21+2026-08-27+20%3A59%3A57+UTC;scartato;non è una fonte: collegamento del bot RemindMe, un promemoria e non un contenuto
https://www.reddit.com/message/compose?to=RemindMeBot&subject=Reminder&message=%5Bhttps%3A%2F%2Fwww.reddit.com%2Fr%2FRemindMeBot%2Fcomments%2F1tskg07%2Fremindmebot_is_switching_to_username_summons%2Fp574t09%2F%5D%0A%0ARemindMe%21+2026-08-22+10%3A51%3A35+UTC;scartato;non è una fonte: collegamento del bot RemindMe, un promemoria e non un contenuto
https://www.reddit.com/message/compose?to=RemindMeBot&subject=Reminder&message=%5Bhttps%3A%2F%2Fwww.reddit.com%2Fr%2FRemindMeBot%2Fcomments%2F1tskg07%2Fremindmebot_is_switching_to_username_summons%2Fp575j8u%2F%5D%0A%0ARemindMe%21+2026-08-22+10%3A57%3A04+UTC;scartato;non è una fonte: collegamento del bot RemindMe, un promemoria e non un contenuto
https://www.reddit.com/message/compose?to=RemindMeBot&subject=Reminder&message=%5Bhttps%3A%2F%2Fwww.reddit.com%2Fr%2FRemindMeBot%2Fcomments%2F1tskg07%2Fremindmebot_is_switching_to_username_summons%2Fp58a9ec%2F%5D%0A%0ARemindMe%21+2026-08-23+14%3A50%3A33+UTC;scartato;non è una fonte: collegamento del bot RemindMe, un promemoria e non un contenuto
https://www.reddit.com/message/compose?to=RemindMeBot&subject=Reminder&message=%5Bhttps%3A%2F%2Fwww.reddit.com%2Fr%2FRemindMeBot%2Fcomments%2F1tskg07%2Fremindmebot_is_switching_to_username_summons%2Fp5htzl2%2F%5D%0A%0ARemindMe%21+2026-08-24+22%3A38%3A45+UTC;scartato;non è una fonte: collegamento del bot RemindMe, un promemoria e non un contenuto
https://www.reddit.com/message/compose?to=RemindMeBot&subject=Reminder&message=%5Bhttps%3A%2F%2Fwww.reddit.com%2Fr%2FRemindMeBot%2Fcomments%2F1tskg07%2Fremindmebot_is_switching_to_username_summons%2Fp5rjwt4%2F%5D%0A%0ARemindMe%21+2026-08-28+08%3A43%3A50+UTC;scartato;non è una fonte: collegamento del bot RemindMe, un promemoria e non un contenuto
https://www.reddit.com/message/compose?to=RemindMeBot&subject=Reminder&message=%5Bhttps%3A%2F%2Fwww.reddit.com%2Fr%2FRemindMeBot%2Fcomments%2F1tskg07%2Fremindmebot_is_switching_to_username_summons%2Fp5rl1k6%2F%5D%0A%0ARemindMe%21+2027-08-25+08%3A53%3A25+UTC;scartato;non è una fonte: collegamento del bot RemindMe, un promemoria e non un contenuto
https://www.reddit.com/message/compose?to=RemindMeBot&subject=Reminder&message=%5Bhttps%3A%2F%2Fwww.reddit.com%2Fr%2FRemindMeBot%2Fcomments%2F1tskg07%2Fremindmebot_is_switching_to_username_summons%2Fp5rl505%2F%5D%0A%0ARemindMe%21+2027-08-25+08%3A54%3A14+UTC;scartato;non è una fonte: collegamento del bot RemindMe, un promemoria e non un contenuto
https://www.reddit.com/message/compose?to=RemindMeBot&subject=Reminder&message=%5Bhttps%3A%2F%2Fwww.reddit.com%2Fr%2FRemindMeBot%2Fcomments%2F1tskg07%2Fremindmebot_is_switching_to_username_summons%2Fp5up14f%2F%5D%0A%0ARemindMe%21+2030-08-25+18%3A21%3A06+UTC;scartato;non è una fonte: collegamento del bot RemindMe, un promemoria e non un contenuto
https://www.reddit.com/message/compose?to=RemindMeBot&subject=Reminder&message=%5Bhttps%3A%2F%2Fwww.reddit.com%2Fr%2FRemindMeBot%2Fcomments%2F1tskg07%2Fremindmebot_is_switching_to_username_summons%2Fp5yro8x%2F%5D%0A%0ARemindMe%21+2026-08-27+07%3A52%3A07+UTC;scartato;non è una fonte: collegamento del bot RemindMe, un promemoria e non un contenuto
https://www.reddit.com/message/compose?to=RemindMeBot&subject=Reminder&message=%5Bhttps%3A%2F%2Fwww.reddit.com%2Fr%2FRemindMeBot%2Fcomments%2F1tskg07%2Fremindmebot_is_switching_to_username_summons%2Fp5ywezw%2F%5D%0A%0ARemindMe%21+2027-08-27+08%3A31%3A27+UTC;scartato;non è una fonte: collegamento del bot RemindMe, un promemoria e non un contenuto
https://www.reddit.com/message/compose?to=RemindMeBot&subject=Reminder&message=%5Bhttps%3A%2F%2Fwww.reddit.com%2Fr%2FRemindMeBot%2Fcomments%2F1tskg07%2Fremindmebot_is_switching_to_username_summons%2Fp5ywiu2%2F%5D%0A%0ARemindMe%21+2026-08-31+08%3A32%3A21+UTC;scartato;non è una fonte: collegamento del bot RemindMe, un promemoria e non un contenuto
https://www.reddit.com/message/compose?to=RemindMeBot&subject=Reminder&message=%5Bhttps%3A%2F%2Fwww.reddit.com%2Fr%2FRemindMeBot%2Fcomments%2F1tskg07%2Fremindmebot_is_switching_to_username_summons%2Fp64m3jo%2F%5D%0A%0ARemindMe%21+2026-11-27+01%3A31%3A45+UTC;scartato;non è una fonte: collegamento del bot RemindMe, un promemoria e non un contenuto
https://www.reddit.com/message/compose?to=RemindMeBot&subject=Reminder&message=%5Bhttps%3A%2F%2Fwww.reddit.com%2Fr%2FRemindMeBot%2Fcomments%2F1tskg07%2Fremindmebot_is_switching_to_username_summons%2Fp6b5alh%2F%5D%0A%0ARemindMe%21+2027-07-07+01%3A27%3A26+UTC;scartato;non è una fonte: collegamento del bot RemindMe, un promemoria e non un contenuto
https://www.reddit.com/message/compose?to=RemindMeBot&subject=Reminder&message=%5Bhttps%3A%2F%2Fwww.reddit.com%2Fr%2FRemindMeBot%2Fcomments%2F1tskg07%2Fremindmebot_is_switching_to_username_summons%2Fp6c7ffp%2F%5D%0A%0ARemindMe%21+2026-08-30+02%3A10%3A05+UTC;scartato;non è una fonte: collegamento del bot RemindMe, un promemoria e non un contenuto
https://www.reddit.com/message/compose?to=RemindMeBot&subject=Reminder&message=%5Bhttps%3A%2F%2Fwww.reddit.com%2Fr%2FRemindMeBot%2Fcomments%2F1tskg07%2Fremindmebot_is_switching_to_username_summons%2Fp6e3rw3%2F%5D%0A%0ARemindMe%21+2026-08-29+10%3A41%3A26+UTC;scartato;non è una fonte: collegamento del bot RemindMe, un promemoria e non un contenuto
https://www.reddit.com/message/compose?to=RemindMeBot&subject=Reminder&message=%5Bhttps%3A%2F%2Fwww.reddit.com%2Fr%2FRemindMeBot%2Fcomments%2F1tskg07%2Fremindmebot_is_switching_to_username_summons%2Fp6facs4%2F%5D%0A%0ARemindMe%21+2026-08-28+14%3A30%3A22+UTC;scartato;non è una fonte: collegamento del bot RemindMe, un promemoria e non un contenuto
https://www.reddit.com/message/compose?to=RemindMeBot&subject=Reminder&message=%5Bhttps%3A%2F%2Fwww.reddit.com%2Fr%2FRemindMeBot%2Fcomments%2F1tskg07%2Fremindmebot_is_switching_to_username_summons%2Fp6gq1ob%2F%5D%0A%0ARemindMe%21+2026-09-07+17%3A23%3A43+UTC;scartato;non è una fonte: collegamento del bot RemindMe, un promemoria e non un contenuto
https://www.reddit.com/message/compose?to=RemindMeBot&subject=Reminder&message=%5Bhttps%3A%2F%2Fwww.reddit.com%2Fr%2FRemindMeBot%2Fcomments%2F1tskg07%2Fremindmebot_is_switching_to_username_summons%2Fp6s0rjl%2F%5D%0A%0ARemindMe%21+2026-08-30+11%3A57%3A31+UTC;scartato;non è una fonte: collegamento del bot RemindMe, un promemoria e non un contenuto
https://www.reddit.com/message/compose?to=RemindMeBot&subject=Reminder&message=%5Bhttps%3A%2F%2Fwww.reddit.com%2Fr%2FRemindMeBot%2Fcomments%2F1tskg07%2Fremindmebot_is_switching_to_username_summons%2Fp6tdtuk%2F%5D%0A%0ARemindMe%21+2026-08-31+16%3A11%3A52+UTC;scartato;non è una fonte: collegamento del bot RemindMe, un promemoria e non un contenuto
https://www.reddit.com/message/compose?to=RemindMeBot&subject=Reminder&message=%5Bhttps%3A%2F%2Fwww.reddit.com%2Fr%2FRemindMeBot%2Fcomments%2F1tskg07%2Fremindmebot_is_switching_to_username_summons%2Fp6yv17x%2F%5D%0A%0ARemindMe%21+2029-08-31+12%3A23%3A30+UTC;scartato;non è una fonte: collegamento del bot RemindMe, un promemoria e non un contenuto
https://www.reddit.com/message/compose?to=RemindMeBot&subject=Reminder&message=%5Bhttps%3A%2F%2Fwww.reddit.com%2Fr%2FRemindMeBot%2Fcomments%2F1tskg07%2Fremindmebot_is_switching_to_username_summons%2Fp71nzsp%2F%5D%0A%0ARemindMe%21+2027-08-31+20%3A01%3A27+UTC;scartato;non è una fonte: collegamento del bot RemindMe, un promemoria e non un contenuto
https://www.reddit.com/message/compose?to=RemindMeBot&subject=Reminder&message=%5Bhttps%3A%2F%2Fwww.reddit.com%2Fr%2FRemindMeBot%2Fcomments%2F1tskg07%2Fremindmebot_is_switching_to_username_summons%2Fp73zm6h%2F%5D%0A%0ARemindMe%21+2026-09-02+03%3A15%3A27+UTC;scartato;non è una fonte: collegamento del bot RemindMe, un promemoria e non un contenuto
https://www.reddit.com/message/compose?to=RemindMeBot&subject=Reminder&message=%5Bhttps%3A%2F%2Fwww.reddit.com%2Fr%2FRemindMeBot%2Fcomments%2F1tskg07%2Fremindmebot_is_switching_to_username_summons%2Fp78ysut%2F%5D%0A%0ARemindMe%21+2026-09-02+20%3A23%3A45+UTC;scartato;non è una fonte: collegamento del bot RemindMe, un promemoria e non un contenuto
https://www.reddit.com/message/compose?to=RemindMeBot&subject=Reminder&message=%5Bhttps%3A%2F%2Fwww.reddit.com%2Fr%2FRemindMeBot%2Fcomments%2F1tskg07%2Fremindmebot_is_switching_to_username_summons%2Fp79q457%2F%5D%0A%0ARemindMe%21+2093-09-01+22%3A40%3A44+UTC;scartato;non è una fonte: collegamento del bot RemindMe, un promemoria e non un contenuto
https://www.reddit.com/message/compose?to=RemindMeBot&subject=Reminder&message=%5Bhttps%3A%2F%2Fwww.reddit.com%2Fr%2FRemindMeBot%2Fcomments%2F1tskg07%2Fremindmebot_is_switching_to_username_summons%2Fp7b52h0%2F%5D%0A%0ARemindMe%21+2026-09-03+03%3A26%3A59+UTC;scartato;non è una fonte: collegamento del bot RemindMe, un promemoria e non un contenuto
https://www.reddit.com/message/compose?to=RemindMeBot&subject=Reminder&message=%5Bhttps%3A%2F%2Fwww.reddit.com%2Fr%2FRemindMeBot%2Fcomments%2F1tskg07%2Fremindmebot_is_switching_to_username_summons%2Fp7bk91u%2F%5D%0A%0ARemindMe%21+2026-09-02+05%3A15%3A06+UTC;scartato;non è una fonte: collegamento del bot RemindMe, un promemoria e non un contenuto
https://www.reddit.com/message/compose?to=RemindMeBot&subject=Reminder&message=%5Bhttps%3A%2F%2Fwww.reddit.com%2Fr%2FRemindMeBot%2Fcomments%2F1tskg07%2Fremindmebot_is_switching_to_username_summons%2Fp7fwakb%2F%5D%0A%0ARemindMe%21+2026-09-03+15%3A50%3A18+UTC;scartato;non è una fonte: collegamento del bot RemindMe, un promemoria e non un contenuto
https://www.reddit.com/message/compose?to=RemindMeBot&subject=Reminder&message=%5Bhttps%3A%2F%2Fwww.reddit.com%2Fr%2FRemindMeBot%2Fcomments%2F1tskg07%2Fremindmebot_is_switching_to_username_summons%2Fp7j8i2a%2F%5D%0A%0ARemindMe%21+2026-09-04+07%3A33%3A35+UTC;scartato;non è una fonte: collegamento del bot RemindMe, un promemoria e non un contenuto
https://www.reddit.com/message/compose?to=RemindMeBot&subject=Reminder&message=%5Bhttps%3A%2F%2Fwww.reddit.com%2Fr%2FRemindMeBot%2Fcomments%2F1tskg07%2Fremindmebot_is_switching_to_username_summons%2Fp7xr4f0%2F%5D%0A%0ARemindMe%21+2026-09-06+08%3A23%3A14+UTC;scartato;non è una fonte: collegamento del bot RemindMe, un promemoria e non un contenuto
https://www.reddit.com/message/compose?to=RemindMeBot&subject=Reminder&message=%5Bhttps%3A%2F%2Fwww.reddit.com%2Fr%2FRemindMeBot%2Fcomments%2F1tskg07%2Fremindmebot_is_switching_to_username_summons%2Fp80vser%2F%5D%0A%0ARemindMe%21+2026-10-15+00%3A00%3A00+UTC;scartato;non è una fonte: collegamento del bot RemindMe, un promemoria e non un contenuto
https://www.reddit.com/message/compose?to=RemindMeBot&subject=Reminder&message=%5Bhttps%3A%2F%2Fwww.reddit.com%2Fr%2FRemindMeBot%2Fcomments%2F1tskg07%2Fremindmebot_is_switching_to_username_summons%2Fp86jme8%2F%5D%0A%0ARemindMe%21+2026-09-07+15%3A53%3A38+UTC;scartato;non è una fonte: collegamento del bot RemindMe, un promemoria e non un contenuto
https://www.reddit.com/message/compose?to=RemindMeBot&subject=Reminder&message=%5Bhttps%3A%2F%2Fwww.reddit.com%2Fr%2FRemindMeBot%2Fcomments%2F1tskg07%2Fremindmebot_is_switching_to_username_summons%2Fp88infn%2F%5D%0A%0ARemindMe%21+2026-09-07+21%3A14%3A50+UTC;scartato;non è una fonte: collegamento del bot RemindMe, un promemoria e non un contenuto
https://www.reddit.com/message/compose?to=RemindMeBot&subject=Reminder&message=%5Bhttps%3A%2F%2Fwww.reddit.com%2Fr%2FRemindMeBot%2Fcomments%2F1tskg07%2Fremindmebot_is_switching_to_username_summons%2Fp8d9gz7%2F%5D%0A%0ARemindMe%21+2026-11-03+23%3A54%3A23+UTC;scartato;non è una fonte: collegamento del bot RemindMe, un promemoria e non un contenuto
https://www.reddit.com/message/compose?to=RemindMeBot&subject=Reminder&message=%5Bhttps%3A%2F%2Fwww.reddit.com%2Fr%2FRemindMeBot%2Fcomments%2F1tskg07%2Fremindmebot_is_switching_to_username_summons%2Fp8er2tq%2F%5D%0A%0ARemindMe%21+2026-09-08+19%3A21%3A57+UTC;scartato;non è una fonte: collegamento del bot RemindMe, un promemoria e non un contenuto
https://www.reddit.com/message/compose?to=RemindMeBot&subject=Reminder&message=%5Bhttps%3A%2F%2Fwww.reddit.com%2Fr%2FRemindMeBot%2Fcomments%2F1tskg07%2Fremindmebot_is_switching_to_username_summons%2Fp8q9cx3%2F%5D%0A%0ARemindMe%21+2027-04-01+00%3A00%3A00+UTC;scartato;non è una fonte: collegamento del bot RemindMe, un promemoria e non un contenuto
https://www.reddit.com/message/compose?to=RemindMeBot&subject=Reminder&message=%5Bhttps%3A%2F%2Fwww.reddit.com%2Fr%2FRemindMeBot%2Fcomments%2F1tskg07%2Fremindmebot_is_switching_to_username_summons%2Fp8v7quh%2F%5D%0A%0ARemindMe%21+2026-09-10+19%3A30%3A47+UTC;scartato;non è una fonte: collegamento del bot RemindMe, un promemoria e non un contenuto
https://www.reddit.com/message/compose?to=RemindMeBot&subject=Reminder&message=%5Bhttps%3A%2F%2Fwww.reddit.com%2Fr%2FRemindMeBot%2Fcomments%2F1tskg07%2Fremindmebot_is_switching_to_username_summons%2Fp98y51e%2F%5D%0A%0ARemindMe%21+2026-09-12+22%3A43%3A47+UTC;scartato;non è una fonte: collegamento del bot RemindMe, un promemoria e non un contenuto
https://www.reddit.com/message/compose?to=RemindMeBot&subject=Reminder&message=%5Bhttps%3A%2F%2Fwww.reddit.com%2Fr%2FRemindMeBot%2Fcomments%2F1tskg07%2Fremindmebot_is_switching_to_username_summons%2Fp9azupe%2F%5D%0A%0ARemindMe%21+2026-09-12+14%3A35%3A31+UTC;scartato;non è una fonte: collegamento del bot RemindMe, un promemoria e non un contenuto
https://www.reddit.com/message/compose?to=RemindMeBot&subject=Reminder&message=%5Bhttps%3A%2F%2Fwww.reddit.com%2Fr%2FRemindMeBot%2Fcomments%2F1tskg07%2Fremindmebot_is_switching_to_username_summons%2Fp9hrllh%2F%5D%0A%0ARemindMe%21+2026-10-03+05%3A27%3A26+UTC;scartato;non è una fonte: collegamento del bot RemindMe, un promemoria e non un contenuto
https://www.reddit.com/message/compose?to=RemindMeBot&subject=Reminder&message=%5Bhttps%3A%2F%2Fwww.reddit.com%2Fr%2FRemindMeBot%2Fcomments%2F1tskg07%2Fremindmebot_is_switching_to_username_summons%2Fp9kchfn%2F%5D%0A%0ARemindMe%21+2026-09-27+15%3A35%3A26+UTC;scartato;non è una fonte: collegamento del bot RemindMe, un promemoria e non un contenuto
https://www.reddit.com/message/compose?to=RemindMeBot&subject=Reminder&message=%5Bhttps%3A%2F%2Fwww.reddit.com%2Fr%2FRemindMeBot%2Fcomments%2Fe0tgoj%2Fcakeday_info_post%2Fhgtmd8e%2F%5D%0A%0ARemindMe%21+2022-08-30+06%3A27%3A37+UTC;scartato;non è una fonte: collegamento del bot RemindMe, un promemoria e non un contenuto
https://www.reddit.com/message/compose?to=RemindMeBot&subject=Reminder&message=%5Bhttps%3A%2F%2Fwww.reddit.com%2Fr%2FRemindMeBot%2Fcomments%2Fe0tgoj%2Fcakeday_info_post%2Fhgtytsv%2F%5D%0A%0ARemindMe%21+2022-08-31+18%3A40%3A30+UTC;scartato;non è una fonte: collegamento del bot RemindMe, un promemoria e non un contenuto
https://www.reddit.com/message/compose?to=RemindMeBot&subject=Reminder&message=%5Bhttps%3A%2F%2Fwww.reddit.com%2Fr%2FRemindMeBot%2Fcomments%2Fe0tgoj%2Fcakeday_info_post%2Fhh8weul%2F%5D%0A%0ARemindMe%21+2021-10-28+18%3A58%3A27+UTC;scartato;non è una fonte: collegamento del bot RemindMe, un promemoria e non un contenuto
https://www.reddit.com/message/compose?to=RemindMeBot&subject=Reminder&message=%5Bhttps%3A%2F%2Fwww.reddit.com%2Fr%2FRemindMeBot%2Fcomments%2Fe0tgoj%2Fcakeday_info_post%2Fhhcxry2%2F%5D%0A%0ARemindMe%21+2021-10-30+06%3A58%3A37+UTC;scartato;non è una fonte: collegamento del bot RemindMe, un promemoria e non un contenuto
https://www.reddit.com/message/compose?to=RemindMeBot&subject=Reminder&message=%5Bhttps%3A%2F%2Fwww.reddit.com%2Fr%2FRemindMeBot%2Fcomments%2Fe0tgoj%2Fcakeday_info_post%2Fhhugib4%2F%5D%0A%0ARemindMe%21+2022-01-17+18%3A19%3A33+UTC;scartato;non è una fonte: collegamento del bot RemindMe, un promemoria e non un contenuto
https://www.reddit.com/message/compose?to=RemindMeBot&subject=Reminder&message=%5Bhttps%3A%2F%2Fwww.reddit.com%2Fr%2FRemindMeBot%2Fcomments%2Fe0tgoj%2Fcakeday_info_post%2Fhhusbxw%2F%5D%0A%0ARemindMe%21+2021-11-16+21%3A17%3A06+UTC;scartato;non è una fonte: collegamento del bot RemindMe, un promemoria e non un contenuto
https://www.reddit.com/message/compose?to=RemindMeBot&subject=Reminder&message=%5Bhttps%3A%2F%2Fwww.reddit.com%2Fr%2FRemindMeBot%2Fcomments%2Fe0tgoj%2Fcakeday_info_post%2Fhhvif9s%2F%5D%0A%0ARemindMe%21+2022-03-24+17%3A20%3A12+UTC;scartato;non è una fonte: collegamento del bot RemindMe, un promemoria e non un contenuto
https://www.reddit.com/message/compose?to=RemindMeBot&subject=Reminder&message=%5Bhttps%3A%2F%2Fwww.reddit.com%2Fr%2FRemindMeBot%2Fcomments%2Fe0tgoj%2Fcakeday_info_post%2Fhiwyn8p%2F%5D%0A%0ARemindMe%21+2022-02-03+06%3A14%3A24+UTC;scartato;non è una fonte: collegamento del bot RemindMe, un promemoria e non un contenuto
https://www.reddit.com/message/compose?to=RemindMeBot&subject=Reminder&message=%5Bhttps%3A%2F%2Fwww.reddit.com%2Fr%2FRemindMeBot%2Fcomments%2Fe0tgoj%2Fcakeday_info_post%2Fhj555f5%2F%5D%0A%0ARemindMe%21+2022-10-04+06%3A02%3A41+UTC;scartato;non è una fonte: collegamento del bot RemindMe, un promemoria e non un contenuto
https://www.reddit.com/message/compose?to=RemindMeBot&subject=Reminder&message=%5Bhttps%3A%2F%2Fwww.reddit.com%2Fr%2FRemindMeBot%2Fcomments%2Fe0tgoj%2Fcakeday_info_post%2Fhj7tw9m%2F%5D%0A%0ARemindMe%21+2022-01-29+16%3A19%3A26+UTC;scartato;non è una fonte: collegamento del bot RemindMe, un promemoria e non un contenuto
https://www.reddit.com/message/compose?to=RemindMeBot&subject=Reminder&message=%5Bhttps%3A%2F%2Fwww.reddit.com%2Fr%2FRemindMeBot%2Fcomments%2Fe0tgoj%2Fcakeday_info_post%2Fhk773dd%2F%5D%0A%0ARemindMe%21+2022-10-05+16%3A08%3A14+UTC;scartato;non è una fonte: collegamento del bot RemindMe, un promemoria e non un contenuto
https://www.reddit.com/message/compose?to=RemindMeBot&subject=Reminder&message=%5Bhttps%3A%2F%2Fwww.reddit.com%2Fr%2FRemindMeBot%2Fcomments%2Fe0tgoj%2Fcakeday_info_post%2Fhktnp2c%2F%5D%0A%0ARemindMe%21+2022-01-02+23%3A02%3A42+UTC;scartato;non è una fonte: collegamento del bot RemindMe, un promemoria e non un contenuto
https://www.reddit.com/message/compose?to=RemindMeBot&subject=Reminder&message=%5Bhttps%3A%2F%2Fwww.reddit.com%2Fr%2FRemindMeBot%2Fcomments%2Fe0tgoj%2Fcakeday_info_post%2Fhlufdhy%2F%5D%0A%0ARemindMe%21+2022-08-03+16%3A34%3A23+UTC;scartato;non è una fonte: collegamento del bot RemindMe, un promemoria e non un contenuto
https://www.reddit.com/message/compose?to=RemindMeBot&subject=Reminder&message=%5Bhttps%3A%2F%2Fwww.reddit.com%2Fr%2FRemindMeBot%2Fcomments%2Fe0tgoj%2Fcakeday_info_post%2Fhmqr99u%2F%5D%0A%0ARemindMe%21+2022-02-10+10%3A53%3A22+UTC;scartato;non è una fonte: collegamento del bot RemindMe, un promemoria e non un contenuto
https://www.reddit.com/message/compose?to=RemindMeBot&subject=Reminder&message=%5Bhttps%3A%2F%2Fwww.reddit.com%2Fr%2FRemindMeBot%2Fcomments%2Fe0tgoj%2Fcakeday_info_post%2Fhmuoo9y%2F%5D%0A%0ARemindMe%21+2022-01-08+19%3A19%3A16+UTC;scartato;non è una fonte: collegamento del bot RemindMe, un promemoria e non un contenuto
https://www.reddit.com/message/compose?to=RemindMeBot&subject=Reminder&message=%5Bhttps%3A%2F%2Fwww.reddit.com%2Fr%2FRemindMeBot%2Fcomments%2Fe0tgoj%2Fcakeday_info_post%2Fhn88cj8%2F%5D%0A%0ARemindMe%21+2022-04-20+04%3A03%3A40+UTC;scartato;non è una fonte: collegamento del bot RemindMe, un promemoria e non un contenuto
https://www.reddit.com/message/compose?to=RemindMeBot&subject=Reminder&message=%5Bhttps%3A%2F%2Fwww.reddit.com%2Fr%2FRemindMeBot%2Fcomments%2Fe0tgoj%2Fcakeday_info_post%2Fhnfc4sw%2F%5D%0A%0ARemindMe%21+2022-02-21+04%3A55%3A23+UTC;scartato;non è una fonte: collegamento del bot RemindMe, un promemoria e non un contenuto
https://www.reddit.com/message/compose?to=RemindMeBot&subject=Reminder&message=%5Bhttps%3A%2F%2Fwww.reddit.com%2Fr%2FRemindMeBot%2Fcomments%2Fe0tgoj%2Fcakeday_info_post%2Fhnqec20%2F%5D%0A%0ARemindMe%21+2022-10-25+10%3A07%3A10+UTC;scartato;non è una fonte: collegamento del bot RemindMe, un promemoria e non un contenuto
https://www.reddit.com/message/compose?to=RemindMeBot&subject=Reminder&message=%5Bhttps%3A%2F%2Fwww.reddit.com%2Fr%2FRemindMeBot%2Fcomments%2Fe0tgoj%2Fcakeday_info_post%2Fho7hb9b%2F%5D%0A%0ARemindMe%21+2022-10-04+19%3A43%3A15+UTC;scartato;non è una fonte: collegamento del bot RemindMe, un promemoria e non un contenuto
https://www.reddit.com/message/compose?to=RemindMeBot&subject=Reminder&message=%5Bhttps%3A%2F%2Fwww.reddit.com%2Fr%2FRemindMeBot%2Fcomments%2Fe0tgoj%2Fcakeday_info_post%2Fhokcv9f%2F%5D%0A%0ARemindMe%21+2022-02-02+15%3A51%3A12+UTC;scartato;non è una fonte: collegamento del bot RemindMe, un promemoria e non un contenuto
https://www.reddit.com/message/compose?to=RemindMeBot&subject=Reminder&message=%5Bhttps%3A%2F%2Fwww.reddit.com%2Fr%2FRemindMeBot%2Fcomments%2Fe0tgoj%2Fcakeday_info_post%2Fhorcjju%2F%5D%0A%0ARemindMe%21+2022-04-15+09%3A04%3A18+UTC;scartato;non è una fonte: collegamento del bot RemindMe, un promemoria e non un contenuto
https://www.reddit.com/message/compose?to=RemindMeBot&subject=Reminder&message=%5Bhttps%3A%2F%2Fwww.reddit.com%2Fr%2FRemindMeBot%2Fcomments%2Fe0tgoj%2Fcakeday_info_post%2Fhozeko8%2F%5D%0A%0ARemindMe%21+2022-01-29+09%3A38%3A02+UTC;scartato;non è una fonte: collegamento del bot RemindMe, un promemoria e non un contenuto
https://www.reddit.com/message/compose?to=RemindMeBot&subject=Reminder&message=%5Bhttps%3A%2F%2Fwww.reddit.com%2Fr%2FRemindMeBot%2Fcomments%2Fe0tgoj%2Fcakeday_info_post%2Fhp6za38%2F%5D%0A%0ARemindMe%21+2022-11-19+01%3A33%3A44+UTC;scartato;non è una fonte: collegamento del bot RemindMe, un promemoria e non un contenuto
https://www.reddit.com/message/compose?to=RemindMeBot&subject=Reminder&message=%5Bhttps%3A%2F%2Fwww.reddit.com%2Fr%2FRemindMeBot%2Fcomments%2Fe0tgoj%2Fcakeday_info_post%2Fhqix08b%2F%5D%0A%0ARemindMe%21+2022-10-28+20%3A44%3A16+UTC;scartato;non è una fonte: collegamento del bot RemindMe, un promemoria e non un contenuto
https://www.reddit.com/message/compose?to=RemindMeBot&subject=Reminder&message=%5Bhttps%3A%2F%2Fwww.reddit.com%2Fr%2FRemindMeBot%2Fcomments%2Fe0tgoj%2Fcakeday_info_post%2Fhxlywhu%2F%5D%0A%0ARemindMe%21+2022-03-07+03%3A00%3A24+UTC;scartato;non è una fonte: collegamento del bot RemindMe, un promemoria e non un contenuto
https://www.reddit.com/message/compose?to=RemindMeBot&subject=Reminder&message=%5Bhttps%3A%2F%2Fwww.reddit.com%2Fr%2FRemindMeBot%2Fcomments%2Fe0tgoj%2Fcakeday_info_post%2Fhxn81p1%2F%5D%0A%0ARemindMe%21+2022-08-13+13%3A18%3A46+UTC;scartato;non è una fonte: collegamento del bot RemindMe, un promemoria e non un contenuto
https://www.reddit.com/message/compose?to=RemindMeBot&subject=Reminder&message=%5Bhttps%3A%2F%2Fwww.reddit.com%2Fr%2FRemindMeBot%2Fcomments%2Fe0tgoj%2Fcakeday_info_post%2Fhxuvnur%2F%5D%0A%0ARemindMe%21+2022-03-10+17%3A03%3A37+UTC;scartato;non è una fonte: collegamento del bot RemindMe, un promemoria e non un contenuto
https://www.reddit.com/message/compose?to=RemindMeBot&subject=Reminder&message=%5Bhttps%3A%2F%2Fwww.reddit.com%2Fr%2FRemindMeBot%2Fcomments%2Fe0tgoj%2Fcakeday_info_post%2Fhxze04d%2F%5D%0A%0ARemindMe%21+2022-07-14+18%3A33%3A16+UTC;scartato;non è una fonte: collegamento del bot RemindMe, un promemoria e non un contenuto
https://www.reddit.com/message/compose?to=RemindMeBot&subject=Reminder&message=%5Bhttps%3A%2F%2Fwww.reddit.com%2Fr%2FRemindMeBot%2Fcomments%2Fe0tgoj%2Fcakeday_info_post%2Fhy2o8o2%2F%5D%0A%0ARemindMe%21+2022-09-08+03%3A00%3A19+UTC;scartato;non è una fonte: collegamento del bot RemindMe, un promemoria e non un contenuto
https://www.reddit.com/message/compose?to=RemindMeBot&subject=Reminder&message=%5Bhttps%3A%2F%2Fwww.reddit.com%2Fr%2FRemindMeBot%2Fcomments%2Fe0tgoj%2Fcakeday_info_post%2Fhy6v6j6%2F%5D%0A%0ARemindMe%21+2022-07-25+16%3A49%3A29+UTC;scartato;non è una fonte: collegamento del bot RemindMe, un promemoria e non un contenuto
https://www.reddit.com/message/compose?to=RemindMeBot&subject=Reminder&message=%5Bhttps%3A%2F%2Fwww.reddit.com%2Fr%2FRemindMeBot%2Fcomments%2Fe0tgoj%2Fcakeday_info_post%2Fhy8aog2%2F%5D%0A%0ARemindMe%21+2022-10-16+12%3A27%3A19+UTC;scartato;non è una fonte: collegamento del bot RemindMe, un promemoria e non un contenuto
https://www.reddit.com/message/compose?to=RemindMeBot&subject=Reminder&message=%5Bhttps%3A%2F%2Fwww.reddit.com%2Fr%2FRemindMeBot%2Fcomments%2Fe0tgoj%2Fcakeday_info_post%2Fhydi3qj%2F%5D%0A%0ARemindMe%21+2022-04-01+04%3A43%3A35+UTC;scartato;non è una fonte: collegamento del bot RemindMe, un promemoria e non un contenuto
https://www.reddit.com/message/compose?to=RemindMeBot&subject=Reminder&message=%5Bhttps%3A%2F%2Fwww.reddit.com%2Fr%2FRemindMeBot%2Fcomments%2Fe0tgoj%2Fcakeday_info_post%2Fhza5ta0%2F%5D%0A%0ARemindMe%21+2022-03-27+11%3A08%3A51+UTC;scartato;non è una fonte: collegamento del bot RemindMe, un promemoria e non un contenuto
https://www.reddit.com/message/compose?to=RemindMeBot&subject=Reminder&message=%5Bhttps%3A%2F%2Fwww.reddit.com%2Fr%2FRemindMeBot%2Fcomments%2Fe0tgoj%2Fcakeday_info_post%2Fhzfv4ck%2F%5D%0A%0ARemindMe%21+2022-03-24+17%3A11%3A06+UTC;scartato;non è una fonte: collegamento del bot RemindMe, un promemoria e non un contenuto
https://www.reddit.com/message/compose?to=RemindMeBot&subject=Reminder&message=%5Bhttps%3A%2F%2Fwww.reddit.com%2Fr%2FRemindMeBot%2Fcomments%2Fe0tgoj%2Fcakeday_info_post%2Fhzg0354%2F%5D%0A%0ARemindMe%21+2022-04-01+15%3A15%3A46+UTC;scartato;non è una fonte: collegamento del bot RemindMe, un promemoria e non un contenuto
https://www.reddit.com/message/compose?to=RemindMeBot&subject=Reminder&message=%5Bhttps%3A%2F%2Fwww.reddit.com%2Fr%2FRemindMeBot%2Fcomments%2Fe0tgoj%2Fcakeday_info_post%2Fhzyo4es%2F%5D%0A%0ARemindMe%21+2022-11-16+22%3A13%3A05+UTC;scartato;non è una fonte: collegamento del bot RemindMe, un promemoria e non un contenuto
https://www.reddit.com/message/compose?to=RemindMeBot&subject=Reminder&message=%5Bhttps%3A%2F%2Fwww.reddit.com%2Fr%2FRemindMeBot%2Fcomments%2Fe0tgoj%2Fcakeday_info_post%2Fi0aymnj%2F%5D%0A%0ARemindMe%21+2022-08-17+15%3A23%3A41+UTC;scartato;non è una fonte: collegamento del bot RemindMe, un promemoria e non un contenuto
https://www.reddit.com/message/compose?to=RemindMeBot&subject=Reminder&message=%5Bhttps%3A%2F%2Fwww.reddit.com%2Fr%2FRemindMeBot%2Fcomments%2Fe0tgoj%2Fcakeday_info_post%2Fi0cjmsz%2F%5D%0A%0ARemindMe%21+2023-01-09+14%3A51%3A35+UTC;scartato;non è una fonte: collegamento del bot RemindMe, un promemoria e non un contenuto
https://www.reddit.com/message/compose?to=RemindMeBot&subject=Reminder&message=%5Bhttps%3A%2F%2Fwww.reddit.com%2Fr%2FRemindMeBot%2Fcomments%2Fe0tgoj%2Fcakeday_info_post%2Fi0q9iau%2F%5D%0A%0ARemindMe%21+2022-11-15+16%3A37%3A25+UTC;scartato;non è una fonte: collegamento del bot RemindMe, un promemoria e non un contenuto
https://www.reddit.com/message/compose?to=RemindMeBot&subject=Reminder&message=%5Bhttps%3A%2F%2Fwww.reddit.com%2Fr%2FRemindMeBot%2Fcomments%2Fe0tgoj%2Fcakeday_info_post%2Fi0uk834%2F%5D%0A%0ARemindMe%21+2023-03-14+04%3A41%3A14+UTC;scartato;non è una fonte: collegamento del bot RemindMe, un promemoria e non un contenuto
https://www.reddit.com/message/compose?to=RemindMeBot&subject=Reminder&message=%5Bhttps%3A%2F%2Fwww.reddit.com%2Fr%2FRemindMeBot%2Fcomments%2Fe0tgoj%2Fcakeday_info_post%2Fi0wli25%2F%5D%0A%0ARemindMe%21+2022-08-05+08%3A19%3A48+UTC;scartato;non è una fonte: collegamento del bot RemindMe, un promemoria e non un contenuto
https://www.reddit.com/message/compose?to=RemindMeBot&subject=Reminder&message=%5Bhttps%3A%2F%2Fwww.reddit.com%2Fr%2FRemindMeBot%2Fcomments%2Fe0tgoj%2Fcakeday_info_post%2Fi0y9j44%2F%5D%0A%0ARemindMe%21+2022-04-24+20%3A09%3A42+UTC;scartato;non è una fonte: collegamento del bot RemindMe, un promemoria e non un contenuto
https://www.reddit.com/message/compose?to=RemindMeBot&subject=Reminder&message=%5Bhttps%3A%2F%2Fwww.reddit.com%2Fr%2FRemindMeBot%2Fcomments%2Fe0tgoj%2Fcakeday_info_post%2Fi1a1fxa%2F%5D%0A%0ARemindMe%21+2022-05-07+15%3A01%3A15+UTC;scartato;non è una fonte: collegamento del bot RemindMe, un promemoria e non un contenuto
https://www.reddit.com/message/compose?to=RemindMeBot&subject=Reminder&message=%5Bhttps%3A%2F%2Fwww.reddit.com%2Fr%2FRemindMeBot%2Fcomments%2Fe0tgoj%2Fcakeday_info_post%2Fi1mmp6k%2F%5D%0A%0ARemindMe%21+2023-01-13+15%3A00%3A36+UTC;scartato;non è una fonte: collegamento del bot RemindMe, un promemoria e non un contenuto
https://www.reddit.com/message/compose?to=RemindMeBot&subject=Reminder&message=%5Bhttps%3A%2F%2Fwww.reddit.com%2Fr%2FRemindMeBot%2Fcomments%2Fe0tgoj%2Fcakeday_info_post%2Fi20trua%2F%5D%0A%0ARemindMe%21+2022-08-05+03%3A38%3A31+UTC;scartato;non è una fonte: collegamento del bot RemindMe, un promemoria e non un contenuto
https://www.reddit.com/message/compose?to=RemindMeBot&subject=Reminder&message=%5Bhttps%3A%2F%2Fwww.reddit.com%2Fr%2FRemindMeBot%2Fcomments%2Fe0tgoj%2Fcakeday_info_post%2Fi2yxyi0%2F%5D%0A%0ARemindMe%21+2022-10-09+10%3A14%3A29+UTC;scartato;non è una fonte: collegamento del bot RemindMe, un promemoria e non un contenuto
https://www.reddit.com/message/compose?to=RemindMeBot&subject=Reminder&message=%5Bhttps%3A%2F%2Fwww.reddit.com%2Fr%2FRemindMeBot%2Fcomments%2Fe0tgoj%2Fcakeday_info_post%2Fi41ovpj%2F%5D%0A%0ARemindMe%21+2023-03-21+02%3A50%3A01+UTC;scartato;non è una fonte: collegamento del bot RemindMe, un promemoria e non un contenuto
https://www.reddit.com/message/compose?to=RemindMeBot&subject=Reminder&message=%5Bhttps%3A%2F%2Fwww.reddit.com%2Fr%2FRemindMeBot%2Fcomments%2Fe0tgoj%2Fcakeday_info_post%2Fi4rscpp%2F%5D%0A%0ARemindMe%21+2022-04-28+05%3A46%3A20+UTC;scartato;non è una fonte: collegamento del bot RemindMe, un promemoria e non un contenuto
https://www.reddit.com/message/compose?to=RemindMeBot&subject=Reminder&message=%5Bhttps%3A%2F%2Fwww.reddit.com%2Fr%2FRemindMeBot%2Fcomments%2Fe0tgoj%2Fcakeday_info_post%2Fi52298c%2F%5D%0A%0ARemindMe%21+2023-03-01+01%3A20%3A08+UTC;scartato;non è una fonte: collegamento del bot RemindMe, un promemoria e non un contenuto
https://www.reddit.com/message/compose?to=RemindMeBot&subject=Reminder&message=%5Bhttps%3A%2F%2Fwww.reddit.com%2Fr%2FRemindMeBot%2Fcomments%2Fe0tgoj%2Fcakeday_info_post%2Fi5pt05p%2F%5D%0A%0ARemindMe%21+2022-10-09+01%3A26%3A54+UTC;scartato;non è una fonte: collegamento del bot RemindMe, un promemoria e non un contenuto
https://www.reddit.com/message/compose?to=RemindMeBot&subject=Reminder&message=%5Bhttps%3A%2F%2Fwww.reddit.com%2Fr%2FRemindMeBot%2Fcomments%2Fe0tgoj%2Fcakeday_info_post%2Fi6a6j91%2F%5D%0A%0ARemindMe%21+2022-07-09+10%3A15%3A14+UTC;scartato;non è una fonte: collegamento del bot RemindMe, un promemoria e non un contenuto
https://www.reddit.com/message/compose?to=RemindMeBot&subject=Reminder&message=%5Bhttps%3A%2F%2Fwww.reddit.com%2Fr%2FRemindMeBot%2Fcomments%2Fe0tgoj%2Fcakeday_info_post%2Fi704aqa%2F%5D%0A%0ARemindMe%21+2023-02-28+06%3A07%3A38+UTC;scartato;non è una fonte: collegamento del bot RemindMe, un promemoria e non un contenuto
https://www.reddit.com/message/compose?to=RemindMeBot&subject=Reminder&message=%5Bhttps%3A%2F%2Fwww.reddit.com%2Fr%2FRemindMeBot%2Fcomments%2Fe0tgoj%2Fcakeday_info_post%2Fi8ywixa%2F%5D%0A%0ARemindMe%21+2022-11-21+15%3A36%3A41+UTC;scartato;non è una fonte: collegamento del bot RemindMe, un promemoria e non un contenuto
https://www.reddit.com/message/compose?to=RemindMeBot&subject=Reminder&message=%5Bhttps%3A%2F%2Fwww.reddit.com%2Fr%2FRemindMeBot%2Fcomments%2Fe0tgoj%2Fcakeday_info_post%2Fia3x84h%2F%5D%0A%0ARemindMe%21+2023-05-05+17%3A23%3A28+UTC;scartato;non è una fonte: collegamento del bot RemindMe, un promemoria e non un contenuto
https://www.reddit.com/message/compose?to=RemindMeBot&subject=Reminder&message=%5Bhttps%3A%2F%2Fwww.reddit.com%2Fr%2FRemindMeBot%2Fcomments%2Fe0tgoj%2Fcakeday_info_post%2Ficobzkt%2F%5D%0A%0ARemindMe%21+2022-10-11+19%3A14%3A34+UTC;scartato;non è una fonte: collegamento del bot RemindMe, un promemoria e non un contenuto
https://www.reddit.com/message/compose?to=RemindMeBot&subject=Reminder&message=%5Bhttps%3A%2F%2Fwww.reddit.com%2Fr%2FRemindMeBot%2Fcomments%2Fe0tgoj%2Fcakeday_info_post%2Ficwiqyn%2F%5D%0A%0ARemindMe%21+2022-10-07+07%3A40%3A20+UTC;scartato;non è una fonte: collegamento del bot RemindMe, un promemoria e non un contenuto
https://www.reddit.com/message/compose?to=RemindMeBot&subject=Reminder&message=%5Bhttps%3A%2F%2Fwww.reddit.com%2Fr%2FRemindMeBot%2Fcomments%2Fe0tgoj%2Fcakeday_info_post%2Fieu1cv2%2F%5D%0A%0ARemindMe%21+2022-11-25+23%3A47%3A03+UTC;scartato;non è una fonte: collegamento del bot RemindMe, un promemoria e non un contenuto
https://www.reddit.com/message/compose?to=RemindMeBot&subject=Reminder&message=%5Bhttps%3A%2F%2Fwww.reddit.com%2Fr%2FRemindMeBot%2Fcomments%2Fe0tgoj%2Fcakeday_info_post%2Fig9ykz2%2F%5D%0A%0ARemindMe%21+2023-06-06+21%3A05%3A30+UTC;scartato;non è una fonte: collegamento del bot RemindMe, un promemoria e non un contenuto
https://www.reddit.com/message/compose?to=RemindMeBot&subject=Reminder&message=%5Bhttps%3A%2F%2Fwww.reddit.com%2Fr%2FRemindMeBot%2Fcomments%2Fe0tgoj%2Fcakeday_info_post%2Fii15run%2F%5D%0A%0ARemindMe%21+2023-01-30+17%3A30%3A40+UTC;scartato;non è una fonte: collegamento del bot RemindMe, un promemoria e non un contenuto
https://www.reddit.com/message/compose?to=RemindMeBot&subject=Reminder&message=%5Bhttps%3A%2F%2Fwww.reddit.com%2Fr%2FRemindMeBot%2Fcomments%2Fe0tgoj%2Fcakeday_info_post%2Fiijxckz%2F%5D%0A%0ARemindMe%21+2022-10-19+19%3A32%3A37+UTC;scartato;non è una fonte: collegamento del bot RemindMe, un promemoria e non un contenuto
https://www.reddit.com/message/compose?to=RemindMeBot&subject=Reminder&message=%5Bhttps%3A%2F%2Fwww.reddit.com%2Fr%2FRemindMeBot%2Fcomments%2Fe0tgoj%2Fcakeday_info_post%2Fij8lm7m%2F%5D%0A%0ARemindMe%21+2023-01-20+13%3A49%3A45+UTC;scartato;non è una fonte: collegamento del bot RemindMe, un promemoria e non un contenuto
https://www.reddit.com/message/compose?to=RemindMeBot&subject=Reminder&message=%5Bhttps%3A%2F%2Fwww.reddit.com%2Fr%2FRemindMeBot%2Fcomments%2Fe0tgoj%2Fcakeday_info_post%2Fijq87qi%2F%5D%0A%0ARemindMe%21+2023-07-26+11%3A00%3A17+UTC;scartato;non è una fonte: collegamento del bot RemindMe, un promemoria e non un contenuto
https://www.reddit.com/message/compose?to=RemindMeBot&subject=Reminder&message=%5Bhttps%3A%2F%2Fwww.reddit.com%2Fr%2FRemindMeBot%2Fcomments%2Fe0tgoj%2Fcakeday_info_post%2Fikilj66%2F%5D%0A%0ARemindMe%21+2023-02-21+23%3A21%3A30+UTC;scartato;non è una fonte: collegamento del bot RemindMe, un promemoria e non un contenuto
https://www.reddit.com/message/compose?to=RemindMeBot&subject=Reminder&message=%5Bhttps%3A%2F%2Fwww.reddit.com%2Fr%2FRemindMeBot%2Fcomments%2Fe0tgoj%2Fcakeday_info_post%2Filhlh0i%2F%5D%0A%0ARemindMe%21+2023-01-17+01%3A42%3A06+UTC;scartato;non è una fonte: collegamento del bot RemindMe, un promemoria e non un contenuto
https://www.reddit.com/message/compose?to=RemindMeBot&subject=Reminder&message=%5Bhttps%3A%2F%2Fwww.reddit.com%2Fr%2FRemindMeBot%2Fcomments%2Fe0tgoj%2Fcakeday_info_post%2Filllbc5%2F%5D%0A%0ARemindMe%21+2023-01-08+06%3A32%3A49+UTC;scartato;non è una fonte: collegamento del bot RemindMe, un promemoria e non un contenuto
https://www.reddit.com/message/compose?to=RemindMeBot&subject=Reminder&message=%5Bhttps%3A%2F%2Fwww.reddit.com%2Fr%2FRemindMeBot%2Fcomments%2Fe0tgoj%2Fcakeday_info_post%2Filt3jlw%2F%5D%0A%0ARemindMe%21+2023-05-11+01%3A58%3A36+UTC;scartato;non è una fonte: collegamento del bot RemindMe, un promemoria e non un contenuto
https://www.reddit.com/message/compose?to=RemindMeBot&subject=Reminder&message=%5Bhttps%3A%2F%2Fwww.reddit.com%2Fr%2FRemindMeBot%2Fcomments%2Fe0tgoj%2Fcakeday_info_post%2Fimanrgz%2F%5D%0A%0ARemindMe%21+2023-02-12+03%3A43%3A06+UTC;scartato;non è una fonte: collegamento del bot RemindMe, un promemoria e non un contenuto
https://www.reddit.com/message/compose?to=RemindMeBot&subject=Reminder&message=%5Bhttps%3A%2F%2Fwww.reddit.com%2Fr%2FRemindMeBot%2Fcomments%2Fe0tgoj%2Fcakeday_info_post%2Fimhysfp%2F%5D%0A%0ARemindMe%21+2023-02-14+20%3A48%3A03+UTC;scartato;non è una fonte: collegamento del bot RemindMe, un promemoria e non un contenuto
https://www.reddit.com/message/compose?to=RemindMeBot&subject=Reminder&message=%5Bhttps%3A%2F%2Fwww.reddit.com%2Fr%2FRemindMeBot%2Fcomments%2Fe0tgoj%2Fcakeday_info_post%2Fimmav4q%2F%5D%0A%0ARemindMe%21+2023-01-29+05%3A03%3A03+UTC;scartato;non è una fonte: collegamento del bot RemindMe, un promemoria e non un contenuto
https://www.reddit.com/message/compose?to=RemindMeBot&subject=Reminder&message=%5Bhttps%3A%2F%2Fwww.reddit.com%2Fr%2FRemindMeBot%2Fcomments%2Fe0tgoj%2Fcakeday_info_post%2Finz2nmz%2F%5D%0A%0ARemindMe%21+2023-03-05+04%3A32%3A01+UTC;scartato;non è una fonte: collegamento del bot RemindMe, un promemoria e non un contenuto
https://www.reddit.com/message/compose?to=RemindMeBot&subject=Reminder&message=%5Bhttps%3A%2F%2Fwww.reddit.com%2Fr%2FRemindMeBot%2Fcomments%2Fe0tgoj%2Fcakeday_info_post%2Fiocdf7n%2F%5D%0A%0ARemindMe%21+2023-03-16+05%3A36%3A51+UTC;scartato;non è una fonte: collegamento del bot RemindMe, un promemoria e non un contenuto
https://www.reddit.com/message/compose?to=RemindMeBot&subject=Reminder&message=%5Bhttps%3A%2F%2Fwww.reddit.com%2Fr%2FRemindMeBot%2Fcomments%2Fe0tgoj%2Fcakeday_info_post%2Fiocsqzc%2F%5D%0A%0ARemindMe%21+2023-08-20+22%3A10%3A01+UTC;scartato;non è una fonte: collegamento del bot RemindMe, un promemoria e non un contenuto
https://www.reddit.com/message/compose?to=RemindMeBot&subject=Reminder&message=%5Bhttps%3A%2F%2Fwww.reddit.com%2Fr%2FRemindMeBot%2Fcomments%2Fe0tgoj%2Fcakeday_info_post%2Fipa2x0c%2F%5D%0A%0ARemindMe%21+2023-07-18+00%3A34%3A49+UTC;scartato;non è una fonte: collegamento del bot RemindMe, un promemoria e non un contenuto
https://www.reddit.com/message/compose?to=RemindMeBot&subject=Reminder&message=%5Bhttps%3A%2F%2Fwww.reddit.com%2Fr%2FRemindMeBot%2Fcomments%2Fe0tgoj%2Fcakeday_info_post%2Fipjka14%2F%5D%0A%0ARemindMe%21+2023-05-14+13%3A43%3A43+UTC;scartato;non è una fonte: collegamento del bot RemindMe, un promemoria e non un contenuto
https://www.reddit.com/message/compose?to=RemindMeBot&subject=Reminder&message=%5Bhttps%3A%2F%2Fwww.reddit.com%2Fr%2FRemindMeBot%2Fcomments%2Fe0tgoj%2Fcakeday_info_post%2Fiqgtcny%2F%5D%0A%0ARemindMe%21+2023-03-29+06%3A47%3A44+UTC;scartato;non è una fonte: collegamento del bot RemindMe, un promemoria e non un contenuto
https://www.reddit.com/message/compose?to=RemindMeBot&subject=Reminder&message=%5Bhttps%3A%2F%2Fwww.reddit.com%2Fr%2FRemindMeBot%2Fcomments%2Fe0tgoj%2Fcakeday_info_post%2Fiqilho0%2F%5D%0A%0ARemindMe%21+2023-01-06+00%3A46%3A34+UTC;scartato;non è una fonte: collegamento del bot RemindMe, un promemoria e non un contenuto
https://www.reddit.com/message/compose?to=RemindMeBot&subject=Reminder&message=%5Bhttps%3A%2F%2Fwww.reddit.com%2Fr%2FRemindMeBot%2Fcomments%2Fe0tgoj%2Fcakeday_info_post%2Fiqztakw%2F%5D%0A%0ARemindMe%21+2022-12-16+22%3A28%3A58+UTC;scartato;non è una fonte: collegamento del bot RemindMe, un promemoria e non un contenuto
https://www.reddit.com/message/compose?to=RemindMeBot&subject=Reminder&message=%5Bhttps%3A%2F%2Fwww.reddit.com%2Fr%2FRemindMeBot%2Fcomments%2Fe0tgoj%2Fcakeday_info_post%2Firbdswm%2F%5D%0A%0ARemindMe%21+2023-06-20+19%3A51%3A30+UTC;scartato;non è una fonte: collegamento del bot RemindMe, un promemoria e non un contenuto
https://www.reddit.com/message/compose?to=RemindMeBot&subject=Reminder&message=%5Bhttps%3A%2F%2Fwww.reddit.com%2Fr%2FRemindMeBot%2Fcomments%2Fe0tgoj%2Fcakeday_info_post%2Fiseruu6%2F%5D%0A%0ARemindMe%21+2023-02-21+12%3A06%3A13+UTC;scartato;non è una fonte: collegamento del bot RemindMe, un promemoria e non un contenuto
https://www.reddit.com/message/compose?to=RemindMeBot&subject=Reminder&message=%5Bhttps%3A%2F%2Fwww.reddit.com%2Fr%2FRemindMeBot%2Fcomments%2Fe0tgoj%2Fcakeday_info_post%2Fitt5vdk%2F%5D%0A%0ARemindMe%21+2023-10-26+02%3A32%3A46+UTC;scartato;non è una fonte: collegamento del bot RemindMe, un promemoria e non un contenuto
https://www.reddit.com/message/compose?to=RemindMeBot&subject=Reminder&message=%5Bhttps%3A%2F%2Fwww.reddit.com%2Fr%2FRemindMeBot%2Fcomments%2Fe0tgoj%2Fcakeday_info_post%2Fiu3d10w%2F%5D%0A%0ARemindMe%21+2023-01-07+22%3A47%3A10+UTC;scartato;non è una fonte: collegamento del bot RemindMe, un promemoria e non un contenuto
https://www.reddit.com/message/compose?to=RemindMeBot&subject=Reminder&message=%5Bhttps%3A%2F%2Fwww.reddit.com%2Fr%2FRemindMeBot%2Fcomments%2Fe0tgoj%2Fcakeday_info_post%2Fiuixuof%2F%5D%0A%0ARemindMe%21+2023-03-16+00%3A08%3A57+UTC;scartato;non è una fonte: collegamento del bot RemindMe, un promemoria e non un contenuto
https://www.reddit.com/message/compose?to=RemindMeBot&subject=Reminder&message=%5Bhttps%3A%2F%2Fwww.reddit.com%2Fr%2FRemindMeBot%2Fcomments%2Fe0tgoj%2Fcakeday_info_post%2Fiwdd97g%2F%5D%0A%0ARemindMe%21+2023-04-18+16%3A43%3A07+UTC;scartato;non è una fonte: collegamento del bot RemindMe, un promemoria e non un contenuto
https://www.reddit.com/message/compose?to=RemindMeBot&subject=Reminder&message=%5Bhttps%3A%2F%2Fwww.reddit.com%2Fr%2FRemindMeBot%2Fcomments%2Fe0tgoj%2Fcakeday_info_post%2Fix9khue%2F%5D%0A%0ARemindMe%21+2023-02-27+20%3A20%3A07+UTC;scartato;non è una fonte: collegamento del bot RemindMe, un promemoria e non un contenuto
https://www.reddit.com/message/compose?to=RemindMeBot&subject=Reminder&message=%5Bhttps%3A%2F%2Fwww.reddit.com%2Fr%2FRemindMeBot%2Fcomments%2Fe0tgoj%2Fcakeday_info_post%2Fiz0w0pk%2F%5D%0A%0ARemindMe%21+2023-02-08+20%3A29%3A54+UTC;scartato;non è una fonte: collegamento del bot RemindMe, un promemoria e non un contenuto
https://www.reddit.com/message/compose?to=RemindMeBot&subject=Reminder&message=%5Bhttps%3A%2F%2Fwww.reddit.com%2Fr%2FRemindMeBot%2Fcomments%2Fe0tgoj%2Fcakeday_info_post%2Fiz358mj%2F%5D%0A%0ARemindMe%21+2022-12-06+03%3A01%3A47+UTC;scartato;non è una fonte: collegamento del bot RemindMe, un promemoria e non un contenuto
https://www.reddit.com/message/compose?to=RemindMeBot&subject=Reminder&message=%5Bhttps%3A%2F%2Fwww.reddit.com%2Fr%2FRemindMeBot%2Fcomments%2Fe0tgoj%2Fcakeday_info_post%2Fiz7pym3%2F%5D%0A%0ARemindMe%21+2023-11-04+02%3A30%3A39+UTC;scartato;non è una fonte: collegamento del bot RemindMe, un promemoria e non un contenuto
https://www.reddit.com/message/compose?to=RemindMeBot&subject=Reminder&message=%5Bhttps%3A%2F%2Fwww.reddit.com%2Fr%2FRemindMeBot%2Fcomments%2Fe0tgoj%2Fcakeday_info_post%2Fj0opdbm%2F%5D%0A%0ARemindMe%21+2023-12-16+14%3A49%3A02+UTC;scartato;non è una fonte: collegamento del bot RemindMe, un promemoria e non un contenuto
https://www.reddit.com/message/compose?to=RemindMeBot&subject=Reminder&message=%5Bhttps%3A%2F%2Fwww.reddit.com%2Fr%2FRemindMeBot%2Fcomments%2Fe0tgoj%2Fcakeday_info_post%2Fj18o56a%2F%5D%0A%0ARemindMe%21+2023-01-05+03%3A50%3A51+UTC;scartato;non è una fonte: collegamento del bot RemindMe, un promemoria e non un contenuto
https://www.reddit.com/message/compose?to=RemindMeBot&subject=Reminder&message=%5Bhttps%3A%2F%2Fwww.reddit.com%2Fr%2FRemindMeBot%2Fcomments%2Fe0tgoj%2Fcakeday_info_post%2Fj27m75z%2F%5D%0A%0ARemindMe%21+2023-11-23+16%3A27%3A37+UTC;scartato;non è una fonte: collegamento del bot RemindMe, un promemoria e non un contenuto
https://www.reddit.com/message/compose?to=RemindMeBot&subject=Reminder&message=%5Bhttps%3A%2F%2Fwww.reddit.com%2Fr%2FRemindMeBot%2Fcomments%2Fe0tgoj%2Fcakeday_info_post%2Fj5623ej%2F%5D%0A%0ARemindMe%21+2023-11-17+20%3A14%3A17+UTC;scartato;non è una fonte: collegamento del bot RemindMe, un promemoria e non un contenuto
https://www.reddit.com/message/compose?to=RemindMeBot&subject=Reminder&message=%5Bhttps%3A%2F%2Fwww.reddit.com%2Fr%2FRemindMeBot%2Fcomments%2Fe0tgoj%2Fcakeday_info_post%2Fj69k4dy%2F%5D%0A%0ARemindMe%21+2023-10-11+13%3A30%3A05+UTC;scartato;non è una fonte: collegamento del bot RemindMe, un promemoria e non un contenuto
https://www.reddit.com/message/compose?to=RemindMeBot&subject=Reminder&message=%5Bhttps%3A%2F%2Fwww.reddit.com%2Fr%2FRemindMeBot%2Fcomments%2Fe0tgoj%2Fcakeday_info_post%2Fj6s4xv6%2F%5D%0A%0ARemindMe%21+2023-10-20+02%3A56%3A03+UTC;scartato;non è una fonte: collegamento del bot RemindMe, un promemoria e non un contenuto
https://www.reddit.com/message/compose?to=RemindMeBot&subject=Reminder&message=%5Bhttps%3A%2F%2Fwww.reddit.com%2Fr%2FRemindMeBot%2Fcomments%2Fe0tgoj%2Fcakeday_info_post%2Fj6tukss%2F%5D%0A%0ARemindMe%21+2023-05-04+21%3A43%3A40+UTC;scartato;non è una fonte: collegamento del bot RemindMe, un promemoria e non un contenuto
https://www.reddit.com/message/compose?to=RemindMeBot&subject=Reminder&message=%5Bhttps%3A%2F%2Fwww.reddit.com%2Fr%2FRemindMeBot%2Fcomments%2Fe0tgoj%2Fcakeday_info_post%2Fj774vmb%2F%5D%0A%0ARemindMe%21+2023-12-01+20%3A11%3A35+UTC;scartato;non è una fonte: collegamento del bot RemindMe, un promemoria e non un contenuto
https://www.reddit.com/message/compose?to=RemindMeBot&subject=Reminder&message=%5Bhttps%3A%2F%2Fwww.reddit.com%2Fr%2FRemindMeBot%2Fcomments%2Fe0tgoj%2Fcakeday_info_post%2Fj7f4299%2F%5D%0A%0ARemindMe%21+2023-04-02+14%3A55%3A51+UTC;scartato;non è una fonte: collegamento del bot RemindMe, un promemoria e non un contenuto
https://www.reddit.com/message/compose?to=RemindMeBot&subject=Reminder&message=%5Bhttps%3A%2F%2Fwww.reddit.com%2Fr%2FRemindMeBot%2Fcomments%2Fe0tgoj%2Fcakeday_info_post%2Fj7hmw4x%2F%5D%0A%0ARemindMe%21+2023-12-03+16%3A57%3A58+UTC;scartato;non è una fonte: collegamento del bot RemindMe, un promemoria e non un contenuto
https://www.reddit.com/message/compose?to=RemindMeBot&subject=Reminder&message=%5Bhttps%3A%2F%2Fwww.reddit.com%2Fr%2FRemindMeBot%2Fcomments%2Fe0tgoj%2Fcakeday_info_post%2Fj85rt9n%2F%5D%0A%0ARemindMe%21+2024-02-03+21%3A46%3A20+UTC;scartato;non è una fonte: collegamento del bot RemindMe, un promemoria e non un contenuto
https://www.reddit.com/message/compose?to=RemindMeBot&subject=Reminder&message=%5Bhttps%3A%2F%2Fwww.reddit.com%2Fr%2FRemindMeBot%2Fcomments%2Fe0tgoj%2Fcakeday_info_post%2Fj8qswf8%2F%5D%0A%0ARemindMe%21+2023-11-10+07%3A48%3A31+UTC;scartato;non è una fonte: collegamento del bot RemindMe, un promemoria e non un contenuto
https://www.reddit.com/message/compose?to=RemindMeBot&subject=Reminder&message=%5Bhttps%3A%2F%2Fwww.reddit.com%2Fr%2FRemindMeBot%2Fcomments%2Fe0tgoj%2Fcakeday_info_post%2Fj8zqh3v%2F%5D%0A%0ARemindMe%21+2023-11-09+02%3A49%3A13+UTC;scartato;non è una fonte: collegamento del bot RemindMe, un promemoria e non un contenuto
https://www.reddit.com/message/compose?to=RemindMeBot&subject=Reminder&message=%5Bhttps%3A%2F%2Fwww.reddit.com%2Fr%2FRemindMeBot%2Fcomments%2Fe0tgoj%2Fcakeday_info_post%2Fj96nsul%2F%5D%0A%0ARemindMe%21+2023-03-24+17%3A06%3A39+UTC;scartato;non è una fonte: collegamento del bot RemindMe, un promemoria e non un contenuto
https://www.reddit.com/message/compose?to=RemindMeBot&subject=Reminder&message=%5Bhttps%3A%2F%2Fwww.reddit.com%2Fr%2FRemindMeBot%2Fcomments%2Fe0tgoj%2Fcakeday_info_post%2Fjiajucf%2F%5D%0A%0ARemindMe%21+2023-07-18+22%3A54%3A14+UTC;scartato;non è una fonte: collegamento del bot RemindMe, un promemoria e non un contenuto
https://www.reddit.com/message/compose?to=RemindMeBot&subject=Reminder&message=%5Bhttps%3A%2F%2Fwww.reddit.com%2Fr%2FRemindMeBot%2Fcomments%2Fe0tgoj%2Fcakeday_info_post%2Fjpxpjp1%2F%5D%0A%0ARemindMe%21+2024-01-04+02%3A57%3A13+UTC;scartato;non è una fonte: collegamento del bot RemindMe, un promemoria e non un contenuto
https://www.reddit.com/message/compose?to=RemindMeBot&subject=Reminder&message=%5Bhttps%3A%2F%2Fwww.reddit.com%2Fr%2FRemindMeBot%2Fcomments%2Fe0tgoj%2Fcakeday_info_post%2Fjs731au%2F%5D%0A%0ARemindMe%21+2023-11-29+21%3A08%3A06+UTC;scartato;non è una fonte: collegamento del bot RemindMe, un promemoria e non un contenuto
https://www.reddit.com/message/compose?to=RemindMeBot&subject=Reminder&message=%5Bhttps%3A%2F%2Fwww.reddit.com%2Fr%2FRemindMeBot%2Fcomments%2Fe0tgoj%2Fcakeday_info_post%2Fjvjp0w7%2F%5D%0A%0ARemindMe%21+2024-05-01+01%3A02%3A29+UTC;scartato;non è una fonte: collegamento del bot RemindMe, un promemoria e non un contenuto
https://www.reddit.com/message/compose?to=RemindMeBot&subject=Reminder&message=%5Bhttps%3A%2F%2Fwww.reddit.com%2Fr%2FRemindMeBot%2Fcomments%2Fe0tgoj%2Fcakeday_info_post%2Fjvqusmj%2F%5D%0A%0ARemindMe%21+2024-06-16+13%3A55%3A15+UTC;scartato;non è una fonte: collegamento del bot RemindMe, un promemoria e non un contenuto
https://www.reddit.com/message/compose?to=RemindMeBot&subject=Reminder&message=%5Bhttps%3A%2F%2Fwww.reddit.com%2Fr%2FRemindMeBot%2Fcomments%2Fe0tgoj%2Fcakeday_info_post%2Fjyv14tp%2F%5D%0A%0ARemindMe%21+2023-09-30+11%3A30%3A08+UTC;scartato;non è una fonte: collegamento del bot RemindMe, un promemoria e non un contenuto
https://www.reddit.com/message/compose?to=RemindMeBot&subject=Reminder&message=%5Bhttps%3A%2F%2Fwww.reddit.com%2Fr%2FRemindMeBot%2Fcomments%2Fe0tgoj%2Fcakeday_info_post%2Fjyxy3fv%2F%5D%0A%0ARemindMe%21+2024-07-12+11%3A33%3A13+UTC;scartato;non è una fonte: collegamento del bot RemindMe, un promemoria e non un contenuto
https://www.reddit.com/message/compose?to=RemindMeBot&subject=Reminder&message=%5Bhttps%3A%2F%2Fwww.reddit.com%2Fr%2FRemindMeBot%2Fcomments%2Fe0tgoj%2Fcakeday_info_post%2Fjzzqguc%2F%5D%0A%0ARemindMe%21+2024-03-01+05%3A05%3A21+UTC;scartato;non è una fonte: collegamento del bot RemindMe, un promemoria e non un contenuto
https://www.reddit.com/message/compose?to=RemindMeBot&subject=Reminder&message=%5Bhttps%3A%2F%2Fwww.reddit.com%2Fr%2FRemindMeBot%2Fcomments%2Fe0tgoj%2Fcakeday_info_post%2Fk37kaim%2F%5D%0A%0ARemindMe%21+2024-06-20+04%3A23%3A44+UTC;scartato;non è una fonte: collegamento del bot RemindMe, un promemoria e non un contenuto
https://www.reddit.com/message/compose?to=RemindMeBot&subject=Reminder&message=%5Bhttps%3A%2F%2Fwww.reddit.com%2Fr%2FRemindMeBot%2Fcomments%2Fe0tgoj%2Fcakeday_info_post%2Fk81uzz5%2F%5D%0A%0ARemindMe%21+2024-02-15+14%3A23%3A06+UTC;scartato;non è una fonte: collegamento del bot RemindMe, un promemoria e non un contenuto
https://www.reddit.com/message/compose?to=RemindMeBot&subject=Reminder&message=%5Bhttps%3A%2F%2Fwww.reddit.com%2Fr%2FRemindMeBot%2Fcomments%2Fe0tgoj%2Fcakeday_info_post%2Fk90yv3d%2F%5D%0A%0ARemindMe%21+2024-05-21+16%3A45%3A33+UTC;scartato;non è una fonte: collegamento del bot RemindMe, un promemoria e non un contenuto
https://www.reddit.com/message/compose?to=RemindMeBot&subject=Reminder&message=%5Bhttps%3A%2F%2Fwww.reddit.com%2Fr%2FRemindMeBot%2Fcomments%2Fe0tgoj%2Fcakeday_info_post%2Fkdzohk0%2F%5D%0A%0ARemindMe%21+2024-04-11+08%3A51%3A55+UTC;scartato;non è una fonte: collegamento del bot RemindMe, un promemoria e non un contenuto
https://www.reddit.com/message/compose?to=RemindMeBot&subject=Reminder&message=%5Bhttps%3A%2F%2Fwww.reddit.com%2Fr%2FRemindMeBot%2Fcomments%2Fe0tgoj%2Fcakeday_info_post%2Fkesb9f7%2F%5D%0A%0ARemindMe%21+2024-06-19+12%3A43%3A07+UTC;scartato;non è una fonte: collegamento del bot RemindMe, un promemoria e non un contenuto
https://www.reddit.com/message/compose?to=RemindMeBot&subject=Reminder&message=%5Bhttps%3A%2F%2Fwww.reddit.com%2Fr%2FRemindMeBot%2Fcomments%2Fe0tgoj%2Fcakeday_info_post%2Fkf9j8sz%2F%5D%0A%0ARemindMe%21+2024-03-16+00%3A30%3A36+UTC;scartato;non è una fonte: collegamento del bot RemindMe, un promemoria e non un contenuto
https://www.reddit.com/message/compose?to=RemindMeBot&subject=Reminder&message=%5Bhttps%3A%2F%2Fwww.reddit.com%2Fr%2FRemindMeBot%2Fcomments%2Fe0tgoj%2Fcakeday_info_post%2Fkfut3q2%2F%5D%0A%0ARemindMe%21+2024-10-17+21%3A36%3A14+UTC;scartato;non è una fonte: collegamento del bot RemindMe, un promemoria e non un contenuto
https://www.reddit.com/message/compose?to=RemindMeBot&subject=Reminder&message=%5Bhttps%3A%2F%2Fwww.reddit.com%2Fr%2FRemindMeBot%2Fcomments%2Fe0tgoj%2Fcakeday_info_post%2Fkiy1u7v%2F%5D%0A%0ARemindMe%21+2024-02-01+16%3A36%3A14+UTC;scartato;non è una fonte: collegamento del bot RemindMe, un promemoria e non un contenuto
https://www.reddit.com/message/compose?to=RemindMeBot&subject=Reminder&message=%5Bhttps%3A%2F%2Fwww.reddit.com%2Fr%2FRemindMeBot%2Fcomments%2Fe0tgoj%2Fcakeday_info_post%2Fkoq7q3i%2F%5D%0A%0ARemindMe%21+2024-04-17+22%3A42%3A01+UTC;scartato;non è una fonte: collegamento del bot RemindMe, un promemoria e non un contenuto
https://www.reddit.com/message/compose?to=RemindMeBot&subject=Reminder&message=%5Bhttps%3A%2F%2Fwww.reddit.com%2Fr%2FRemindMeBot%2Fcomments%2Fe0tgoj%2Fcakeday_info_post%2Fkp9y6m1%2F%5D%0A%0ARemindMe%21+2024-06-21+04%3A53%3A21+UTC;scartato;non è una fonte: collegamento del bot RemindMe, un promemoria e non un contenuto
https://www.reddit.com/message/compose?to=RemindMeBot&subject=Reminder&message=%5Bhttps%3A%2F%2Fwww.reddit.com%2Fr%2FRemindMeBot%2Fcomments%2Fe0tgoj%2Fcakeday_info_post%2Fkqn4i07%2F%5D%0A%0ARemindMe%21+2024-12-14+03%3A08%3A10+UTC;scartato;non è una fonte: collegamento del bot RemindMe, un promemoria e non un contenuto
https://www.reddit.com/message/compose?to=RemindMeBot&subject=Reminder&message=%5Bhttps%3A%2F%2Fwww.reddit.com%2Fr%2FRemindMeBot%2Fcomments%2Fe0tgoj%2Fcakeday_info_post%2Fkrhp3dd%2F%5D%0A%0ARemindMe%21+2024-02-24+04%3A09%3A21+UTC;scartato;non è una fonte: collegamento del bot RemindMe, un promemoria e non un contenuto
https://www.reddit.com/message/compose?to=RemindMeBot&subject=Reminder&message=%5Bhttps%3A%2F%2Fwww.reddit.com%2Fr%2FRemindMeBot%2Fcomments%2Fe0tgoj%2Fcakeday_info_post%2Fks02m8c%2F%5D%0A%0ARemindMe%21+2025-02-09+21%3A52%3A05+UTC;scartato;non è una fonte: collegamento del bot RemindMe, un promemoria e non un contenuto
https://www.reddit.com/message/compose?to=RemindMeBot&subject=Reminder&message=%5Bhttps%3A%2F%2Fwww.reddit.com%2Fr%2FRemindMeBot%2Fcomments%2Fe0tgoj%2Fcakeday_info_post%2Fkt9se6l%2F%5D%0A%0ARemindMe%21+2024-05-31+09%3A22%3A57+UTC;scartato;non è una fonte: collegamento del bot RemindMe, un promemoria e non un contenuto
https://www.reddit.com/message/compose?to=RemindMeBot&subject=Reminder&message=%5Bhttps%3A%2F%2Fwww.reddit.com%2Fr%2FRemindMeBot%2Fcomments%2Fe0tgoj%2Fcakeday_info_post%2Fktb5i6m%2F%5D%0A%0ARemindMe%21+2024-06-20+04%3A26%3A52+UTC;scartato;non è una fonte: collegamento del bot RemindMe, un promemoria e non un contenuto
https://www.reddit.com/message/compose?to=RemindMeBot&subject=Reminder&message=%5Bhttps%3A%2F%2Fwww.reddit.com%2Fr%2FRemindMeBot%2Fcomments%2Fe0tgoj%2Fcakeday_info_post%2Fktk27y6%2F%5D%0A%0ARemindMe%21+2024-04-07+00%3A28%3A55+UTC;scartato;non è una fonte: collegamento del bot RemindMe, un promemoria e non un contenuto
https://www.reddit.com/message/compose?to=RemindMeBot&subject=Reminder&message=%5Bhttps%3A%2F%2Fwww.reddit.com%2Fr%2FRemindMeBot%2Fcomments%2Fe0tgoj%2Fcakeday_info_post%2Fkxb9a9z%2F%5D%0A%0ARemindMe%21+2025-02-11+22%3A17%3A15+UTC;scartato;non è una fonte: collegamento del bot RemindMe, un promemoria e non un contenuto
https://www.reddit.com/message/compose?to=RemindMeBot&subject=Reminder&message=%5Bhttps%3A%2F%2Fwww.reddit.com%2Fr%2FRemindMeBot%2Fcomments%2Fe0tgoj%2Fcakeday_info_post%2Fkxflrvg%2F%5D%0A%0ARemindMe%21+2025-03-02+11%3A54%3A45+UTC;scartato;non è una fonte: collegamento del bot RemindMe, un promemoria e non un contenuto
https://www.reddit.com/message/compose?to=RemindMeBot&subject=Reminder&message=%5Bhttps%3A%2F%2Fwww.reddit.com%2Fr%2FRemindMeBot%2Fcomments%2Fe0tgoj%2Fcakeday_info_post%2Fky1yezv%2F%5D%0A%0ARemindMe%21+2024-11-25+21%3A24%3A19+UTC;scartato;non è una fonte: collegamento del bot RemindMe, un promemoria e non un contenuto
https://www.reddit.com/message/compose?to=RemindMeBot&subject=Reminder&message=%5Bhttps%3A%2F%2Fwww.reddit.com%2Fr%2FRemindMeBot%2Fcomments%2Fe0tgoj%2Fcakeday_info_post%2Fl1r2skh%2F%5D%0A%0ARemindMe%21+2025-02-12+06%3A17%3A39+UTC;scartato;non è una fonte: collegamento del bot RemindMe, un promemoria e non un contenuto
https://www.reddit.com/message/compose?to=RemindMeBot&subject=Reminder&message=%5Bhttps%3A%2F%2Fwww.reddit.com%2Fr%2FRemindMeBot%2Fcomments%2Fe0tgoj%2Fcakeday_info_post%2Fl1ty5uk%2F%5D%0A%0ARemindMe%21+2025-01-05+20%3A26%3A29+UTC;scartato;non è una fonte: collegamento del bot RemindMe, un promemoria e non un contenuto
https://www.reddit.com/message/compose?to=RemindMeBot&subject=Reminder&message=%5Bhttps%3A%2F%2Fwww.reddit.com%2Fr%2FRemindMeBot%2Fcomments%2Fe0tgoj%2Fcakeday_info_post%2Fl39cq1f%2F%5D%0A%0ARemindMe%21+2025-02-18+19%3A10%3A41+UTC;scartato;non è una fonte: collegamento del bot RemindMe, un promemoria e non un contenuto
https://www.reddit.com/message/compose?to=RemindMeBot&subject=Reminder&message=%5Bhttps%3A%2F%2Fwww.reddit.com%2Fr%2FRemindMeBot%2Fcomments%2Fe0tgoj%2Fcakeday_info_post%2Fl3jn13b%2F%5D%0A%0ARemindMe%21+2024-08-01+15%3A36%3A32+UTC;scartato;non è una fonte: collegamento del bot RemindMe, un promemoria e non un contenuto
https://www.reddit.com/message/compose?to=RemindMeBot&subject=Reminder&message=%5Bhttps%3A%2F%2Fwww.reddit.com%2Fr%2FRemindMeBot%2Fcomments%2Fe0tgoj%2Fcakeday_info_post%2Fl7m13ci%2F%5D%0A%0ARemindMe%21+2024-12-24+19%3A38%3A37+UTC;scartato;non è una fonte: collegamento del bot RemindMe, un promemoria e non un contenuto
https://www.reddit.com/message/compose?to=RemindMeBot&subject=Reminder&message=%5Bhttps%3A%2F%2Fwww.reddit.com%2Fr%2FRemindMeBot%2Fcomments%2Fe0tgoj%2Fcakeday_info_post%2Fla34ndn%2F%5D%0A%0ARemindMe%21+2025-01-17+03%3A26%3A07+UTC;scartato;non è una fonte: collegamento del bot RemindMe, un promemoria e non un contenuto
https://www.reddit.com/message/compose?to=RemindMeBot&subject=Reminder&message=%5Bhttps%3A%2F%2Fwww.reddit.com%2Fr%2FRemindMeBot%2Fcomments%2Fe0tgoj%2Fcakeday_info_post%2Flbmfsiu%2F%5D%0A%0ARemindMe%21+2024-09-22+13%3A04%3A19+UTC;scartato;non è una fonte: collegamento del bot RemindMe, un promemoria e non un contenuto
https://www.reddit.com/message/compose?to=RemindMeBot&subject=Reminder&message=%5Bhttps%3A%2F%2Fwww.reddit.com%2Fr%2FRemindMeBot%2Fcomments%2Fe0tgoj%2Fcakeday_info_post%2Flc9yii5%2F%5D%0A%0ARemindMe%21+2024-10-26+22%3A06%3A56+UTC;scartato;non è una fonte: collegamento del bot RemindMe, un promemoria e non un contenuto
https://www.reddit.com/message/compose?to=RemindMeBot&subject=Reminder&message=%5Bhttps%3A%2F%2Fwww.reddit.com%2Fr%2FRemindMeBot%2Fcomments%2Fe0tgoj%2Fcakeday_info_post%2Flcnjo9b%2F%5D%0A%0ARemindMe%21+2024-12-13+06%3A18%3A02+UTC;scartato;non è una fonte: collegamento del bot RemindMe, un promemoria e non un contenuto
https://www.reddit.com/message/compose?to=RemindMeBot&subject=Reminder&message=%5Bhttps%3A%2F%2Fwww.reddit.com%2Fr%2FRemindMeBot%2Fcomments%2Fe0tgoj%2Fcakeday_info_post%2Fle1du91%2F%5D%0A%0ARemindMe%21+2024-12-14+17%3A07%3A35+UTC;scartato;non è una fonte: collegamento del bot RemindMe, un promemoria e non un contenuto
https://www.reddit.com/message/compose?to=RemindMeBot&subject=Reminder&message=%5Bhttps%3A%2F%2Fwww.reddit.com%2Fr%2FRemindMeBot%2Fcomments%2Fe0tgoj%2Fcakeday_info_post%2Flf3o64u%2F%5D%0A%0ARemindMe%21+2025-07-21+02%3A35%3A23+UTC;scartato;non è una fonte: collegamento del bot RemindMe, un promemoria e non un contenuto
https://www.reddit.com/message/compose?to=RemindMeBot&subject=Reminder&message=%5Bhttps%3A%2F%2Fwww.reddit.com%2Fr%2FRemindMeBot%2Fcomments%2Fe0tgoj%2Fcakeday_info_post%2Flgjyhlj%2F%5D%0A%0ARemindMe%21+2025-07-21+16%3A06%3A17+UTC;scartato;non è una fonte: collegamento del bot RemindMe, un promemoria e non un contenuto
https://www.reddit.com/message/compose?to=RemindMeBot&subject=Reminder&message=%5Bhttps%3A%2F%2Fwww.reddit.com%2Fr%2FRemindMeBot%2Fcomments%2Fe0tgoj%2Fcakeday_info_post%2Fli2s7c9%2F%5D%0A%0ARemindMe%21+2025-04-02+10%3A36%3A25+UTC;scartato;non è una fonte: collegamento del bot RemindMe, un promemoria e non un contenuto
https://www.reddit.com/message/compose?to=RemindMeBot&subject=Reminder&message=%5Bhttps%3A%2F%2Fwww.reddit.com%2Fr%2FRemindMeBot%2Fcomments%2Fe0tgoj%2Fcakeday_info_post%2Flmh2bna%2F%5D%0A%0ARemindMe%21+2025-04-10+22%3A28%3A07+UTC;scartato;non è una fonte: collegamento del bot RemindMe, un promemoria e non un contenuto
https://www.reddit.com/message/compose?to=RemindMeBot&subject=Reminder&message=%5Bhttps%3A%2F%2Fwww.reddit.com%2Fr%2FRemindMeBot%2Fcomments%2Fe0tgoj%2Fcakeday_info_post%2Fln0tt07%2F%5D%0A%0ARemindMe%21+2024-10-10+22%3A54%3A10+UTC;scartato;non è una fonte: collegamento del bot RemindMe, un promemoria e non un contenuto
https://www.reddit.com/message/compose?to=RemindMeBot&subject=Reminder&message=%5Bhttps%3A%2F%2Fwww.reddit.com%2Fr%2FRemindMeBot%2Fcomments%2Fe0tgoj%2Fcakeday_info_post%2Fln1n1a5%2F%5D%0A%0ARemindMe%21+2025-03-23+22%3A32%3A38+UTC;scartato;non è una fonte: collegamento del bot RemindMe, un promemoria e non un contenuto
https://www.reddit.com/message/compose?to=RemindMeBot&subject=Reminder&message=%5Bhttps%3A%2F%2Fwww.reddit.com%2Fr%2FRemindMeBot%2Fcomments%2Fe0tgoj%2Fcakeday_info_post%2Fln1s4o8%2F%5D%0A%0ARemindMe%21+2025-08-24+23%3A17%3A03+UTC;scartato;non è una fonte: collegamento del bot RemindMe, un promemoria e non un contenuto
https://www.reddit.com/message/compose?to=RemindMeBot&subject=Reminder&message=%5Bhttps%3A%2F%2Fwww.reddit.com%2Fr%2FRemindMeBot%2Fcomments%2Fe0tgoj%2Fcakeday_info_post%2Flnwe7m0%2F%5D%0A%0ARemindMe%21+2025-07-11+14%3A44%3A10+UTC;scartato;non è una fonte: collegamento del bot RemindMe, un promemoria e non un contenuto
https://www.reddit.com/message/compose?to=RemindMeBot&subject=Reminder&message=%5Bhttps%3A%2F%2Fwww.reddit.com%2Fr%2FRemindMeBot%2Fcomments%2Fe0tgoj%2Fcakeday_info_post%2Flpqy765%2F%5D%0A%0ARemindMe%21+2025-03-23+22%3A27%3A18+UTC;scartato;non è una fonte: collegamento del bot RemindMe, un promemoria e non un contenuto
https://www.reddit.com/message/compose?to=RemindMeBot&subject=Reminder&message=%5Bhttps%3A%2F%2Fwww.reddit.com%2Fr%2FRemindMeBot%2Fcomments%2Fe0tgoj%2Fcakeday_info_post%2Flpyabdl%2F%5D%0A%0ARemindMe%21+2025-08-15+16%3A48%3A28+UTC;scartato;non è una fonte: collegamento del bot RemindMe, un promemoria e non un contenuto
https://www.reddit.com/message/compose?to=RemindMeBot&subject=Reminder&message=%5Bhttps%3A%2F%2Fwww.reddit.com%2Fr%2FRemindMeBot%2Fcomments%2Fe0tgoj%2Fcakeday_info_post%2Fltyx38i%2F%5D%0A%0ARemindMe%21+2024-12-31+06%3A43%3A51+UTC;scartato;non è una fonte: collegamento del bot RemindMe, un promemoria e non un contenuto
https://www.reddit.com/message/compose?to=RemindMeBot&subject=Reminder&message=%5Bhttps%3A%2F%2Fwww.reddit.com%2Fr%2FRemindMeBot%2Fcomments%2Fe0tgoj%2Fcakeday_info_post%2Fluaxyp0%2F%5D%0A%0ARemindMe%21+2025-02-12+16%3A07%3A49+UTC;scartato;non è una fonte: collegamento del bot RemindMe, un promemoria e non un contenuto
https://www.reddit.com/message/compose?to=RemindMeBot&subject=Reminder&message=%5Bhttps%3A%2F%2Fwww.reddit.com%2Fr%2FRemindMeBot%2Fcomments%2Fe0tgoj%2Fcakeday_info_post%2Flvhdhxl%2F%5D%0A%0ARemindMe%21+2024-11-28+15%3A05%3A12+UTC;scartato;non è una fonte: collegamento del bot RemindMe, un promemoria e non un contenuto
https://www.reddit.com/message/compose?to=RemindMeBot&subject=Reminder&message=%5Bhttps%3A%2F%2Fwww.reddit.com%2Fr%2FRemindMeBot%2Fcomments%2Fe0tgoj%2Fcakeday_info_post%2Flxx3rwb%2F%5D%0A%0ARemindMe%21+2025-06-24+09%3A55%3A39+UTC;scartato;non è una fonte: collegamento del bot RemindMe, un promemoria e non un contenuto
https://www.reddit.com/message/compose?to=RemindMeBot&subject=Reminder&message=%5Bhttps%3A%2F%2Fwww.reddit.com%2Fr%2FRemindMeBot%2Fcomments%2Fe0tgoj%2Fcakeday_info_post%2Flyljpll%2F%5D%0A%0ARemindMe%21+2025-07-30+17%3A39%3A03+UTC;scartato;non è una fonte: collegamento del bot RemindMe, un promemoria e non un contenuto
https://www.reddit.com/message/compose?to=RemindMeBot&subject=Reminder&message=%5Bhttps%3A%2F%2Fwww.reddit.com%2Fr%2FRemindMeBot%2Fcomments%2Fe0tgoj%2Fcakeday_info_post%2Flyvots4%2F%5D%0A%0ARemindMe%21+2025-01-26+00%3A54%3A32+UTC;scartato;non è una fonte: collegamento del bot RemindMe, un promemoria e non un contenuto
https://www.reddit.com/message/compose?to=RemindMeBot&subject=Reminder&message=%5Bhttps%3A%2F%2Fwww.reddit.com%2Fr%2FRemindMeBot%2Fcomments%2Fe0tgoj%2Fcakeday_info_post%2Flzyr3ge%2F%5D%0A%0ARemindMe%21+2025-09-22+12%3A19%3A06+UTC;scartato;non è una fonte: collegamento del bot RemindMe, un promemoria e non un contenuto
https://www.reddit.com/message/compose?to=RemindMeBot&subject=Reminder&message=%5Bhttps%3A%2F%2Fwww.reddit.com%2Fr%2FRemindMeBot%2Fcomments%2Fe0tgoj%2Fcakeday_info_post%2Flzywxtg%2F%5D%0A%0ARemindMe%21+2025-01-13+21%3A57%3A20+UTC;scartato;non è una fonte: collegamento del bot RemindMe, un promemoria e non un contenuto
https://www.reddit.com/message/compose?to=RemindMeBot&subject=Reminder&message=%5Bhttps%3A%2F%2Fwww.reddit.com%2Fr%2FRemindMeBot%2Fcomments%2Fe0tgoj%2Fcakeday_info_post%2Fm1m50yt%2F%5D%0A%0ARemindMe%21+2025-05-24+14%3A01%3A16+UTC;scartato;non è una fonte: collegamento del bot RemindMe, un promemoria e non un contenuto
https://www.reddit.com/message/compose?to=RemindMeBot&subject=Reminder&message=%5Bhttps%3A%2F%2Fwww.reddit.com%2Fr%2FRemindMeBot%2Fcomments%2Fe0tgoj%2Fcakeday_info_post%2Fm2obe30%2F%5D%0A%0ARemindMe%21+2025-07-22+05%3A45%3A59+UTC;scartato;non è una fonte: collegamento del bot RemindMe, un promemoria e non un contenuto
https://www.reddit.com/message/compose?to=RemindMeBot&subject=Reminder&message=%5Bhttps%3A%2F%2Fwww.reddit.com%2Fr%2FRemindMeBot%2Fcomments%2Fe0tgoj%2Fcakeday_info_post%2Fm31nku6%2F%5D%0A%0ARemindMe%21+2025-06-24+21%3A57%3A35+UTC;scartato;non è una fonte: collegamento del bot RemindMe, un promemoria e non un contenuto
https://www.reddit.com/message/compose?to=RemindMeBot&subject=Reminder&message=%5Bhttps%3A%2F%2Fwww.reddit.com%2Fr%2FRemindMeBot%2Fcomments%2Fe0tgoj%2Fcakeday_info_post%2Fm4bs444%2F%5D%0A%0ARemindMe%21+2025-10-30+12%3A49%3A00+UTC;scartato;non è una fonte: collegamento del bot RemindMe, un promemoria e non un contenuto
https://www.reddit.com/message/compose?to=RemindMeBot&subject=Reminder&message=%5Bhttps%3A%2F%2Fwww.reddit.com%2Fr%2FRemindMeBot%2Fcomments%2Fe0tgoj%2Fcakeday_info_post%2Fm4pj4w5%2F%5D%0A%0ARemindMe%21+2025-08-09+19%3A04%3A56+UTC;scartato;non è una fonte: collegamento del bot RemindMe, un promemoria e non un contenuto
https://www.reddit.com/message/compose?to=RemindMeBot&subject=Reminder&message=%5Bhttps%3A%2F%2Fwww.reddit.com%2Fr%2FRemindMeBot%2Fcomments%2Fe0tgoj%2Fcakeday_info_post%2Fm5f97g1%2F%5D%0A%0ARemindMe%21+2025-11-27+01%3A53%3A46+UTC;scartato;non è una fonte: collegamento del bot RemindMe, un promemoria e non un contenuto
https://www.reddit.com/message/compose?to=RemindMeBot&subject=Reminder&message=%5Bhttps%3A%2F%2Fwww.reddit.com%2Fr%2FRemindMeBot%2Fcomments%2Fe0tgoj%2Fcakeday_info_post%2Fm8m692s%2F%5D%0A%0ARemindMe%21+2025-09-17+08%3A19%3A53+UTC;scartato;non è una fonte: collegamento del bot RemindMe, un promemoria e non un contenuto
https://www.reddit.com/message/compose?to=RemindMeBot&subject=Reminder&message=%5Bhttps%3A%2F%2Fwww.reddit.com%2Fr%2FRemindMeBot%2Fcomments%2Fe0tgoj%2Fcakeday_info_post%2Fm987pqx%2F%5D%0A%0ARemindMe%21+2025-05-21+06%3A36%3A45+UTC;scartato;non è una fonte: collegamento del bot RemindMe, un promemoria e non un contenuto
https://www.reddit.com/message/compose?to=RemindMeBot&subject=Reminder&message=%5Bhttps%3A%2F%2Fwww.reddit.com%2Fr%2FRemindMeBot%2Fcomments%2Fe0tgoj%2Fcakeday_info_post%2Fmc59dk3%2F%5D%0A%0ARemindMe%21+2025-12-09+08%3A02%3A06+UTC;scartato;non è una fonte: collegamento del bot RemindMe, un promemoria e non un contenuto
https://www.reddit.com/message/compose?to=RemindMeBot&subject=Reminder&message=%5Bhttps%3A%2F%2Fwww.reddit.com%2Fr%2FRemindMeBot%2Fcomments%2Fe0tgoj%2Fcakeday_info_post%2Fmc9gid5%2F%5D%0A%0ARemindMe%21+2025-05-17+16%3A53%3A53+UTC;scartato;non è una fonte: collegamento del bot RemindMe, un promemoria e non un contenuto
https://www.reddit.com/message/compose?to=RemindMeBot&subject=Reminder&message=%5Bhttps%3A%2F%2Fwww.reddit.com%2Fr%2FRemindMeBot%2Fcomments%2Fe0tgoj%2Fcakeday_info_post%2Fmca6jil%2F%5D%0A%0ARemindMe%21+2025-03-06+22%3A50%3A46+UTC;scartato;non è una fonte: collegamento del bot RemindMe, un promemoria e non un contenuto
https://www.reddit.com/message/compose?to=RemindMeBot&subject=Reminder&message=%5Bhttps%3A%2F%2Fwww.reddit.com%2Fr%2FRemindMeBot%2Fcomments%2Fe0tgoj%2Fcakeday_info_post%2Fmdqum7f%2F%5D%0A%0ARemindMe%21+2025-08-16+17%3A53%3A17+UTC;scartato;non è una fonte: collegamento del bot RemindMe, un promemoria e non un contenuto
https://www.reddit.com/message/compose?to=RemindMeBot&subject=Reminder&message=%5Bhttps%3A%2F%2Fwww.reddit.com%2Fr%2FRemindMeBot%2Fcomments%2Fe0tgoj%2Fcakeday_info_post%2Fmerrh82%2F%5D%0A%0ARemindMe%21+2025-04-17+03%3A02%3A24+UTC;scartato;non è una fonte: collegamento del bot RemindMe, un promemoria e non un contenuto
https://www.reddit.com/message/compose?to=RemindMeBot&subject=Reminder&message=%5Bhttps%3A%2F%2Fwww.reddit.com%2Fr%2FRemindMeBot%2Fcomments%2Fe0tgoj%2Fcakeday_info_post%2Fmf8yu1y%2F%5D%0A%0ARemindMe%21+2025-05-29+11%3A34%3A09+UTC;scartato;non è una fonte: collegamento del bot RemindMe, un promemoria e non un contenuto
https://www.reddit.com/message/compose?to=RemindMeBot&subject=Reminder&message=%5Bhttps%3A%2F%2Fwww.reddit.com%2Fr%2FRemindMeBot%2Fcomments%2Fe0tgoj%2Fcakeday_info_post%2Fmfu2pko%2F%5D%0A%0ARemindMe%21+2025-10-25+23%3A53%3A12+UTC;scartato;non è una fonte: collegamento del bot RemindMe, un promemoria e non un contenuto
https://www.reddit.com/message/compose?to=RemindMeBot&subject=Reminder&message=%5Bhttps%3A%2F%2Fwww.reddit.com%2Fr%2FRemindMeBot%2Fcomments%2Fe0tgoj%2Fcakeday_info_post%2Fmfuj3zi%2F%5D%0A%0ARemindMe%21+2025-03-16+06%3A08%3A08+UTC;scartato;non è una fonte: collegamento del bot RemindMe, un promemoria e non un contenuto
https://www.reddit.com/message/compose?to=RemindMeBot&subject=Reminder&message=%5Bhttps%3A%2F%2Fwww.reddit.com%2Fr%2FRemindMeBot%2Fcomments%2Fe0tgoj%2Fcakeday_info_post%2Fmgme3pw%2F%5D%0A%0ARemindMe%21+2025-04-03+14%3A54%3A28+UTC;scartato;non è una fonte: collegamento del bot RemindMe, un promemoria e non un contenuto
https://www.reddit.com/message/compose?to=RemindMeBot&subject=Reminder&message=%5Bhttps%3A%2F%2Fwww.reddit.com%2Fr%2FRemindMeBot%2Fcomments%2Fe0tgoj%2Fcakeday_info_post%2Fmh8kq43%2F%5D%0A%0ARemindMe%21+2025-04-03+22%3A36%3A18+UTC;scartato;non è una fonte: collegamento del bot RemindMe, un promemoria e non un contenuto
https://www.reddit.com/message/compose?to=RemindMeBot&subject=Reminder&message=%5Bhttps%3A%2F%2Fwww.reddit.com%2Fr%2FRemindMeBot%2Fcomments%2Fe0tgoj%2Fcakeday_info_post%2Fmhlrlta%2F%5D%0A%0ARemindMe%21+2025-11-07+00%3A50%3A35+UTC;scartato;non è una fonte: collegamento del bot RemindMe, un promemoria e non un contenuto
https://www.reddit.com/message/compose?to=RemindMeBot&subject=Reminder&message=%5Bhttps%3A%2F%2Fwww.reddit.com%2Fr%2FRemindMeBot%2Fcomments%2Fe0tgoj%2Fcakeday_info_post%2Fmhlszpq%2F%5D%0A%0ARemindMe%21+2025-04-02+22%3A12%3A41+UTC;scartato;non è una fonte: collegamento del bot RemindMe, un promemoria e non un contenuto
https://www.reddit.com/message/compose?to=RemindMeBot&subject=Reminder&message=%5Bhttps%3A%2F%2Fwww.reddit.com%2Fr%2FRemindMeBot%2Fcomments%2Fe0tgoj%2Fcakeday_info_post%2Fmio9be6%2F%5D%0A%0ARemindMe%21+2025-07-26+21%3A09%3A29+UTC;scartato;non è una fonte: collegamento del bot RemindMe, un promemoria e non un contenuto
https://www.reddit.com/message/compose?to=RemindMeBot&subject=Reminder&message=%5Bhttps%3A%2F%2Fwww.reddit.com%2Fr%2FRemindMeBot%2Fcomments%2Fe0tgoj%2Fcakeday_info_post%2Fmjx4snp%2F%5D%0A%0ARemindMe%21+2026-01-20+15%3A42%3A55+UTC;scartato;non è una fonte: collegamento del bot RemindMe, un promemoria e non un contenuto
https://www.reddit.com/message/compose?to=RemindMeBot&subject=Reminder&message=%5Bhttps%3A%2F%2Fwww.reddit.com%2Fr%2FRemindMeBot%2Fcomments%2Fe0tgoj%2Fcakeday_info_post%2Fmjz8gut%2F%5D%0A%0ARemindMe%21+2025-11-28+18%3A36%3A05+UTC;scartato;non è una fonte: collegamento del bot RemindMe, un promemoria e non un contenuto
https://www.reddit.com/message/compose?to=RemindMeBot&subject=Reminder&message=%5Bhttps%3A%2F%2Fwww.reddit.com%2Fr%2FRemindMeBot%2Fcomments%2Fe0tgoj%2Fcakeday_info_post%2Fmkptk17%2F%5D%0A%0ARemindMe%21+2026-01-30+23%3A47%3A34+UTC;scartato;non è una fonte: collegamento del bot RemindMe, un promemoria e non un contenuto
https://www.reddit.com/message/compose?to=RemindMeBot&subject=Reminder&message=%5Bhttps%3A%2F%2Fwww.reddit.com%2Fr%2FRemindMeBot%2Fcomments%2Fe0tgoj%2Fcakeday_info_post%2Fmktqoph%2F%5D%0A%0ARemindMe%21+2025-12-27+14%3A27%3A06+UTC;scartato;non è una fonte: collegamento del bot RemindMe, un promemoria e non un contenuto
https://www.reddit.com/message/compose?to=RemindMeBot&subject=Reminder&message=%5Bhttps%3A%2F%2Fwww.reddit.com%2Fr%2FRemindMeBot%2Fcomments%2Fe0tgoj%2Fcakeday_info_post%2Fmlcar29%2F%5D%0A%0ARemindMe%21+2025-09-27+17%3A15%3A27+UTC;scartato;non è una fonte: collegamento del bot RemindMe, un promemoria e non un contenuto
https://www.reddit.com/message/compose?to=RemindMeBot&subject=Reminder&message=%5Bhttps%3A%2F%2Fwww.reddit.com%2Fr%2FRemindMeBot%2Fcomments%2Fe0tgoj%2Fcakeday_info_post%2Fmleht0n%2F%5D%0A%0ARemindMe%21+2025-10-12+13%3A49%3A15+UTC;scartato;non è una fonte: collegamento del bot RemindMe, un promemoria e non un contenuto
https://www.reddit.com/message/compose?to=RemindMeBot&subject=Reminder&message=%5Bhttps%3A%2F%2Fwww.reddit.com%2Fr%2FRemindMeBot%2Fcomments%2Fe0tgoj%2Fcakeday_info_post%2Fmlei34z%2F%5D%0A%0ARemindMe%21+2026-02-16+00%3A57%3A19+UTC;scartato;non è una fonte: collegamento del bot RemindMe, un promemoria e non un contenuto
https://www.reddit.com/message/compose?to=RemindMeBot&subject=Reminder&message=%5Bhttps%3A%2F%2Fwww.reddit.com%2Fr%2FRemindMeBot%2Fcomments%2Fe0tgoj%2Fcakeday_info_post%2Fmnx1o4c%2F%5D%0A%0ARemindMe%21+2026-02-13+10%3A43%3A08+UTC;scartato;non è una fonte: collegamento del bot RemindMe, un promemoria e non un contenuto
https://www.reddit.com/message/compose?to=RemindMeBot&subject=Reminder&message=%5Bhttps%3A%2F%2Fwww.reddit.com%2Fr%2FRemindMeBot%2Fcomments%2Fe0tgoj%2Fcakeday_info_post%2Fmogpbql%2F%5D%0A%0ARemindMe%21+2025-08-11+14%3A55%3A50+UTC;scartato;non è una fonte: collegamento del bot RemindMe, un promemoria e non un contenuto
https://www.reddit.com/message/compose?to=RemindMeBot&subject=Reminder&message=%5Bhttps%3A%2F%2Fwww.reddit.com%2Fr%2FRemindMeBot%2Fcomments%2Fe0tgoj%2Fcakeday_info_post%2Fmp02o76%2F%5D%0A%0ARemindMe%21+2026-03-28+19%3A28%3A56+UTC;scartato;non è una fonte: collegamento del bot RemindMe, un promemoria e non un contenuto
https://www.reddit.com/message/compose?to=RemindMeBot&subject=Reminder&message=%5Bhttps%3A%2F%2Fwww.reddit.com%2Fr%2FRemindMeBot%2Fcomments%2Fe0tgoj%2Fcakeday_info_post%2Fmp040jx%2F%5D%0A%0ARemindMe%21+2026-03-28+19%3A28%3A56+UTC;scartato;non è una fonte: collegamento del bot RemindMe, un promemoria e non un contenuto
https://www.reddit.com/message/compose?to=RemindMeBot&subject=Reminder&message=%5Bhttps%3A%2F%2Fwww.reddit.com%2Fr%2FRemindMeBot%2Fcomments%2Fe0tgoj%2Fcakeday_info_post%2Fmp05paj%2F%5D%0A%0ARemindMe%21+2025-12-05+20%3A01%3A08+UTC;scartato;non è una fonte: collegamento del bot RemindMe, un promemoria e non un contenuto
https://www.reddit.com/message/compose?to=RemindMeBot&subject=Reminder&message=%5Bhttps%3A%2F%2Fwww.reddit.com%2Fr%2FRemindMeBot%2Fcomments%2Fe0tgoj%2Fcakeday_info_post%2Fmpkvtli%2F%5D%0A%0ARemindMe%21+2025-05-09+23%3A31%3A27+UTC;scartato;non è una fonte: collegamento del bot RemindMe, un promemoria e non un contenuto
https://www.reddit.com/message/compose?to=RemindMeBot&subject=Reminder&message=%5Bhttps%3A%2F%2Fwww.reddit.com%2Fr%2FRemindMeBot%2Fcomments%2Fe0tgoj%2Fcakeday_info_post%2Fmua8b95%2F%5D%0A%0ARemindMe%21+2025-07-14+01%3A27%3A45+UTC;scartato;non è una fonte: collegamento del bot RemindMe, un promemoria e non un contenuto
https://www.reddit.com/message/compose?to=RemindMeBot&subject=Reminder&message=%5Bhttps%3A%2F%2Fwww.reddit.com%2Fr%2FRemindMeBot%2Fcomments%2Fe0tgoj%2Fcakeday_info_post%2Fmuz3i3e%2F%5D%0A%0ARemindMe%21+2025-12-15+13%3A08%3A39+UTC;scartato;non è una fonte: collegamento del bot RemindMe, un promemoria e non un contenuto
https://www.reddit.com/message/compose?to=RemindMeBot&subject=Reminder&message=%5Bhttps%3A%2F%2Fwww.reddit.com%2Fr%2FRemindMeBot%2Fcomments%2Fe0tgoj%2Fcakeday_info_post%2Fmv1lzfg%2F%5D%0A%0ARemindMe%21+2025-09-07+18%3A23%3A03+UTC;scartato;non è una fonte: collegamento del bot RemindMe, un promemoria e non un contenuto
https://www.reddit.com/message/compose?to=RemindMeBot&subject=Reminder&message=%5Bhttps%3A%2F%2Fwww.reddit.com%2Fr%2FRemindMeBot%2Fcomments%2Fe0tgoj%2Fcakeday_info_post%2Fmvx9nql%2F%5D%0A%0ARemindMe%21+2026-04-14+21%3A11%3A07+UTC;scartato;non è una fonte: collegamento del bot RemindMe, un promemoria e non un contenuto
https://www.reddit.com/message/compose?to=RemindMeBot&subject=Reminder&message=%5Bhttps%3A%2F%2Fwww.reddit.com%2Fr%2FRemindMeBot%2Fcomments%2Fe0tgoj%2Fcakeday_info_post%2Fmw2he1p%2F%5D%0A%0ARemindMe%21+2025-09-30+01%3A22%3A03+UTC;scartato;non è una fonte: collegamento del bot RemindMe, un promemoria e non un contenuto
https://www.reddit.com/message/compose?to=RemindMeBot&subject=Reminder&message=%5Bhttps%3A%2F%2Fwww.reddit.com%2Fr%2FRemindMeBot%2Fcomments%2Fe0tgoj%2Fcakeday_info_post%2Fmwsf6ng%2F%5D%0A%0ARemindMe%21+2025-07-20+09%3A36%3A28+UTC;scartato;non è una fonte: collegamento del bot RemindMe, un promemoria e non un contenuto
https://www.reddit.com/message/compose?to=RemindMeBot&subject=Reminder&message=%5Bhttps%3A%2F%2Fwww.reddit.com%2Fr%2FRemindMeBot%2Fcomments%2Fe0tgoj%2Fcakeday_info_post%2Fmx9d7i5%2F%5D%0A%0ARemindMe%21+2026-03-23+10%3A17%3A11+UTC;scartato;non è una fonte: collegamento del bot RemindMe, un promemoria e non un contenuto
https://www.reddit.com/message/compose?to=RemindMeBot&subject=Reminder&message=%5Bhttps%3A%2F%2Fwww.reddit.com%2Fr%2FRemindMeBot%2Fcomments%2Fe0tgoj%2Fcakeday_info_post%2Fn003qd2%2F%5D%0A%0ARemindMe%21+2026-05-29+07%3A59%3A23+UTC;scartato;non è una fonte: collegamento del bot RemindMe, un promemoria e non un contenuto
https://www.reddit.com/message/compose?to=RemindMeBot&subject=Reminder&message=%5Bhttps%3A%2F%2Fwww.reddit.com%2Fr%2FRemindMeBot%2Fcomments%2Fe0tgoj%2Fcakeday_info_post%2Fn0rv3xv%2F%5D%0A%0ARemindMe%21+2026-06-20+18%3A41%3A28+UTC;scartato;non è una fonte: collegamento del bot RemindMe, un promemoria e non un contenuto
https://www.reddit.com/message/compose?to=RemindMeBot&subject=Reminder&message=%5Bhttps%3A%2F%2Fwww.reddit.com%2Fr%2FRemindMeBot%2Fcomments%2Fe0tgoj%2Fcakeday_info_post%2Fn4mmk2y%2F%5D%0A%0ARemindMe%21+2026-02-20+16%3A50%3A44+UTC;scartato;non è una fonte: collegamento del bot RemindMe, un promemoria e non un contenuto
https://www.reddit.com/message/compose?to=RemindMeBot&subject=Reminder&message=%5Bhttps%3A%2F%2Fwww.reddit.com%2Fr%2FRemindMeBot%2Fcomments%2Fe0tgoj%2Fcakeday_info_post%2Fn4q6k8i%2F%5D%0A%0ARemindMe%21+2025-12-06+03%3A57%3A55+UTC;scartato;non è una fonte: collegamento del bot RemindMe, un promemoria e non un contenuto
https://www.reddit.com/message/compose?to=RemindMeBot&subject=Reminder&message=%5Bhttps%3A%2F%2Fwww.reddit.com%2Fr%2FRemindMeBot%2Fcomments%2Fe0tgoj%2Fcakeday_info_post%2Fn51m1w0%2F%5D%0A%0ARemindMe%21+2025-12-26+03%3A28%3A10+UTC;scartato;non è una fonte: collegamento del bot RemindMe, un promemoria e non un contenuto
https://www.reddit.com/message/compose?to=RemindMeBot&subject=Reminder&message=%5Bhttps%3A%2F%2Fwww.reddit.com%2Fr%2FRemindMeBot%2Fcomments%2Fe0tgoj%2Fcakeday_info_post%2Fn6bjdh5%2F%5D%0A%0ARemindMe%21+2025-11-21+17%3A08%3A22+UTC;scartato;non è una fonte: collegamento del bot RemindMe, un promemoria e non un contenuto
https://www.reddit.com/message/compose?to=RemindMeBot&subject=Reminder&message=%5Bhttps%3A%2F%2Fwww.reddit.com%2Fr%2FRemindMeBot%2Fcomments%2Fe0tgoj%2Fcakeday_info_post%2Fn7ajiy2%2F%5D%0A%0ARemindMe%21+2025-09-20+12%3A59%3A19+UTC;scartato;non è una fonte: collegamento del bot RemindMe, un promemoria e non un contenuto
https://www.reddit.com/message/compose?to=RemindMeBot&subject=Reminder&message=%5Bhttps%3A%2F%2Fwww.reddit.com%2Fr%2FRemindMeBot%2Fcomments%2Fe0tgoj%2Fcakeday_info_post%2Fnbcqqgp%2F%5D%0A%0ARemindMe%21+2026-03-29+03%3A28%3A48+UTC;scartato;non è una fonte: collegamento del bot RemindMe, un promemoria e non un contenuto
https://www.reddit.com/message/compose?to=RemindMeBot&subject=Reminder&message=%5Bhttps%3A%2F%2Fwww.reddit.com%2Fr%2FRemindMeBot%2Fcomments%2Fe0tgoj%2Fcakeday_info_post%2Fnbyab38%2F%5D%0A%0ARemindMe%21+2026-03-19+12%3A44%3A38+UTC;scartato;non è una fonte: collegamento del bot RemindMe, un promemoria e non un contenuto
https://www.reddit.com/message/compose?to=RemindMeBot&subject=Reminder&message=%5Bhttps%3A%2F%2Fwww.reddit.com%2Fr%2FRemindMeBot%2Fcomments%2Fe0tgoj%2Fcakeday_info_post%2Fngsra06%2F%5D%0A%0ARemindMe%21+2026-02-26+15%3A05%3A01+UTC;scartato;non è una fonte: collegamento del bot RemindMe, un promemoria e non un contenuto
https://www.reddit.com/message/compose?to=RemindMeBot&subject=Reminder&message=%5Bhttps%3A%2F%2Fwww.reddit.com%2Fr%2FRemindMeBot%2Fcomments%2Fe0tgoj%2Fcakeday_info_post%2Fnkwzxxb%2F%5D%0A%0ARemindMe%21+2026-05-11+17%3A58%3A38+UTC;scartato;non è una fonte: collegamento del bot RemindMe, un promemoria e non un contenuto
https://www.reddit.com/message/compose?to=RemindMeBot&subject=Reminder&message=%5Bhttps%3A%2F%2Fwww.reddit.com%2Fr%2FRemindMeBot%2Fcomments%2Fe0tgoj%2Fcakeday_info_post%2Fnlbvw04%2F%5D%0A%0ARemindMe%21+2026-10-17+18%3A15%3A21+UTC;scartato;non è una fonte: collegamento del bot RemindMe, un promemoria e non un contenuto
https://www.reddit.com/message/compose?to=RemindMeBot&subject=Reminder&message=%5Bhttps%3A%2F%2Fwww.reddit.com%2Fr%2FRemindMeBot%2Fcomments%2Fe0tgoj%2Fcakeday_info_post%2Fnmyxxoi%2F%5D%0A%0ARemindMe%21+2026-01-31+07%3A51%3A51+UTC;scartato;non è una fonte: collegamento del bot RemindMe, un promemoria e non un contenuto
https://www.reddit.com/message/compose?to=RemindMeBot&subject=Reminder&message=%5Bhttps%3A%2F%2Fwww.reddit.com%2Fr%2FRemindMeBot%2Fcomments%2Fe0tgoj%2Fcakeday_info_post%2Fnrl9xob%2F%5D%0A%0ARemindMe%21+2025-12-03+19%3A59%3A44+UTC;scartato;non è una fonte: collegamento del bot RemindMe, un promemoria e non un contenuto
https://www.reddit.com/message/compose?to=RemindMeBot&subject=Reminder&message=%5Bhttps%3A%2F%2Fwww.reddit.com%2Fr%2FRemindMeBot%2Fcomments%2Fe0tgoj%2Fcakeday_info_post%2Fns95sra%2F%5D%0A%0ARemindMe%21+2026-03-01+21%3A35%3A10+UTC;scartato;non è una fonte: collegamento del bot RemindMe, un promemoria e non un contenuto
https://www.reddit.com/message/compose?to=RemindMeBot&subject=Reminder&message=%5Bhttps%3A%2F%2Fwww.reddit.com%2Fr%2FRemindMeBot%2Fcomments%2Fe0tgoj%2Fcakeday_info_post%2Fnt0k5b9%2F%5D%0A%0ARemindMe%21+2026-02-07+05%3A33%3A46+UTC;scartato;non è una fonte: collegamento del bot RemindMe, un promemoria e non un contenuto
https://www.reddit.com/message/compose?to=RemindMeBot&subject=Reminder&message=%5Bhttps%3A%2F%2Fwww.reddit.com%2Fr%2FRemindMeBot%2Fcomments%2Fe0tgoj%2Fcakeday_info_post%2Fnt1a73e%2F%5D%0A%0ARemindMe%21+2026-02-20+13%3A03%3A48+UTC;scartato;non è una fonte: collegamento del bot RemindMe, un promemoria e non un contenuto
https://www.reddit.com/message/compose?to=RemindMeBot&subject=Reminder&message=%5Bhttps%3A%2F%2Fwww.reddit.com%2Fr%2FRemindMeBot%2Fcomments%2Fe0tgoj%2Fcakeday_info_post%2Fo0llhae%2F%5D%0A%0ARemindMe%21+2026-09-26+01%3A48%3A21+UTC;scartato;non è una fonte: collegamento del bot RemindMe, un promemoria e non un contenuto
https://www.reddit.com/message/compose?to=RemindMeBot&subject=Reminder&message=%5Bhttps%3A%2F%2Fwww.reddit.com%2Fr%2FRemindMeBot%2Fcomments%2Fe0tgoj%2Fcakeday_info_post%2Fo5gsidl%2F%5D%0A%0ARemindMe%21+2026-08-24+22%3A56%3A28+UTC;scartato;non è una fonte: collegamento del bot RemindMe, un promemoria e non un contenuto
https://www.reddit.com/message/compose?to=RemindMeBot&subject=Reminder&message=%5Bhttps%3A%2F%2Fwww.reddit.com%2Fr%2FRemindMeBot%2Fcomments%2Fe0tgoj%2Fcakeday_info_post%2Fo5gvsyc%2F%5D%0A%0ARemindMe%21+2026-12-21+00%3A54%3A38+UTC;scartato;non è una fonte: collegamento del bot RemindMe, un promemoria e non un contenuto
https://www.reddit.com/message/compose?to=RemindMeBot&subject=Reminder&message=%5Bhttps%3A%2F%2Fwww.reddit.com%2Fr%2FRemindMeBot%2Fcomments%2Fe0tgoj%2Fcakeday_info_post%2Fo7itjfm%2F%5D%0A%0ARemindMe%21+2027-02-25+19%3A33%3A16+UTC;scartato;non è una fonte: collegamento del bot RemindMe, un promemoria e non un contenuto
https://www.reddit.com/message/compose?to=RemindMeBot&subject=Reminder&message=%5Bhttps%3A%2F%2Fwww.reddit.com%2Fr%2FRemindMeBot%2Fcomments%2Fe0tgoj%2Fcakeday_info_post%2Fo9641oj%2F%5D%0A%0ARemindMe%21+2027-03-06+20%3A44%3A12+UTC;scartato;non è una fonte: collegamento del bot RemindMe, un promemoria e non un contenuto
https://www.reddit.com/message/compose?to=RemindMeBot&subject=Reminder&message=%5Bhttps%3A%2F%2Fwww.reddit.com%2Fr%2FRemindMeBot%2Fcomments%2Fe0tgoj%2Fcakeday_info_post%2Fodoznr0%2F%5D%0A%0ARemindMe%21+2026-05-13+15%3A54%3A44+UTC;scartato;non è una fonte: collegamento del bot RemindMe, un promemoria e non un contenuto
https://www.reddit.com/message/compose?to=RemindMeBot&subject=Reminder&message=%5Bhttps%3A%2F%2Fwww.reddit.com%2Fr%2FRemindMeBot%2Fcomments%2Fe0tgoj%2Fcakeday_info_post%2Fofhnjp1%2F%5D%0A%0ARemindMe%21+2026-10-17+22%3A06%3A08+UTC;scartato;non è una fonte: collegamento del bot RemindMe, un promemoria e non un contenuto
https://www.reddit.com/message/compose?to=RemindMeBot&subject=Reminder&message=%5Bhttps%3A%2F%2Fwww.reddit.com%2Fr%2FRemindMeBot%2Fcomments%2Fe0tgoj%2Fcakeday_info_post%2Fogfx068%2F%5D%0A%0ARemindMe%21+2027-02-19+07%3A25%3A31+UTC;scartato;non è una fonte: collegamento del bot RemindMe, un promemoria e non un contenuto
https://www.reddit.com/message/compose?to=RemindMeBot&subject=Reminder&message=%5Bhttps%3A%2F%2Fwww.reddit.com%2Fr%2FRemindMeBot%2Fcomments%2Fe0tgoj%2Fcakeday_info_post%2Foh8la1t%2F%5D%0A%0ARemindMe%21+2026-08-24+09%3A19%3A27+UTC;scartato;non è una fonte: collegamento del bot RemindMe, un promemoria e non un contenuto
https://www.reddit.com/message/compose?to=RemindMeBot&subject=Reminder&message=%5Bhttps%3A%2F%2Fwww.reddit.com%2Fr%2FRemindMeBot%2Fcomments%2Fe0tgoj%2Fcakeday_info_post%2Fohn3iow%2F%5D%0A%0ARemindMe%21+2027-02-04+08%3A36%3A04+UTC;scartato;non è una fonte: collegamento del bot RemindMe, un promemoria e non un contenuto
https://www.reddit.com/message/compose?to=RemindMeBot&subject=Reminder&message=%5Bhttps%3A%2F%2Fwww.reddit.com%2Fr%2FRemindMeBot%2Fcomments%2Fe0tgoj%2Fcakeday_info_post%2Fop3k6xx%2F%5D%0A%0ARemindMe%21+2027-05-14+19%3A47%3A07+UTC;scartato;non è una fonte: collegamento del bot RemindMe, un promemoria e non un contenuto
https://www.reddit.com/message/compose?to=RemindMeBot&subject=Reminder&message=%5Bhttps%3A%2F%2Fwww.reddit.com%2Fr%2FRemindMeBot%2Fcomments%2Fe0tgoj%2Fcakeday_info_post%2Fopoc1nq%2F%5D%0A%0ARemindMe%21+2027-01-07+16%3A05%3A14+UTC;scartato;non è una fonte: collegamento del bot RemindMe, un promemoria e non un contenuto
https://www.reddit.com/message/compose?to=RemindMeBot&subject=Reminder&message=%5Bhttps%3A%2F%2Fwww.reddit.com%2Fr%2FRemindMeBot%2Fcomments%2Fe0tgoj%2Fcakeday_info_post%2Foq3254d%2F%5D%0A%0ARemindMe%21+2027-04-09+11%3A36%3A21+UTC;scartato;non è una fonte: collegamento del bot RemindMe, un promemoria e non un contenuto
https://www.reddit.com/message/compose?to=RemindMeBot&subject=Reminder&message=%5Bhttps%3A%2F%2Fwww.reddit.com%2Fr%2FRemindMeBot%2Fcomments%2Fe0tgoj%2Fcakeday_info_post%2Foxray4s%2F%5D%0A%0ARemindMe%21+2027-02-21+14%3A34%3A47+UTC;scartato;non è una fonte: collegamento del bot RemindMe, un promemoria e non un contenuto
https://www.reddit.com/message/compose?to=RemindMeBot&subject=Reminder&message=%5Bhttps%3A%2F%2Fwww.reddit.com%2Fr%2FRemindMeBot%2Fcomments%2Fe0tgoj%2Fcakeday_info_post%2Fp8u968z%2F%5D%0A%0ARemindMe%21+2027-04-13+20%3A46%3A50+UTC;scartato;non è una fonte: collegamento del bot RemindMe, un promemoria e non un contenuto
https://www.reddit.com/message/compose?to=RemindMeBot&subject=Reminder&message=%5Bhttps%3A%2F%2Fwww.reddit.com%2Fr%2FRemindMeBot%2Fcomments%2Fe0tgoj%2Fcakeday_info_post%2Fp9wd82z%2F%5D%0A%0ARemindMe%21+2027-03-10+02%3A34%3A33+UTC;scartato;non è una fonte: collegamento del bot RemindMe, un promemoria e non un contenuto
https://www.reddit.com/message/compose?to=RemindMeBot&subject=Reminder&message=%5Bhttps%3A%2F%2Fwww.reddit.com%2Fr%2FRemindMeBot%2Fcomments%2Fe1a9rt%2Fremindmerepeat_info_post%2Fhk4qjda%2F%5D%0A%0ARemindMe%21+2022-01-05+23%3A02%3A25+UTC;scartato;non è una fonte: collegamento del bot RemindMe, un promemoria e non un contenuto
https://www.reddit.com/message/compose?to=RemindMeBot&subject=Reminder&message=%5Bhttps%3A%2F%2Fwww.reddit.com%2Fr%2FRemindMeBot%2Fcomments%2Fe1a9rt%2Fremindmerepeat_info_post%2Fi0eb3ai%2F%5D%0A%0ARemindMe%21+2072-03-12+18%3A23%3A26+UTC;scartato;non è una fonte: collegamento del bot RemindMe, un promemoria e non un contenuto
https://www.reddit.com/message/compose?to=RemindMeBot&subject=Reminder&message=%5Bhttps%3A%2F%2Fwww.reddit.com%2Fr%2FRemindMeBot%2Fcomments%2Fe1a9rt%2Fremindmerepeat_info_post%2Fij30l12%2F%5D%0A%0ARemindMe%21+2023-08-05+18%3A03%3A15+UTC;scartato;non è una fonte: collegamento del bot RemindMe, un promemoria e non un contenuto
https://www.reddit.com/message/compose?to=RemindMeBot&subject=Reminder&message=%5Bhttps%3A%2F%2Fwww.reddit.com%2Fr%2FRemindMeBot%2Fcomments%2Fe1a9rt%2Fremindmerepeat_info_post%2Fijj9xq2%2F%5D%0A%0ARemindMe%21+2022-08-10+03%3A36%3A17+UTC;scartato;non è una fonte: collegamento del bot RemindMe, un promemoria e non un contenuto
https://www.reddit.com/message/compose?to=RemindMeBot&subject=Reminder&message=%5Bhttps%3A%2F%2Fwww.reddit.com%2Fr%2FRemindMeBot%2Fcomments%2Fe1a9rt%2Fremindmerepeat_info_post%2Filemwss%2F%5D%0A%0ARemindMe%21+2024-08-23+02%3A33%3A19+UTC;scartato;non è una fonte: collegamento del bot RemindMe, un promemoria e non un contenuto
https://www.reddit.com/message/compose?to=RemindMeBot&subject=Reminder&message=%5Bhttps%3A%2F%2Fwww.reddit.com%2Fr%2FRemindMeBot%2Fcomments%2Fe1a9rt%2Fremindmerepeat_info_post%2Filen3kw%2F%5D%0A%0ARemindMe%21+2024-08-23+02%3A34%3A46+UTC;scartato;non è una fonte: collegamento del bot RemindMe, un promemoria e non un contenuto
https://www.reddit.com/message/compose?to=RemindMeBot&subject=Reminder&message=%5Bhttps%3A%2F%2Fwww.reddit.com%2Fr%2FRemindMeBot%2Fcomments%2Fe1a9rt%2Fremindmerepeat_info_post%2Finhuajw%2F%5D%0A%0ARemindMe%21+2022-09-08+20%3A02%3A21+UTC;scartato;non è una fonte: collegamento del bot RemindMe, un promemoria e non un contenuto
https://www.reddit.com/message/compose?to=RemindMeBot&subject=Reminder&message=%5Bhttps%3A%2F%2Fwww.reddit.com%2Fr%2FRemindMeBot%2Fcomments%2Fe1a9rt%2Fremindmerepeat_info_post%2Finhuexn%2F%5D%0A%0ARemindMe%21+2022-09-08+20%3A03%3A05+UTC;scartato;non è una fonte: collegamento del bot RemindMe, un promemoria e non un contenuto
https://www.reddit.com/message/compose?to=RemindMeBot&subject=Reminder&message=%5Bhttps%3A%2F%2Fwww.reddit.com%2Fr%2FRemindMeBot%2Fcomments%2Fe1a9rt%2Fremindmerepeat_info_post%2Fio7jmzu%2F%5D%0A%0ARemindMe%21+2023-09-13+02%3A52%3A03+UTC;scartato;non è una fonte: collegamento del bot RemindMe, un promemoria e non un contenuto
https://www.reddit.com/message/compose?to=RemindMeBot&subject=Reminder&message=%5Bhttps%3A%2F%2Fwww.reddit.com%2Fr%2FRemindMeBot%2Fcomments%2Fe1a9rt%2Fremindmerepeat_info_post%2Fiolx9kc%2F%5D%0A%0ARemindMe%21+2022-09-16+02%3A22%3A41+UTC;scartato;non è una fonte: collegamento del bot RemindMe, un promemoria e non un contenuto
https://www.reddit.com/message/compose?to=RemindMeBot&subject=Reminder&message=%5Bhttps%3A%2F%2Fwww.reddit.com%2Fr%2FRemindMeBot%2Fcomments%2Fe1a9rt%2Fremindmerepeat_info_post%2Fiolxan5%2F%5D%0A%0ARemindMe%21+2022-09-16+02%3A22%3A54+UTC;scartato;non è una fonte: collegamento del bot RemindMe, un promemoria e non un contenuto
https://www.reddit.com/message/compose?to=RemindMeBot&subject=Reminder&message=%5Bhttps%3A%2F%2Fwww.reddit.com%2Fr%2FRemindMeBot%2Fcomments%2Fe1a9rt%2Fremindmerepeat_info_post%2Firqopyj%2F%5D%0A%0ARemindMe%21+2022-10-10+14%3A00%3A00+UTC;scartato;non è una fonte: collegamento del bot RemindMe, un promemoria e non un contenuto
https://www.reddit.com/message/compose?to=RemindMeBot&subject=Reminder&message=%5Bhttps%3A%2F%2Fwww.reddit.com%2Fr%2FRemindMeBot%2Fcomments%2Fe1a9rt%2Fremindmerepeat_info_post%2Fiwcwz4y%2F%5D%0A%0ARemindMe%21+2022-11-14+18%3A45%3A40+UTC;scartato;non è una fonte: collegamento del bot RemindMe, un promemoria e non un contenuto
https://www.reddit.com/message/compose?to=RemindMeBot&subject=Reminder&message=%5Bhttps%3A%2F%2Fwww.reddit.com%2Fr%2FRemindMeBot%2Fcomments%2Fe1a9rt%2Fremindmerepeat_info_post%2Fixyte1o%2F%5D%0A%0ARemindMe%21+2023-01-22+13%3A22%3A50+UTC;scartato;non è una fonte: collegamento del bot RemindMe, un promemoria e non un contenuto
https://www.reddit.com/message/compose?to=RemindMeBot&subject=Reminder&message=%5Bhttps%3A%2F%2Fwww.reddit.com%2Fr%2FRemindMeBot%2Fcomments%2Fe1a9rt%2Fremindmerepeat_info_post%2Fiyqbrq1%2F%5D%0A%0ARemindMe%21+2022-12-07+09%3A14%3A22+UTC;scartato;non è una fonte: collegamento del bot RemindMe, un promemoria e non un contenuto
https://www.reddit.com/message/compose?to=RemindMeBot&subject=Reminder&message=%5Bhttps%3A%2F%2Fwww.reddit.com%2Fr%2FRemindMeBot%2Fcomments%2Fe1a9rt%2Fremindmerepeat_info_post%2Fj4gb6n6%2F%5D%0A%0ARemindMe%21+2098-01-15+15%3A02%3A26+UTC;scartato;non è una fonte: collegamento del bot RemindMe, un promemoria e non un contenuto
https://www.reddit.com/message/compose?to=RemindMeBot&subject=Reminder&message=%5Bhttps%3A%2F%2Fwww.reddit.com%2Fr%2FRemindMeBot%2Fcomments%2Fe1a9rt%2Fremindmerepeat_info_post%2Fjjum5g3%2F%5D%0A%0ARemindMe%21+2023-05-13+08%3A44%3A13+UTC;scartato;non è una fonte: collegamento del bot RemindMe, un promemoria e non un contenuto
https://www.reddit.com/message/compose?to=RemindMeBot&subject=Reminder&message=%5Bhttps%3A%2F%2Fwww.reddit.com%2Fr%2FRemindMeBot%2Fcomments%2Fe1a9rt%2Fremindmerepeat_info_post%2Fjlcl6if%2F%5D%0A%0ARemindMe%21+2024-05-23+22%3A10%3A27+UTC;scartato;non è una fonte: collegamento del bot RemindMe, un promemoria e non un contenuto
https://www.reddit.com/message/compose?to=RemindMeBot&subject=Reminder&message=%5Bhttps%3A%2F%2Fwww.reddit.com%2Fr%2FRemindMeBot%2Fcomments%2Fe1a9rt%2Fremindmerepeat_info_post%2Fjm26874%2F%5D%0A%0ARemindMe%21+2023-05-30+11%3A56%3A00+UTC;scartato;non è una fonte: collegamento del bot RemindMe, un promemoria e non un contenuto
https://www.reddit.com/message/compose?to=RemindMeBot&subject=Reminder&message=%5Bhttps%3A%2F%2Fwww.reddit.com%2Fr%2FRemindMeBot%2Fcomments%2Fe1a9rt%2Fremindmerepeat_info_post%2Fjnu1jxu%2F%5D%0A%0ARemindMe%21+2023-06-14+22%3A22%3A00+UTC;scartato;non è una fonte: collegamento del bot RemindMe, un promemoria e non un contenuto
https://www.reddit.com/message/compose?to=RemindMeBot&subject=Reminder&message=%5Bhttps%3A%2F%2Fwww.reddit.com%2Fr%2FRemindMeBot%2Fcomments%2Fe1a9rt%2Fremindmerepeat_info_post%2Fjnu1qix%2F%5D%0A%0ARemindMe%21+2023-06-14+22%3A23%3A27+UTC;scartato;non è una fonte: collegamento del bot RemindMe, un promemoria e non un contenuto
https://www.reddit.com/message/compose?to=RemindMeBot&subject=Reminder&message=%5Bhttps%3A%2F%2Fwww.reddit.com%2Fr%2FRemindMeBot%2Fcomments%2Fe1a9rt%2Fremindmerepeat_info_post%2Fk1h9k1r%2F%5D%0A%0ARemindMe%21+2024-06-20+00%3A00%3A00+UTC;scartato;non è una fonte: collegamento del bot RemindMe, un promemoria e non un contenuto
https://www.reddit.com/message/compose?to=RemindMeBot&subject=Reminder&message=%5Bhttps%3A%2F%2Fwww.reddit.com%2Fr%2FRemindMeBot%2Fcomments%2Fe1a9rt%2Fremindmerepeat_info_post%2Fkjyp9zv%2F%5D%0A%0ARemindMe%21+2024-01-30+00%3A56%3A43+UTC;scartato;non è una fonte: collegamento del bot RemindMe, un promemoria e non un contenuto
https://www.reddit.com/message/compose?to=RemindMeBot&subject=Reminder&message=%5Bhttps%3A%2F%2Fwww.reddit.com%2Fr%2FRemindMeBot%2Fcomments%2Fe1a9rt%2Fremindmerepeat_info_post%2Fkw628r0%2F%5D%0A%0ARemindMe%21+2024-03-24+07%3A33%3A00+UTC;scartato;non è una fonte: collegamento del bot RemindMe, un promemoria e non un contenuto
https://www.reddit.com/message/compose?to=RemindMeBot&subject=Reminder&message=%5Bhttps%3A%2F%2Fwww.reddit.com%2Fr%2FRemindMeBot%2Fcomments%2Fe1a9rt%2Fremindmerepeat_info_post%2Fkweci0o%2F%5D%0A%0ARemindMe%21+2024-03-25+21%3A43%3A01+UTC;scartato;non è una fonte: collegamento del bot RemindMe, un promemoria e non un contenuto
https://www.reddit.com/message/compose?to=RemindMeBot&subject=Reminder&message=%5Bhttps%3A%2F%2Fwww.reddit.com%2Fr%2FRemindMeBot%2Fcomments%2Fe1a9rt%2Fremindmerepeat_info_post%2Fkyaj2c8%2F%5D%0A%0ARemindMe%21+2024-05-06+07%3A12%3A22+UTC;scartato;non è una fonte: collegamento del bot RemindMe, un promemoria e non un contenuto
https://www.reddit.com/message/compose?to=RemindMeBot&subject=Reminder&message=%5Bhttps%3A%2F%2Fwww.reddit.com%2Fr%2FRemindMeBot%2Fcomments%2Fe1a9rt%2Fremindmerepeat_info_post%2Fkzibzc0%2F%5D%0A%0ARemindMe%21+2024-04-15+08%3A57%3A56+UTC;scartato;non è una fonte: collegamento del bot RemindMe, un promemoria e non un contenuto
https://www.reddit.com/message/compose?to=RemindMeBot&subject=Reminder&message=%5Bhttps%3A%2F%2Fwww.reddit.com%2Fr%2FRemindMeBot%2Fcomments%2Fe1a9rt%2Fremindmerepeat_info_post%2Fkzic0eh%2F%5D%0A%0ARemindMe%21+2024-04-15+08%3A58%3A06+UTC;scartato;non è una fonte: collegamento del bot RemindMe, un promemoria e non un contenuto
https://www.reddit.com/message/compose?to=RemindMeBot&subject=Reminder&message=%5Bhttps%3A%2F%2Fwww.reddit.com%2Fr%2FRemindMeBot%2Fcomments%2Fe1a9rt%2Fremindmerepeat_info_post%2Fkzic4gb%2F%5D%0A%0ARemindMe%21+2024-04-15+08%3A58%3A43+UTC;scartato;non è una fonte: collegamento del bot RemindMe, un promemoria e non un contenuto
https://www.reddit.com/message/compose?to=RemindMeBot&subject=Reminder&message=%5Bhttps%3A%2F%2Fwww.reddit.com%2Fr%2FRemindMeBot%2Fcomments%2Fe1a9rt%2Fremindmerepeat_info_post%2Fkzic7wj%2F%5D%0A%0ARemindMe%21+2024-04-15+08%3A59%3A49+UTC;scartato;non è una fonte: collegamento del bot RemindMe, un promemoria e non un contenuto
https://www.reddit.com/message/compose?to=RemindMeBot&subject=Reminder&message=%5Bhttps%3A%2F%2Fwww.reddit.com%2Fr%2FRemindMeBot%2Fcomments%2Fe1a9rt%2Fremindmerepeat_info_post%2Fkzicejb%2F%5D%0A%0ARemindMe%21+2025-04-14+09%3A02%3A05+UTC;scartato;non è una fonte: collegamento del bot RemindMe, un promemoria e non un contenuto
https://www.reddit.com/message/compose?to=RemindMeBot&subject=Reminder&message=%5Bhttps%3A%2F%2Fwww.reddit.com%2Fr%2FRemindMeBot%2Fcomments%2Fe1a9rt%2Fremindmerepeat_info_post%2Fl4fisrv%2F%5D%0A%0ARemindMe%21+2024-05-22+09%3A17%3A53+UTC;scartato;non è una fonte: collegamento del bot RemindMe, un promemoria e non un contenuto
https://www.reddit.com/message/compose?to=RemindMeBot&subject=Reminder&message=%5Bhttps%3A%2F%2Fwww.reddit.com%2Fr%2FRemindMeBot%2Fcomments%2Fe1a9rt%2Fremindmerepeat_info_post%2Fl581h7s%2F%5D%0A%0ARemindMe%21+2024-05-24+20%3A21%3A03+UTC;scartato;non è una fonte: collegamento del bot RemindMe, un promemoria e non un contenuto
https://www.reddit.com/message/compose?to=RemindMeBot&subject=Reminder&message=%5Bhttps%3A%2F%2Fwww.reddit.com%2Fr%2FRemindMeBot%2Fcomments%2Fe1a9rt%2Fremindmerepeat_info_post%2Fl5qznbj%2F%5D%0A%0ARemindMe%21+2024-05-27+14%3A35%3A53+UTC;scartato;non è una fonte: collegamento del bot RemindMe, un promemoria e non un contenuto
https://www.reddit.com/message/compose?to=RemindMeBot&subject=Reminder&message=%5Bhttps%3A%2F%2Fwww.reddit.com%2Fr%2FRemindMeBot%2Fcomments%2Fe1a9rt%2Fremindmerepeat_info_post%2Fl9e18c2%2F%5D%0A%0ARemindMe%21+2025-06-20+00%3A10%3A22+UTC;scartato;non è una fonte: collegamento del bot RemindMe, un promemoria e non un contenuto
https://www.reddit.com/message/compose?to=RemindMeBot&subject=Reminder&message=%5Bhttps%3A%2F%2Fwww.reddit.com%2Fr%2FRemindMeBot%2Fcomments%2Fe1a9rt%2Fremindmerepeat_info_post%2Fl9o5ck9%2F%5D%0A%0ARemindMe%21+2024-06-22+20%3A45%3A11+UTC;scartato;non è una fonte: collegamento del bot RemindMe, un promemoria e non un contenuto
https://www.reddit.com/message/compose?to=RemindMeBot&subject=Reminder&message=%5Bhttps%3A%2F%2Fwww.reddit.com%2Fr%2FRemindMeBot%2Fcomments%2Fe1a9rt%2Fremindmerepeat_info_post%2Fldunvfs%2F%5D%0A%0ARemindMe%21+2024-07-24+23%3A48%3A20+UTC;scartato;non è una fonte: collegamento del bot RemindMe, un promemoria e non un contenuto
https://www.reddit.com/message/compose?to=RemindMeBot&subject=Reminder&message=%5Bhttps%3A%2F%2Fwww.reddit.com%2Fr%2FRemindMeBot%2Fcomments%2Fe1a9rt%2Fremindmerepeat_info_post%2Flduoaiu%2F%5D%0A%0ARemindMe%21+2024-07-19+00%3A01%3A02+UTC;scartato;non è una fonte: collegamento del bot RemindMe, un promemoria e non un contenuto
https://www.reddit.com/message/compose?to=RemindMeBot&subject=Reminder&message=%5Bhttps%3A%2F%2Fwww.reddit.com%2Fr%2FRemindMeBot%2Fcomments%2Fe1a9rt%2Fremindmerepeat_info_post%2Flgm3s14%2F%5D%0A%0ARemindMe%21+2024-08-06+14%3A38%3A05+UTC;scartato;non è una fonte: collegamento del bot RemindMe, un promemoria e non un contenuto
https://www.reddit.com/message/compose?to=RemindMeBot&subject=Reminder&message=%5Bhttps%3A%2F%2Fwww.reddit.com%2Fr%2FRemindMeBot%2Fcomments%2Fe1a9rt%2Fremindmerepeat_info_post%2Flkew2xd%2F%5D%0A%0ARemindMe%21+2024-08-29+22%3A54%3A26+UTC;scartato;non è una fonte: collegamento del bot RemindMe, un promemoria e non un contenuto
https://www.reddit.com/message/compose?to=RemindMeBot&subject=Reminder&message=%5Bhttps%3A%2F%2Fwww.reddit.com%2Fr%2FRemindMeBot%2Fcomments%2Fe1a9rt%2Fremindmerepeat_info_post%2Fllabz2m%2F%5D%0A%0ARemindMe%21+2024-09-04+10%3A56%3A46+UTC;scartato;non è una fonte: collegamento del bot RemindMe, un promemoria e non un contenuto
https://www.reddit.com/message/compose?to=RemindMeBot&subject=Reminder&message=%5Bhttps%3A%2F%2Fwww.reddit.com%2Fr%2FRemindMeBot%2Fcomments%2Fe1a9rt%2Fremindmerepeat_info_post%2Flltb3d2%2F%5D%0A%0ARemindMe%21+2024-09-07+16%3A04%3A17+UTC;scartato;non è una fonte: collegamento del bot RemindMe, un promemoria e non un contenuto
https://www.reddit.com/message/compose?to=RemindMeBot&subject=Reminder&message=%5Bhttps%3A%2F%2Fwww.reddit.com%2Fr%2FRemindMeBot%2Fcomments%2Fe1a9rt%2Fremindmerepeat_info_post%2Flpd7kzx%2F%5D%0A%0ARemindMe%21+2024-09-29+17%3A18%3A36+UTC;scartato;non è una fonte: collegamento del bot RemindMe, un promemoria e non un contenuto
https://www.reddit.com/message/compose?to=RemindMeBot&subject=Reminder&message=%5Bhttps%3A%2F%2Fwww.reddit.com%2Fr%2FRemindMeBot%2Fcomments%2Fe1a9rt%2Fremindmerepeat_info_post%2Flpd8v3u%2F%5D%0A%0ARemindMe%21+2024-09-29+22%3A25%3A46+UTC;scartato;non è una fonte: collegamento del bot RemindMe, un promemoria e non un contenuto
https://www.reddit.com/message/compose?to=RemindMeBot&subject=Reminder&message=%5Bhttps%3A%2F%2Fwww.reddit.com%2Fr%2FRemindMeBot%2Fcomments%2Fe1a9rt%2Fremindmerepeat_info_post%2Flti3cwp%2F%5D%0A%0ARemindMe%21+2024-10-26+12%3A32%3A35+UTC;scartato;non è una fonte: collegamento del bot RemindMe, un promemoria e non un contenuto
https://www.reddit.com/message/compose?to=RemindMeBot&subject=Reminder&message=%5Bhttps%3A%2F%2Fwww.reddit.com%2Fr%2FRemindMeBot%2Fcomments%2Fe1a9rt%2Fremindmerepeat_info_post%2Flvr7nui%2F%5D%0A%0ARemindMe%21+2024-11-06+18%3A24%3A22+UTC;scartato;non è una fonte: collegamento del bot RemindMe, un promemoria e non un contenuto
https://www.reddit.com/message/compose?to=RemindMeBot&subject=Reminder&message=%5Bhttps%3A%2F%2Fwww.reddit.com%2Fr%2FRemindMeBot%2Fcomments%2Fe1a9rt%2Fremindmerepeat_info_post%2Flvr7ut0%2F%5D%0A%0ARemindMe%21+2024-11-06+18%3A25%3A14+UTC;scartato;non è una fonte: collegamento del bot RemindMe, un promemoria e non un contenuto
https://www.reddit.com/message/compose?to=RemindMeBot&subject=Reminder&message=%5Bhttps%3A%2F%2Fwww.reddit.com%2Fr%2FRemindMeBot%2Fcomments%2Fe1a9rt%2Fremindmerepeat_info_post%2Flx8arx0%2F%5D%0A%0ARemindMe%21+2024-11-15+15%3A00%3A00+UTC;scartato;non è una fonte: collegamento del bot RemindMe, un promemoria e non un contenuto
https://www.reddit.com/message/compose?to=RemindMeBot&subject=Reminder&message=%5Bhttps%3A%2F%2Fwww.reddit.com%2Fr%2FRemindMeBot%2Fcomments%2Fe1a9rt%2Fremindmerepeat_info_post%2Flxxi73j%2F%5D%0A%0ARemindMe%21+2024-11-20+14%3A25%3A30+UTC;scartato;non è una fonte: collegamento del bot RemindMe, un promemoria e non un contenuto
https://www.reddit.com/message/compose?to=RemindMeBot&subject=Reminder&message=%5Bhttps%3A%2F%2Fwww.reddit.com%2Fr%2FRemindMeBot%2Fcomments%2Fe1a9rt%2Fremindmerepeat_info_post%2Flz4w08i%2F%5D%0A%0ARemindMe%21+2024-11-28+20%3A50%3A55+UTC;scartato;non è una fonte: collegamento del bot RemindMe, un promemoria e non un contenuto
https://www.reddit.com/message/compose?to=RemindMeBot&subject=Reminder&message=%5Bhttps%3A%2F%2Fwww.reddit.com%2Fr%2FRemindMeBot%2Fcomments%2Fe1a9rt%2Fremindmerepeat_info_post%2Flz4w6l2%2F%5D%0A%0ARemindMe%21+2024-11-29+20%3A51%3A48+UTC;scartato;non è una fonte: collegamento del bot RemindMe, un promemoria e non un contenuto
https://www.reddit.com/message/compose?to=RemindMeBot&subject=Reminder&message=%5Bhttps%3A%2F%2Fwww.reddit.com%2Fr%2FRemindMeBot%2Fcomments%2Fe1a9rt%2Fremindmerepeat_info_post%2Fm5f67ry%2F%5D%0A%0ARemindMe%21+2025-01-05+22%3A00%3A12+UTC;scartato;non è una fonte: collegamento del bot RemindMe, un promemoria e non un contenuto
https://www.reddit.com/message/compose?to=RemindMeBot&subject=Reminder&message=%5Bhttps%3A%2F%2Fwww.reddit.com%2Fr%2FRemindMeBot%2Fcomments%2Fe1a9rt%2Fremindmerepeat_info_post%2Fm6sakdv%2F%5D%0A%0ARemindMe%21+2025-01-13+18%3A40%3A08+UTC;scartato;non è una fonte: collegamento del bot RemindMe, un promemoria e non un contenuto
https://www.reddit.com/message/compose?to=RemindMeBot&subject=Reminder&message=%5Bhttps%3A%2F%2Fwww.reddit.com%2Fr%2FRemindMeBot%2Fcomments%2Fe1a9rt%2Fremindmerepeat_info_post%2Fm6saqh7%2F%5D%0A%0ARemindMe%21+2025-01-13+18%3A40%3A57+UTC;scartato;non è una fonte: collegamento del bot RemindMe, un promemoria e non un contenuto
https://www.reddit.com/message/compose?to=RemindMeBot&subject=Reminder&message=%5Bhttps%3A%2F%2Fwww.reddit.com%2Fr%2FRemindMeBot%2Fcomments%2Fe1a9rt%2Fremindmerepeat_info_post%2Fm7l0ug1%2F%5D%0A%0ARemindMe%21+2025-01-17+06%3A21%3A30+UTC;scartato;non è una fonte: collegamento del bot RemindMe, un promemoria e non un contenuto
https://www.reddit.com/message/compose?to=RemindMeBot&subject=Reminder&message=%5Bhttps%3A%2F%2Fwww.reddit.com%2Fr%2FRemindMeBot%2Fcomments%2Fe1a9rt%2Fremindmerepeat_info_post%2Fm8m6hf5%2F%5D%0A%0ARemindMe%21+2025-01-23+21%3A54%3A52+UTC;scartato;non è una fonte: collegamento del bot RemindMe, un promemoria e non un contenuto
https://www.reddit.com/message/compose?to=RemindMeBot&subject=Reminder&message=%5Bhttps%3A%2F%2Fwww.reddit.com%2Fr%2FRemindMeBot%2Fcomments%2Fe1a9rt%2Fremindmerepeat_info_post%2Fmaj9z81%2F%5D%0A%0ARemindMe%21+2025-02-09+10%3A46%3A55+UTC;scartato;non è una fonte: collegamento del bot RemindMe, un promemoria e non un contenuto
https://www.reddit.com/message/compose?to=RemindMeBot&subject=Reminder&message=%5Bhttps%3A%2F%2Fwww.reddit.com%2Fr%2FRemindMeBot%2Fcomments%2Fe1a9rt%2Fremindmerepeat_info_post%2Fmbfygjx%2F%5D%0A%0ARemindMe%21+2025-02-07+07%3A25%3A47+UTC;scartato;non è una fonte: collegamento del bot RemindMe, un promemoria e non un contenuto
https://www.reddit.com/message/compose?to=RemindMeBot&subject=Reminder&message=%5Bhttps%3A%2F%2Fwww.reddit.com%2Fr%2FRemindMeBot%2Fcomments%2Fe1a9rt%2Fremindmerepeat_info_post%2Fmdb5izp%2F%5D%0A%0ARemindMe%21+2025-02-18+01%3A29%3A10+UTC;scartato;non è una fonte: collegamento del bot RemindMe, un promemoria e non un contenuto
https://www.reddit.com/message/compose?to=RemindMeBot&subject=Reminder&message=%5Bhttps%3A%2F%2Fwww.reddit.com%2Fr%2FRemindMeBot%2Fcomments%2Fe1a9rt%2Fremindmerepeat_info_post%2Fmdb5lql%2F%5D%0A%0ARemindMe%21+2025-02-18+20%3A29%3A31+UTC;scartato;non è una fonte: collegamento del bot RemindMe, un promemoria e non un contenuto
https://www.reddit.com/message/compose?to=RemindMeBot&subject=Reminder&message=%5Bhttps%3A%2F%2Fwww.reddit.com%2Fr%2FRemindMeBot%2Fcomments%2Fe1a9rt%2Fremindmerepeat_info_post%2Fmdjamv6%2F%5D%0A%0ARemindMe%21+2025-03-19+01%3A13%3A58+UTC;scartato;non è una fonte: collegamento del bot RemindMe, un promemoria e non un contenuto
https://www.reddit.com/message/compose?to=RemindMeBot&subject=Reminder&message=%5Bhttps%3A%2F%2Fwww.reddit.com%2Fr%2FRemindMeBot%2Fcomments%2Fe1a9rt%2Fremindmerepeat_info_post%2Fmdjar01%2F%5D%0A%0ARemindMe%21+2025-03-19+01%3A14%3A35+UTC;scartato;non è una fonte: collegamento del bot RemindMe, un promemoria e non un contenuto
https://www.reddit.com/message/compose?to=RemindMeBot&subject=Reminder&message=%5Bhttps%3A%2F%2Fwww.reddit.com%2Fr%2FRemindMeBot%2Fcomments%2Fe1a9rt%2Fremindmerepeat_info_post%2Fmfkn4jl%2F%5D%0A%0ARemindMe%21+2025-03-02+07%3A54%3A26+UTC;scartato;non è una fonte: collegamento del bot RemindMe, un promemoria e non un contenuto
https://www.reddit.com/message/compose?to=RemindMeBot&subject=Reminder&message=%5Bhttps%3A%2F%2Fwww.reddit.com%2Fr%2FRemindMeBot%2Fcomments%2Fe1a9rt%2Fremindmerepeat_info_post%2Fmfkn8z2%2F%5D%0A%0ARemindMe%21+2025-03-02+07%3A55%3A39+UTC;scartato;non è una fonte: collegamento del bot RemindMe, un promemoria e non un contenuto
https://www.reddit.com/message/compose?to=RemindMeBot&subject=Reminder&message=%5Bhttps%3A%2F%2Fwww.reddit.com%2Fr%2FRemindMeBot%2Fcomments%2Fe1a9rt%2Fremindmerepeat_info_post%2Fmfyk7bf%2F%5D%0A%0ARemindMe%21+2025-03-05+13%3A51%3A43+UTC;scartato;non è una fonte: collegamento del bot RemindMe, un promemoria e non un contenuto
https://www.reddit.com/message/compose?to=RemindMeBot&subject=Reminder&message=%5Bhttps%3A%2F%2Fwww.reddit.com%2Fr%2FRemindMeBot%2Fcomments%2Fe1a9rt%2Fremindmerepeat_info_post%2Fmhtjl70%2F%5D%0A%0ARemindMe%21+2025-03-21+00%3A00%3A00+UTC;scartato;non è una fonte: collegamento del bot RemindMe, un promemoria e non un contenuto
https://www.reddit.com/message/compose?to=RemindMeBot&subject=Reminder&message=%5Bhttps%3A%2F%2Fwww.reddit.com%2Fr%2FRemindMeBot%2Fcomments%2Fe1a9rt%2Fremindmerepeat_info_post%2Fmjsxoc5%2F%5D%0A%0ARemindMe%21+2025-03-27+08%3A56%3A14+UTC;scartato;non è una fonte: collegamento del bot RemindMe, un promemoria e non un contenuto
https://www.reddit.com/message/compose?to=RemindMeBot&subject=Reminder&message=%5Bhttps%3A%2F%2Fwww.reddit.com%2Fr%2FRemindMeBot%2Fcomments%2Fe1a9rt%2Fremindmerepeat_info_post%2Fms6ydbz%2F%5D%0A%0ARemindMe%21+2025-06-10+01%3A03%3A50+UTC;scartato;non è una fonte: collegamento del bot RemindMe, un promemoria e non un contenuto
https://www.reddit.com/message/compose?to=RemindMeBot&subject=Reminder&message=%5Bhttps%3A%2F%2Fwww.reddit.com%2Fr%2FRemindMeBot%2Fcomments%2Fe1a9rt%2Fremindmerepeat_info_post%2Fmvw90ax%2F%5D%0A%0ARemindMe%21+2025-06-07+04%3A12%3A33+UTC;scartato;non è una fonte: collegamento del bot RemindMe, un promemoria e non un contenuto
https://www.reddit.com/message/compose?to=RemindMeBot&subject=Reminder&message=%5Bhttps%3A%2F%2Fwww.reddit.com%2Fr%2FRemindMeBot%2Fcomments%2Fe1a9rt%2Fremindmerepeat_info_post%2Fmyrmvxb%2F%5D%0A%0ARemindMe%21+2025-06-20+06%3A14%3A57+UTC;scartato;non è una fonte: collegamento del bot RemindMe, un promemoria e non un contenuto
https://www.reddit.com/message/compose?to=RemindMeBot&subject=Reminder&message=%5Bhttps%3A%2F%2Fwww.reddit.com%2Fr%2FRemindMeBot%2Fcomments%2Fe1a9rt%2Fremindmerepeat_info_post%2Fn7171ai%2F%5D%0A%0ARemindMe%21+2025-08-06+11%3A08%3A58+UTC;scartato;non è una fonte: collegamento del bot RemindMe, un promemoria e non un contenuto
https://www.reddit.com/message/compose?to=RemindMeBot&subject=Reminder&message=%5Bhttps%3A%2F%2Fwww.reddit.com%2Fr%2FRemindMeBot%2Fcomments%2Fe1a9rt%2Fremindmerepeat_info_post%2Fnr3vz8t%2F%5D%0A%0ARemindMe%21+2025-11-28+20%3A13%3A22+UTC;scartato;non è una fonte: collegamento del bot RemindMe, un promemoria e non un contenuto
https://www.reddit.com/message/compose?to=RemindMeBot&subject=Reminder&message=%5Bhttps%3A%2F%2Fwww.reddit.com%2Fr%2FRemindMeBot%2Fcomments%2Fe1a9rt%2Fremindmerepeat_info_post%2Fny5n3ni%2F%5D%0A%0ARemindMe%21+2026-01-08+06%3A28%3A55+UTC;scartato;non è una fonte: collegamento del bot RemindMe, un promemoria e non un contenuto
https://www.reddit.com/message/compose?to=RemindMeBot&subject=Reminder&message=%5Bhttps%3A%2F%2Fwww.reddit.com%2Fr%2FRemindMeBot%2Fcomments%2Fe1a9rt%2Fremindmerepeat_info_post%2Fny5nhmx%2F%5D%0A%0ARemindMe%21+2027-01-07+06%3A32%3A05+UTC;scartato;non è una fonte: collegamento del bot RemindMe, un promemoria e non un contenuto
https://www.reddit.com/message/compose?to=RemindMeBot&subject=Reminder&message=%5Bhttps%3A%2F%2Fwww.reddit.com%2Fr%2FRemindMeBot%2Fcomments%2Fe1a9rt%2Fremindmerepeat_info_post%2Fo4wk8d5%2F%5D%0A%0ARemindMe%21+2027-02-12+01%3A13%3A36+UTC;scartato;non è una fonte: collegamento del bot RemindMe, un promemoria e non un contenuto
https://www.reddit.com/message/compose?to=RemindMeBot&subject=Reminder&message=%5Bhttps%3A%2F%2Fwww.reddit.com%2Fr%2FRemindMeBot%2Fcomments%2Fe1a9rt%2Fremindmerepeat_info_post%2Fo54whq4%2F%5D%0A%0ARemindMe%21+2026-02-13+09%3A19%3A40+UTC;scartato;non è una fonte: collegamento del bot RemindMe, un promemoria e non un contenuto
https://www.reddit.com/message/compose?to=RemindMeBot&subject=Reminder&message=%5Bhttps%3A%2F%2Fwww.reddit.com%2Fr%2FRemindMeBot%2Fcomments%2Fe1a9rt%2Fremindmerepeat_info_post%2Fon8pg5l%2F%5D%0A%0ARemindMe%21+2026-05-23+13%3A13%3A42+UTC;scartato;non è una fonte: collegamento del bot RemindMe, un promemoria e non un contenuto
https://www.reddit.com/message/compose?to=RemindMeBot&subject=Reminder&message=%5Bhttps%3A%2F%2Fwww.reddit.com%2Fr%2FRemindMeBot%2Fcomments%2Fe1a9rt%2Fremindmerepeat_info_post%2Fon8piqj%2F%5D%0A%0ARemindMe%21+2026-06-20+00%3A00%3A00+UTC;scartato;non è una fonte: collegamento del bot RemindMe, un promemoria e non un contenuto
https://www.reddit.com/message/compose?to=RemindMeBot&subject=Reminder&message=%5Bhttps%3A%2F%2Fwww.reddit.com%2Fr%2FRemindMeBot%2Fcomments%2Fe1a9rt%2Fremindmerepeat_info_post%2Fon8pmqd%2F%5D%0A%0ARemindMe%21+2026-05-23+13%3A14%3A38+UTC;scartato;non è una fonte: collegamento del bot RemindMe, un promemoria e non un contenuto
https://www.reddit.com/message/compose?to=RemindMeBot&subject=Reminder&message=%5Bhttps%3A%2F%2Fwww.reddit.com%2Fr%2FRemindMeBot%2Fcomments%2Fe1a9rt%2Fremindmerepeat_info_post%2Fon8pqut%2F%5D%0A%0ARemindMe%21+2026-06-20+00%3A00%3A00+UTC;scartato;non è una fonte: collegamento del bot RemindMe, un promemoria e non un contenuto
https://www.reddit.com/message/compose?to=RemindMeBot&subject=Reminder&message=%5Bhttps%3A%2F%2Fwww.reddit.com%2Fr%2FRemindMeBot%2Fcomments%2Fe1a9rt%2Fremindmerepeat_info_post%2Fowq9k7j%2F%5D%0A%0ARemindMe%21+2026-07-10+16%3A42%3A21+UTC;scartato;non è una fonte: collegamento del bot RemindMe, un promemoria e non un contenuto
https://www.reddit.com/message/compose?to=RemindMeBot&subject=Reminder&message=%5Bhttps%3A%2F%2Fwww.reddit.com%2Fr%2FRemindMeBot%2Fcomments%2Fe1a9rt%2Fremindmerepeat_info_post%2Fozeqiz8%2F%5D%0A%0ARemindMe%21+2027-07-24+02%3A34%3A34+UTC;scartato;non è una fonte: collegamento del bot RemindMe, un promemoria e non un contenuto
https://www.reddit.com/message/compose?to=RemindMeBot&subject=Reminder&message=%5Bhttps%3A%2F%2Fwww.reddit.com%2Fr%2FRemindMeBot%2Fcomments%2Fe1a9rt%2Fremindmerepeat_info_post%2Fp4vg1i9%2F%5D%0A%0ARemindMe%21+2026-08-21+18%3A23%3A25+UTC;scartato;non è una fonte: collegamento del bot RemindMe, un promemoria e non un contenuto
https://www.reddit.com/message/compose?to=RemindMeBot&subject=Reminder&message=%5Bhttps%3A%2F%2Fwww.reddit.com%2Fr%2FRemindMeBot%2Fcomments%2Fe1asdu%2Ftimezone_and_clock_info_post%2Fiwqwu2d%2F%5D%0A%0ARemindMe%21+2022-11-17+18%3A11%3A43+UTC;scartato;non è una fonte: collegamento del bot RemindMe, un promemoria e non un contenuto
https://www.reddit.com/message/compose?to=RemindMeBot&subject=Reminder&message=%5Bhttps%3A%2F%2Fwww.reddit.com%2Fr%2FRemindMeBot%2Fcomments%2Fe1asdu%2Ftimezone_and_clock_info_post%2Fjh1ko74%2F%5D%0A%0ARemindMe%21+2023-04-20+18%3A17%3A05+UTC;scartato;non è una fonte: collegamento del bot RemindMe, un promemoria e non un contenuto
https://www.reddit.com/message/compose?to=RemindMeBot&subject=Reminder&message=%5Bhttps%3A%2F%2Fwww.reddit.com%2Fr%2FRemindMeBot%2Fcomments%2Fe1asdu%2Ftimezone_and_clock_info_post%2Fjvzh5uj%2F%5D%0A%0ARemindMe%21+2023-08-14+10%3A06%3A41+UTC;scartato;non è una fonte: collegamento del bot RemindMe, un promemoria e non un contenuto
https://www.reddit.com/message/compose?to=RemindMeBot&subject=Reminder&message=%5Bhttps%3A%2F%2Fwww.reddit.com%2Fr%2FRemindMeBot%2Fcomments%2Fe1asdu%2Ftimezone_and_clock_info_post%2Fk5lh1k4%2F%5D%0A%0ARemindMe%21+2023-10-19+20%3A38%3A49+UTC;scartato;non è una fonte: collegamento del bot RemindMe, un promemoria e non un contenuto
https://www.reddit.com/message/compose?to=RemindMeBot&subject=Reminder&message=%5Bhttps%3A%2F%2Fwww.reddit.com%2Fr%2FRemindMeBot%2Fcomments%2Fe1asdu%2Ftimezone_and_clock_info_post%2Fl0yjl4b%2F%5D%0A%0ARemindMe%21+2024-04-25+18%3A45%3A00+UTC;scartato;non è una fonte: collegamento del bot RemindMe, un promemoria e non un contenuto
https://www.reddit.com/message/compose?to=RemindMeBot&subject=Reminder&message=%5Bhttps%3A%2F%2Fwww.reddit.com%2Fr%2FRemindMeBot%2Fcomments%2Fe1asdu%2Ftimezone_and_clock_info_post%2Fl0yjun3%2F%5D%0A%0ARemindMe%21+2024-04-23+22%3A34%3A03+UTC;scartato;non è una fonte: collegamento del bot RemindMe, un promemoria e non un contenuto
https://www.reddit.com/message/compose?to=RemindMeBot&subject=Reminder&message=%5Bhttps%3A%2F%2Fwww.reddit.com%2Fr%2FRemindMeBot%2Fcomments%2Fe1asdu%2Ftimezone_and_clock_info_post%2Fl1x0nxn%2F%5D%0A%0ARemindMe%21+2024-04-30+09%3A43%3A20+UTC;scartato;non è una fonte: collegamento del bot RemindMe, un promemoria e non un contenuto
https://www.reddit.com/message/compose?to=RemindMeBot&subject=Reminder&message=%5Bhttps%3A%2F%2Fwww.reddit.com%2Fr%2FRemindMeBot%2Fcomments%2Fe1asdu%2Ftimezone_and_clock_info_post%2Fl1x0st1%2F%5D%0A%0ARemindMe%21+2024-04-30+09%3A45%3A00+UTC;scartato;non è una fonte: collegamento del bot RemindMe, un promemoria e non un contenuto
https://www.reddit.com/message/compose?to=RemindMeBot&subject=Reminder&message=%5Bhttps%3A%2F%2Fwww.reddit.com%2Fr%2FRemindMeBot%2Fcomments%2Fe1asdu%2Ftimezone_and_clock_info_post%2Flc6qbsr%2F%5D%0A%0ARemindMe%21+2024-07-08+13%3A12%3A58+UTC;scartato;non è una fonte: collegamento del bot RemindMe, un promemoria e non un contenuto
https://www.reddit.com/message/compose?to=RemindMeBot&subject=Reminder&message=%5Bhttps%3A%2F%2Fwww.reddit.com%2Fr%2FRemindMeBot%2Fcomments%2Fe1asdu%2Ftimezone_and_clock_info_post%2Fleggv0p%2F%5D%0A%0ARemindMe%21+2024-11-05+00%3A00%3A00+UTC;scartato;non è una fonte: collegamento del bot RemindMe, un promemoria e non un contenuto
https://www.reddit.com/message/compose?to=RemindMeBot&subject=Reminder&message=%5Bhttps%3A%2F%2Fwww.reddit.com%2Fr%2FRemindMeBot%2Fcomments%2Fe1asdu%2Ftimezone_and_clock_info_post%2Fll5tk2l%2F%5D%0A%0ARemindMe%21+2024-09-02+15%3A47%3A06+UTC;scartato;non è una fonte: collegamento del bot RemindMe, un promemoria e non un contenuto
https://www.reddit.com/message/compose?to=RemindMeBot&subject=Reminder&message=%5Bhttps%3A%2F%2Fwww.reddit.com%2Fr%2FRemindMeBot%2Fcomments%2Fe1asdu%2Ftimezone_and_clock_info_post%2Fmponmai%2F%5D%0A%0ARemindMe%21+2025-04-29+18%3A55%3A00+UTC;scartato;non è una fonte: collegamento del bot RemindMe, un promemoria e non un contenuto
https://www.reddit.com/message/compose?to=RemindMeBot&subject=Reminder&message=%5Bhttps%3A%2F%2Fwww.reddit.com%2Fr%2FRemindMeBot%2Fcomments%2Fe1asdu%2Ftimezone_and_clock_info_post%2Fngzie29%2F%5D%0A%0ARemindMe%21+2025-09-30+10%3A59%3A36+UTC;scartato;non è una fonte: collegamento del bot RemindMe, un promemoria e non un contenuto
https://www.reddit.com/message/compose?to=RemindMeBot&subject=Reminder&message=%5Bhttps%3A%2F%2Fwww.reddit.com%2Fr%2FRemindMeBot%2Fcomments%2Fe1asdu%2Ftimezone_and_clock_info_post%2Fngzj3s2%2F%5D%0A%0ARemindMe%21+2025-09-30+11%3A05%3A21+UTC;scartato;non è una fonte: collegamento del bot RemindMe, un promemoria e non un contenuto
https://www.reddit.com/message/compose?to=RemindMeBot&subject=Reminder&message=%5Bhttps%3A%2F%2Fwww.reddit.com%2Fr%2FRemindMeBot%2Fcomments%2Fe1asdu%2Ftimezone_and_clock_info_post%2Fojysnus%2F%5D%0A%0ARemindMe%21+2026-05-05+00%3A04%3A45+UTC;scartato;non è una fonte: collegamento del bot RemindMe, un promemoria e non un contenuto
https://www.reddit.com/message/compose?to=RemindMeBot&subject=Reminder&message=%5Bhttps%3A%2F%2Fwww.reddit.com%2Fr%2FRemindMeBot%2Fcomments%2Fe1asdu%2Ftimezone_and_clock_info_post%2Foo4iq7u%2F%5D%0A%0ARemindMe%21+2026-05-27+06%3A55%3A16+UTC;scartato;non è una fonte: collegamento del bot RemindMe, un promemoria e non un contenuto
https://www.reddit.com/message/compose?to=RemindMeBot&subject=Reminder&message=%5Bhttps%3A%2F%2Fwww.reddit.com%2Fr%2FRemindMeBot%2Fcomments%2Fe1asdu%2Ftimezone_and_clock_info_post%2Foxr9b9t%2F%5D%0A%0ARemindMe%21+2026-07-15+20%3A45%3A01+UTC;scartato;non è una fonte: collegamento del bot RemindMe, un promemoria e non un contenuto
https://www.reddit.com/message/compose?to=RemindMeBot&subject=Reminder&message=%5Bhttps%3A%2F%2Fwww.reddit.com%2Fr%2FRemindMeBot%2Fcomments%2Fe1asdu%2Ftimezone_and_clock_info_post%2Foy56cna%2F%5D%0A%0ARemindMe%21+2026-07-17+21%3A57%3A00+UTC;scartato;non è una fonte: collegamento del bot RemindMe, un promemoria e non un contenuto
https://www.reddit.com/message/compose?to=RemindMeBot&subject=Reminder&message=%5Bhttps%3A%2F%2Fwww.reddit.com%2Fr%2FRemindMeBot%2Fcomments%2Fe1asdu%2Ftimezone_and_clock_info_post%2Foy5724q%2F%5D%0A%0ARemindMe%21+2027-07-14+16%3A00%3A00+UTC;scartato;non è una fonte: collegamento del bot RemindMe, un promemoria e non un contenuto
https://www.reddit.com/message/compose?to=RemindMeBot&subject=Timezone&message=Clock%21+12;scartato;non è una fonte: collegamento del bot RemindMe, un promemoria e non un contenuto
https://www.reddit.com/message/compose?to=RemindMeBot&subject=Timezone&message=Timezone%21+America%2FLos_Angeles;scartato;non è una fonte: collegamento del bot RemindMe, un promemoria e non un contenuto
https://www.reddit.com/message/compose?to=RemindMeBot&subject=Timezone&message=Timezone%21+America%2FMexico_City;scartato;non è una fonte: collegamento del bot RemindMe, un promemoria e non un contenuto
https://www.reddit.com/message/compose?to=RemindMeBot&subject=Timezone&message=Timezone%21+America%2FNew_York;scartato;non è una fonte: collegamento del bot RemindMe, un promemoria e non un contenuto
https://www.reddit.com/message/compose?to=RemindMeBot&subject=Timezone&message=Timezone%21+America%2FPhoenix;scartato;non è una fonte: collegamento del bot RemindMe, un promemoria e non un contenuto
https://www.reddit.com/message/compose?to=RemindMeBot&subject=Timezone&message=Timezone%21+America%2FToronto;scartato;non è una fonte: collegamento del bot RemindMe, un promemoria e non un contenuto
https://www.reddit.com/message/compose?to=RemindMeBot&subject=Timezone&message=Timezone%21+Asia%2FKolkata;scartato;non è una fonte: collegamento del bot RemindMe, un promemoria e non un contenuto
https://www.reddit.com/message/compose?to=RemindMeBot&subject=Timezone&message=Timezone%21+Asia%2FSingapore;scartato;non è una fonte: collegamento del bot RemindMe, un promemoria e non un contenuto
https://www.reddit.com/message/compose?to=RemindMeBot&subject=Timezone&message=Timezone%21+Australia%2FSydney;scartato;non è una fonte: collegamento del bot RemindMe, un promemoria e non un contenuto
https://www.reddit.com/message/compose?to=RemindMeBot&subject=Timezone&message=Timezone%21+Europe%2FBerlin;scartato;non è una fonte: collegamento del bot RemindMe, un promemoria e non un contenuto
https://www.reddit.com/message/compose?to=RemindMeBot&subject=Timezone&message=Timezone%21+Europe%2FLondon;scartato;non è una fonte: collegamento del bot RemindMe, un promemoria e non un contenuto
https://www.reddit.com/message/compose?to=Watchful1&amp%3Bsubject=RemindMeBot+Feedback;scartato;non è una fonte: collegamento del bot RemindMe, un promemoria e non un contenuto
https://www.reddit.com/r/3dspiracy/wiki/3ds_emulation;scartato;non è una fonte: wiki di una comunità di pirateria, fuori perimetro (hardware-and-perimeter.md)
https://www.reddit.com/user/RemindMeBot;scartato;non è una fonte: collegamento del bot RemindMe, un promemoria e non un contenuto
https://www.roadkil.net/program.php?ProgramID=29;letto;documentazione tecnica o pagina generica fuori tema, conservata senza estrazione
http://www.serebii.net/sunmoon/pokepelago.shtml;letto;estratto con 26 affermazioni, verificate
https://smealum.github.io/3ds;letto;estratto senza affermazioni pertinenti
https://smile.amazon.com/gp/product/B00DI30RCM/ref=oh_aui_search_detailpage?ie=UTF8&psc=1;letto;estratto senza affermazioni pertinenti
https://turskain.github.io/;letto;estratto senza affermazioni pertinenti
https://web.archive.org/web/20190126014000/3ds.eiphax.tech/fredminer.html;letto;estratto senza affermazioni pertinenti
https://web.archive.org/web/20190427040700/http://www.gaijingamers.com/showthread.php?t=6417;letto;estratto senza affermazioni pertinenti
https://wiiu.hacks.guide/;letto;estratto senza affermazioni pertinenti
https://wiki.hacks.guide/wiki/3DS:Installing_software;letto;estratto senza affermazioni pertinenti
https://www.wikihow.com/Check-if-Your-Firewall-Is-Blocking-Something;letto;documentazione tecnica o pagina generica fuori tema, conservata senza estrazione
http://www.wolframalpha.com/input?i=2020-02-17+15%3A35%3A47+UTC+To+Local+Time;scartato;non è una fonte: calcolo di WolframAlpha, non una fonte
http://www.wolframalpha.com/input?i=2020-03-11+14%3A14%3A25+UTC+To+Local+Time;scartato;non è una fonte: calcolo di WolframAlpha, non una fonte
http://www.wolframalpha.com/input?i=2020-03-22+08%3A02%3A39+UTC+To+Local+Time;scartato;non è una fonte: calcolo di WolframAlpha, non una fonte
http://www.wolframalpha.com/input?i=2020-04-03+16%3A13%3A56+UTC+To+Local+Time;scartato;non è una fonte: calcolo di WolframAlpha, non una fonte
http://www.wolframalpha.com/input?i=2020-04-04+02%3A27%3A21+UTC+To+Local+Time;scartato;non è una fonte: calcolo di WolframAlpha, non una fonte
http://www.wolframalpha.com/input?i=2020-04-12+03%3A46%3A06+UTC+To+Local+Time;scartato;non è una fonte: calcolo di WolframAlpha, non una fonte
http://www.wolframalpha.com/input?i=2020-04-18+02%3A23%3A32+UTC+To+Local+Time;scartato;non è una fonte: calcolo di WolframAlpha, non una fonte
http://www.wolframalpha.com/input?i=2020-04-24+15%3A37%3A03+UTC+To+Local+Time;scartato;non è una fonte: calcolo di WolframAlpha, non una fonte
http://www.wolframalpha.com/input?i=2020-04-27+13%3A31%3A36+UTC+To+Local+Time;scartato;non è una fonte: calcolo di WolframAlpha, non una fonte
http://www.wolframalpha.com/input?i=2020-04-28+15%3A29%3A25+UTC+To+Local+Time;scartato;non è una fonte: calcolo di WolframAlpha, non una fonte
http://www.wolframalpha.com/input?i=2020-04-28+21%3A49%3A35+UTC+To+Local+Time;scartato;non è una fonte: calcolo di WolframAlpha, non una fonte
http://www.wolframalpha.com/input?i=2020-04-29+14%3A06%3A55+UTC+To+Local+Time;scartato;non è una fonte: calcolo di WolframAlpha, non una fonte
http://www.wolframalpha.com/input?i=2020-04-29+20%3A07%3A25+UTC+To+Local+Time;scartato;non è una fonte: calcolo di WolframAlpha, non una fonte
http://www.wolframalpha.com/input?i=2020-05-23+15%3A35%3A18+UTC+To+Local+Time;scartato;non è una fonte: calcolo di WolframAlpha, non una fonte
http://www.wolframalpha.com/input?i=2020-05-28+13%3A33%3A46+UTC+To+Local+Time;scartato;non è una fonte: calcolo di WolframAlpha, non una fonte
http://www.wolframalpha.com/input?i=2020-05-30+02%3A01%3A27+UTC+To+Local+Time;scartato;non è una fonte: calcolo di WolframAlpha, non una fonte
http://www.wolframalpha.com/input?i=2020-05-31+15%3A06%3A01+UTC+To+Local+Time;scartato;non è una fonte: calcolo di WolframAlpha, non una fonte
http://www.wolframalpha.com/input?i=2020-05-31+21%3A52%3A20+UTC+To+Local+Time;scartato;non è una fonte: calcolo di WolframAlpha, non una fonte
http://www.wolframalpha.com/input?i=2020-06-01+07%3A19%3A16+UTC+To+Local+Time;scartato;non è una fonte: calcolo di WolframAlpha, non una fonte
http://www.wolframalpha.com/input?i=2020-06-02+19%3A57%3A19+UTC+To+Local+Time;scartato;non è una fonte: calcolo di WolframAlpha, non una fonte
http://www.wolframalpha.com/input?i=2020-06-16+15%3A35%3A50+UTC+To+Local+Time;scartato;non è una fonte: calcolo di WolframAlpha, non una fonte
http://www.wolframalpha.com/input?i=2020-06-17+20%3A10%3A45+UTC+To+Local+Time;scartato;non è una fonte: calcolo di WolframAlpha, non una fonte
http://www.wolframalpha.com/input?i=2020-07-01+19%3A30%3A38+UTC+To+Local+Time;scartato;non è una fonte: calcolo di WolframAlpha, non una fonte
http://www.wolframalpha.com/input?i=2020-07-07+18%3A50%3A51+UTC+To+Local+Time;scartato;non è una fonte: calcolo di WolframAlpha, non una fonte
http://www.wolframalpha.com/input?i=2020-07-08+17%3A00%3A23+UTC+To+Local+Time;scartato;non è una fonte: calcolo di WolframAlpha, non una fonte
http://www.wolframalpha.com/input?i=2020-07-11+11%3A05%3A13+UTC+To+Local+Time;scartato;non è una fonte: calcolo di WolframAlpha, non una fonte
http://www.wolframalpha.com/input?i=2020-07-15+21%3A08%3A29+UTC+To+Local+Time;scartato;non è una fonte: calcolo di WolframAlpha, non una fonte
http://www.wolframalpha.com/input?i=2020-07-25+21%3A39%3A27+UTC+To+Local+Time;scartato;non è una fonte: calcolo di WolframAlpha, non una fonte
http://www.wolframalpha.com/input?i=2020-08-06+02%3A31%3A54+UTC+To+Local+Time;scartato;non è una fonte: calcolo di WolframAlpha, non una fonte
http://www.wolframalpha.com/input?i=2020-08-13+22%3A50%3A33+UTC+To+Local+Time;scartato;non è una fonte: calcolo di WolframAlpha, non una fonte
http://www.wolframalpha.com/input?i=2020-08-24+10%3A06%3A15+UTC+To+Local+Time;scartato;non è una fonte: calcolo di WolframAlpha, non una fonte
http://www.wolframalpha.com/input?i=2020-08-26+00%3A58%3A18+UTC+To+Local+Time;scartato;non è una fonte: calcolo di WolframAlpha, non una fonte
http://www.wolframalpha.com/input?i=2020-09-02+03%3A47%3A12+UTC+To+Local+Time;scartato;non è una fonte: calcolo di WolframAlpha, non una fonte
http://www.wolframalpha.com/input?i=2020-09-02+20%3A21%3A43+UTC+To+Local+Time;scartato;non è una fonte: calcolo di WolframAlpha, non una fonte
http://www.wolframalpha.com/input?i=2020-09-04+05%3A08%3A28+UTC+To+Local+Time;scartato;non è una fonte: calcolo di WolframAlpha, non una fonte
http://www.wolframalpha.com/input?i=2020-09-06+10%3A41%3A06+UTC+To+Local+Time;scartato;non è una fonte: calcolo di WolframAlpha, non una fonte
http://www.wolframalpha.com/input?i=2020-09-12+07%3A49%3A45+UTC+To+Local+Time;scartato;non è una fonte: calcolo di WolframAlpha, non una fonte
http://www.wolframalpha.com/input?i=2020-09-13+03%3A51%3A43+UTC+To+Local+Time;scartato;non è una fonte: calcolo di WolframAlpha, non una fonte
http://www.wolframalpha.com/input?i=2020-09-13+05%3A30%3A48+UTC+To+Local+Time;scartato;non è una fonte: calcolo di WolframAlpha, non una fonte
http://www.wolframalpha.com/input?i=2020-09-15+20%3A25%3A37+UTC+To+Local+Time;scartato;non è una fonte: calcolo di WolframAlpha, non una fonte
http://www.wolframalpha.com/input?i=2020-09-22+12%3A40%3A44+UTC+To+Local+Time;scartato;non è una fonte: calcolo di WolframAlpha, non una fonte
http://www.wolframalpha.com/input?i=2020-09-30+01%3A44%3A21+UTC+To+Local+Time;scartato;non è una fonte: calcolo di WolframAlpha, non una fonte
http://www.wolframalpha.com/input?i=2020-10-07+01%3A07%3A44+UTC+To+Local+Time;scartato;non è una fonte: calcolo di WolframAlpha, non una fonte
http://www.wolframalpha.com/input?i=2020-10-07+05%3A55%3A46+UTC+To+Local+Time;scartato;non è una fonte: calcolo di WolframAlpha, non una fonte
http://www.wolframalpha.com/input?i=2020-10-12+22%3A41%3A51+UTC+To+Local+Time;scartato;non è una fonte: calcolo di WolframAlpha, non una fonte
http://www.wolframalpha.com/input?i=2020-10-17+09%3A53%3A43+UTC+To+Local+Time;scartato;non è una fonte: calcolo di WolframAlpha, non una fonte
http://www.wolframalpha.com/input?i=2020-10-22+20%3A13%3A29+UTC+To+Local+Time;scartato;non è una fonte: calcolo di WolframAlpha, non una fonte
http://www.wolframalpha.com/input?i=2020-10-26+17%3A34%3A07+UTC+To+Local+Time;scartato;non è una fonte: calcolo di WolframAlpha, non una fonte
http://www.wolframalpha.com/input?i=2020-10-28+02%3A52%3A32+UTC+To+Local+Time;scartato;non è una fonte: calcolo di WolframAlpha, non una fonte
http://www.wolframalpha.com/input?i=2020-10-29+14%3A31%3A09+UTC+To+Local+Time;scartato;non è una fonte: calcolo di WolframAlpha, non una fonte
http://www.wolframalpha.com/input?i=2020-11-05+04%3A58%3A32+UTC+To+Local+Time;scartato;non è una fonte: calcolo di WolframAlpha, non una fonte
http://www.wolframalpha.com/input?i=2020-11-06+16%3A11%3A55+UTC+To+Local+Time;scartato;non è una fonte: calcolo di WolframAlpha, non una fonte
http://www.wolframalpha.com/input?i=2020-11-09+21%3A46%3A41+UTC+To+Local+Time;scartato;non è una fonte: calcolo di WolframAlpha, non una fonte
http://www.wolframalpha.com/input?i=2020-11-23+18%3A59%3A56+UTC+To+Local+Time;scartato;non è una fonte: calcolo di WolframAlpha, non una fonte
http://www.wolframalpha.com/input?i=2020-11-27+17%3A58%3A12+UTC+To+Local+Time;scartato;non è una fonte: calcolo di WolframAlpha, non una fonte
http://www.wolframalpha.com/input?i=2020-11-30+22%3A54%3A52+UTC+To+Local+Time;scartato;non è una fonte: calcolo di WolframAlpha, non una fonte
http://www.wolframalpha.com/input?i=2020-12-02+15%3A06%3A10+UTC+To+Local+Time;scartato;non è una fonte: calcolo di WolframAlpha, non una fonte
http://www.wolframalpha.com/input?i=2020-12-05+20%3A52%3A18+UTC+To+Local+Time;scartato;non è una fonte: calcolo di WolframAlpha, non una fonte
http://www.wolframalpha.com/input?i=2020-12-15+21%3A07%3A40+UTC+To+Local+Time;scartato;non è una fonte: calcolo di WolframAlpha, non una fonte
http://www.wolframalpha.com/input?i=2020-12-16+13%3A29%3A34+UTC+To+Local+Time;scartato;non è una fonte: calcolo di WolframAlpha, non una fonte
http://www.wolframalpha.com/input?i=2020-12-20+02%3A33%3A17+UTC+To+Local+Time;scartato;non è una fonte: calcolo di WolframAlpha, non una fonte
http://www.wolframalpha.com/input?i=2020-12-20+19%3A13%3A37+UTC+To+Local+Time;scartato;non è una fonte: calcolo di WolframAlpha, non una fonte
http://www.wolframalpha.com/input?i=2020-12-24+14%3A48%3A13+UTC+To+Local+Time;scartato;non è una fonte: calcolo di WolframAlpha, non una fonte
http://www.wolframalpha.com/input?i=2020-12-28+02%3A00%3A21+UTC+To+Local+Time;scartato;non è una fonte: calcolo di WolframAlpha, non una fonte
http://www.wolframalpha.com/input?i=2020-12-30+09%3A32%3A19+UTC+To+Local+Time;scartato;non è una fonte: calcolo di WolframAlpha, non una fonte
http://www.wolframalpha.com/input?i=2020-12-30+16%3A57%3A51+UTC+To+Local+Time;scartato;non è una fonte: calcolo di WolframAlpha, non una fonte
http://www.wolframalpha.com/input?i=2020-12-30+17%3A16%3A03+UTC+To+Local+Time;scartato;non è una fonte: calcolo di WolframAlpha, non una fonte
http://www.wolframalpha.com/input?i=2021-01-02+18%3A48%3A48+UTC+To+Local+Time;scartato;non è una fonte: calcolo di WolframAlpha, non una fonte
http://www.wolframalpha.com/input?i=2021-01-03+06%3A15%3A26+UTC+To+Local+Time;scartato;non è una fonte: calcolo di WolframAlpha, non una fonte
http://www.wolframalpha.com/input?i=2021-01-04+19%3A49%3A45+UTC+To+Local+Time;scartato;non è una fonte: calcolo di WolframAlpha, non una fonte
http://www.wolframalpha.com/input?i=2021-01-05+13%3A34%3A48+UTC+To+Local+Time;scartato;non è una fonte: calcolo di WolframAlpha, non una fonte
http://www.wolframalpha.com/input?i=2021-01-13+20%3A11%3A19+UTC+To+Local+Time;scartato;non è una fonte: calcolo di WolframAlpha, non una fonte
http://www.wolframalpha.com/input?i=2021-01-15+23%3A51%3A30+UTC+To+Local+Time;scartato;non è una fonte: calcolo di WolframAlpha, non una fonte
http://www.wolframalpha.com/input?i=2021-01-21+21%3A05%3A42+UTC+To+Local+Time;scartato;non è una fonte: calcolo di WolframAlpha, non una fonte
http://www.wolframalpha.com/input?i=2021-01-23+22%3A10%3A07+UTC+To+Local+Time;scartato;non è una fonte: calcolo di WolframAlpha, non una fonte
http://www.wolframalpha.com/input?i=2021-01-27+08%3A14%3A05+UTC+To+Local+Time;scartato;non è una fonte: calcolo di WolframAlpha, non una fonte
http://www.wolframalpha.com/input?i=2021-02-04+11%3A41%3A41+UTC+To+Local+Time;scartato;non è una fonte: calcolo di WolframAlpha, non una fonte
http://www.wolframalpha.com/input?i=2021-02-12+03%3A39%3A37+UTC+To+Local+Time;scartato;non è una fonte: calcolo di WolframAlpha, non una fonte
http://www.wolframalpha.com/input?i=2021-02-20+02%3A12%3A10+UTC+To+Local+Time;scartato;non è una fonte: calcolo di WolframAlpha, non una fonte
http://www.wolframalpha.com/input?i=2021-02-24+06%3A12%3A45+UTC+To+Local+Time;scartato;non è una fonte: calcolo di WolframAlpha, non una fonte
http://www.wolframalpha.com/input?i=2021-03-05+15%3A52%3A56+UTC+To+Local+Time;scartato;non è una fonte: calcolo di WolframAlpha, non una fonte
http://www.wolframalpha.com/input?i=2021-03-07+23%3A33%3A26+UTC+To+Local+Time;scartato;non è una fonte: calcolo di WolframAlpha, non una fonte
http://www.wolframalpha.com/input?i=2021-03-09+13%3A52%3A11+UTC+To+Local+Time;scartato;non è una fonte: calcolo di WolframAlpha, non una fonte
http://www.wolframalpha.com/input?i=2021-03-10+07%3A42%3A30+UTC+To+Local+Time;scartato;non è una fonte: calcolo di WolframAlpha, non una fonte
http://www.wolframalpha.com/input?i=2021-03-16+04%3A17%3A24+UTC+To+Local+Time;scartato;non è una fonte: calcolo di WolframAlpha, non una fonte
http://www.wolframalpha.com/input?i=2021-03-25+23%3A44%3A47+UTC+To+Local+Time;scartato;non è una fonte: calcolo di WolframAlpha, non una fonte
http://www.wolframalpha.com/input?i=2021-03-26+23%3A34%3A27+UTC+To+Local+Time;scartato;non è una fonte: calcolo di WolframAlpha, non una fonte
http://www.wolframalpha.com/input?i=2021-04-06+01%3A47%3A17+UTC+To+Local+Time;scartato;non è una fonte: calcolo di WolframAlpha, non una fonte
http://www.wolframalpha.com/input?i=2021-04-14+04%3A34%3A19+UTC+To+Local+Time;scartato;non è una fonte: calcolo di WolframAlpha, non una fonte
http://www.wolframalpha.com/input?i=2021-04-14+08%3A33%3A44+UTC+To+Local+Time;scartato;non è una fonte: calcolo di WolframAlpha, non una fonte
http://www.wolframalpha.com/input?i=2021-05-03+18%3A09%3A36+UTC+To+Local+Time;scartato;non è una fonte: calcolo di WolframAlpha, non una fonte
http://www.wolframalpha.com/input?i=2021-10-28+18%3A58%3A27+UTC+To+Local+Time;scartato;non è una fonte: calcolo di WolframAlpha, non una fonte
http://www.wolframalpha.com/input?i=2021-10-30+06%3A58%3A37+UTC+To+Local+Time;scartato;non è una fonte: calcolo di WolframAlpha, non una fonte
http://www.wolframalpha.com/input?i=2021-11-16+21%3A17%3A06+UTC+To+Local+Time;scartato;non è una fonte: calcolo di WolframAlpha, non una fonte
http://www.wolframalpha.com/input?i=2022-01-02+23%3A02%3A42+UTC+To+Local+Time;scartato;non è una fonte: calcolo di WolframAlpha, non una fonte
http://www.wolframalpha.com/input?i=2022-01-05+23%3A02%3A25+UTC+To+Local+Time;scartato;non è una fonte: calcolo di WolframAlpha, non una fonte
http://www.wolframalpha.com/input?i=2022-01-08+19%3A19%3A16+UTC+To+Local+Time;scartato;non è una fonte: calcolo di WolframAlpha, non una fonte
http://www.wolframalpha.com/input?i=2022-01-17+18%3A19%3A33+UTC+To+Local+Time;scartato;non è una fonte: calcolo di WolframAlpha, non una fonte
http://www.wolframalpha.com/input?i=2022-01-29+09%3A38%3A02+UTC+To+Local+Time;scartato;non è una fonte: calcolo di WolframAlpha, non una fonte
http://www.wolframalpha.com/input?i=2022-01-29+16%3A19%3A26+UTC+To+Local+Time;scartato;non è una fonte: calcolo di WolframAlpha, non una fonte
http://www.wolframalpha.com/input?i=2022-02-02+15%3A51%3A12+UTC+To+Local+Time;scartato;non è una fonte: calcolo di WolframAlpha, non una fonte
http://www.wolframalpha.com/input?i=2022-02-03+06%3A14%3A24+UTC+To+Local+Time;scartato;non è una fonte: calcolo di WolframAlpha, non una fonte
http://www.wolframalpha.com/input?i=2022-02-10+10%3A53%3A22+UTC+To+Local+Time;scartato;non è una fonte: calcolo di WolframAlpha, non una fonte
http://www.wolframalpha.com/input?i=2022-02-21+04%3A55%3A23+UTC+To+Local+Time;scartato;non è una fonte: calcolo di WolframAlpha, non una fonte
http://www.wolframalpha.com/input?i=2022-03-07+03%3A00%3A24+UTC+To+Local+Time;scartato;non è una fonte: calcolo di WolframAlpha, non una fonte
http://www.wolframalpha.com/input?i=2022-03-10+17%3A03%3A37+UTC+To+Local+Time;scartato;non è una fonte: calcolo di WolframAlpha, non una fonte
http://www.wolframalpha.com/input?i=2022-03-24+17%3A11%3A06+UTC+To+Local+Time;scartato;non è una fonte: calcolo di WolframAlpha, non una fonte
http://www.wolframalpha.com/input?i=2022-03-24+17%3A20%3A12+UTC+To+Local+Time;scartato;non è una fonte: calcolo di WolframAlpha, non una fonte
http://www.wolframalpha.com/input?i=2022-03-27+11%3A08%3A51+UTC+To+Local+Time;scartato;non è una fonte: calcolo di WolframAlpha, non una fonte
http://www.wolframalpha.com/input?i=2022-04-01+04%3A43%3A35+UTC+To+Local+Time;scartato;non è una fonte: calcolo di WolframAlpha, non una fonte
http://www.wolframalpha.com/input?i=2022-04-01+15%3A15%3A46+UTC+To+Local+Time;scartato;non è una fonte: calcolo di WolframAlpha, non una fonte
http://www.wolframalpha.com/input?i=2022-04-15+09%3A04%3A18+UTC+To+Local+Time;scartato;non è una fonte: calcolo di WolframAlpha, non una fonte
http://www.wolframalpha.com/input?i=2022-04-20+04%3A03%3A40+UTC+To+Local+Time;scartato;non è una fonte: calcolo di WolframAlpha, non una fonte
http://www.wolframalpha.com/input?i=2022-04-24+20%3A09%3A42+UTC+To+Local+Time;scartato;non è una fonte: calcolo di WolframAlpha, non una fonte
http://www.wolframalpha.com/input?i=2022-04-28+05%3A46%3A20+UTC+To+Local+Time;scartato;non è una fonte: calcolo di WolframAlpha, non una fonte
http://www.wolframalpha.com/input?i=2022-05-07+15%3A01%3A15+UTC+To+Local+Time;scartato;non è una fonte: calcolo di WolframAlpha, non una fonte
http://www.wolframalpha.com/input?i=2022-07-09+10%3A15%3A14+UTC+To+Local+Time;scartato;non è una fonte: calcolo di WolframAlpha, non una fonte
http://www.wolframalpha.com/input?i=2022-07-14+18%3A33%3A16+UTC+To+Local+Time;scartato;non è una fonte: calcolo di WolframAlpha, non una fonte
http://www.wolframalpha.com/input?i=2022-07-25+16%3A49%3A29+UTC+To+Local+Time;scartato;non è una fonte: calcolo di WolframAlpha, non una fonte
http://www.wolframalpha.com/input?i=2022-08-03+16%3A34%3A23+UTC+To+Local+Time;scartato;non è una fonte: calcolo di WolframAlpha, non una fonte
http://www.wolframalpha.com/input?i=2022-08-05+03%3A38%3A31+UTC+To+Local+Time;scartato;non è una fonte: calcolo di WolframAlpha, non una fonte
http://www.wolframalpha.com/input?i=2022-08-05+08%3A19%3A48+UTC+To+Local+Time;scartato;non è una fonte: calcolo di WolframAlpha, non una fonte
http://www.wolframalpha.com/input?i=2022-08-10+03%3A36%3A17+UTC+To+Local+Time;scartato;non è una fonte: calcolo di WolframAlpha, non una fonte
http://www.wolframalpha.com/input?i=2022-08-13+13%3A18%3A46+UTC+To+Local+Time;scartato;non è una fonte: calcolo di WolframAlpha, non una fonte
http://www.wolframalpha.com/input?i=2022-08-17+15%3A23%3A41+UTC+To+Local+Time;scartato;non è una fonte: calcolo di WolframAlpha, non una fonte
http://www.wolframalpha.com/input?i=2022-08-30+06%3A27%3A37+UTC+To+Local+Time;scartato;non è una fonte: calcolo di WolframAlpha, non una fonte
http://www.wolframalpha.com/input?i=2022-08-31+18%3A40%3A30+UTC+To+Local+Time;scartato;non è una fonte: calcolo di WolframAlpha, non una fonte
http://www.wolframalpha.com/input?i=2022-09-08+03%3A00%3A19+UTC+To+Local+Time;scartato;non è una fonte: calcolo di WolframAlpha, non una fonte
http://www.wolframalpha.com/input?i=2022-09-08+20%3A02%3A21+UTC+To+Local+Time;scartato;non è una fonte: calcolo di WolframAlpha, non una fonte
http://www.wolframalpha.com/input?i=2022-09-08+20%3A03%3A05+UTC+To+Local+Time;scartato;non è una fonte: calcolo di WolframAlpha, non una fonte
http://www.wolframalpha.com/input?i=2022-09-16+02%3A22%3A41+UTC+To+Local+Time;scartato;non è una fonte: calcolo di WolframAlpha, non una fonte
http://www.wolframalpha.com/input?i=2022-09-16+02%3A22%3A54+UTC+To+Local+Time;scartato;non è una fonte: calcolo di WolframAlpha, non una fonte
http://www.wolframalpha.com/input?i=2022-10-04+06%3A02%3A41+UTC+To+Local+Time;scartato;non è una fonte: calcolo di WolframAlpha, non una fonte
http://www.wolframalpha.com/input?i=2022-10-04+19%3A43%3A15+UTC+To+Local+Time;scartato;non è una fonte: calcolo di WolframAlpha, non una fonte
http://www.wolframalpha.com/input?i=2022-10-05+16%3A08%3A14+UTC+To+Local+Time;scartato;non è una fonte: calcolo di WolframAlpha, non una fonte
http://www.wolframalpha.com/input?i=2022-10-07+07%3A40%3A20+UTC+To+Local+Time;scartato;non è una fonte: calcolo di WolframAlpha, non una fonte
http://www.wolframalpha.com/input?i=2022-10-09+01%3A26%3A54+UTC+To+Local+Time;scartato;non è una fonte: calcolo di WolframAlpha, non una fonte
http://www.wolframalpha.com/input?i=2022-10-09+10%3A14%3A29+UTC+To+Local+Time;scartato;non è una fonte: calcolo di WolframAlpha, non una fonte
http://www.wolframalpha.com/input?i=2022-10-10+14%3A00%3A00+UTC+To+Local+Time;scartato;non è una fonte: calcolo di WolframAlpha, non una fonte
http://www.wolframalpha.com/input?i=2022-10-11+19%3A14%3A34+UTC+To+Local+Time;scartato;non è una fonte: calcolo di WolframAlpha, non una fonte
http://www.wolframalpha.com/input?i=2022-10-16+12%3A27%3A19+UTC+To+Local+Time;scartato;non è una fonte: calcolo di WolframAlpha, non una fonte
http://www.wolframalpha.com/input?i=2022-10-19+19%3A32%3A37+UTC+To+Local+Time;scartato;non è una fonte: calcolo di WolframAlpha, non una fonte
http://www.wolframalpha.com/input?i=2022-10-25+10%3A07%3A10+UTC+To+Local+Time;scartato;non è una fonte: calcolo di WolframAlpha, non una fonte
http://www.wolframalpha.com/input?i=2022-10-28+20%3A44%3A16+UTC+To+Local+Time;scartato;non è una fonte: calcolo di WolframAlpha, non una fonte
http://www.wolframalpha.com/input?i=2022-11-14+18%3A45%3A40+UTC+To+Local+Time;scartato;non è una fonte: calcolo di WolframAlpha, non una fonte
http://www.wolframalpha.com/input?i=2022-11-15+16%3A37%3A25+UTC+To+Local+Time;scartato;non è una fonte: calcolo di WolframAlpha, non una fonte
http://www.wolframalpha.com/input?i=2022-11-16+22%3A13%3A05+UTC+To+Local+Time;scartato;non è una fonte: calcolo di WolframAlpha, non una fonte
http://www.wolframalpha.com/input?i=2022-11-17+18%3A11%3A43+UTC+To+Local+Time;scartato;non è una fonte: calcolo di WolframAlpha, non una fonte
http://www.wolframalpha.com/input?i=2022-11-19+01%3A33%3A44+UTC+To+Local+Time;scartato;non è una fonte: calcolo di WolframAlpha, non una fonte
http://www.wolframalpha.com/input?i=2022-11-21+15%3A36%3A41+UTC+To+Local+Time;scartato;non è una fonte: calcolo di WolframAlpha, non una fonte
http://www.wolframalpha.com/input?i=2022-11-25+23%3A47%3A03+UTC+To+Local+Time;scartato;non è una fonte: calcolo di WolframAlpha, non una fonte
http://www.wolframalpha.com/input?i=2022-12-06+03%3A01%3A47+UTC+To+Local+Time;scartato;non è una fonte: calcolo di WolframAlpha, non una fonte
http://www.wolframalpha.com/input?i=2022-12-07+09%3A14%3A22+UTC+To+Local+Time;scartato;non è una fonte: calcolo di WolframAlpha, non una fonte
http://www.wolframalpha.com/input?i=2022-12-16+22%3A28%3A58+UTC+To+Local+Time;scartato;non è una fonte: calcolo di WolframAlpha, non una fonte
http://www.wolframalpha.com/input?i=2023-01-05+03%3A50%3A51+UTC+To+Local+Time;scartato;non è una fonte: calcolo di WolframAlpha, non una fonte
http://www.wolframalpha.com/input?i=2023-01-06+00%3A46%3A34+UTC+To+Local+Time;scartato;non è una fonte: calcolo di WolframAlpha, non una fonte
http://www.wolframalpha.com/input?i=2023-01-07+22%3A47%3A10+UTC+To+Local+Time;scartato;non è una fonte: calcolo di WolframAlpha, non una fonte
http://www.wolframalpha.com/input?i=2023-01-08+06%3A32%3A49+UTC+To+Local+Time;scartato;non è una fonte: calcolo di WolframAlpha, non una fonte
http://www.wolframalpha.com/input?i=2023-01-09+14%3A51%3A35+UTC+To+Local+Time;scartato;non è una fonte: calcolo di WolframAlpha, non una fonte
http://www.wolframalpha.com/input?i=2023-01-13+15%3A00%3A36+UTC+To+Local+Time;scartato;non è una fonte: calcolo di WolframAlpha, non una fonte
http://www.wolframalpha.com/input?i=2023-01-17+01%3A42%3A06+UTC+To+Local+Time;scartato;non è una fonte: calcolo di WolframAlpha, non una fonte
http://www.wolframalpha.com/input?i=2023-01-20+13%3A49%3A45+UTC+To+Local+Time;scartato;non è una fonte: calcolo di WolframAlpha, non una fonte
http://www.wolframalpha.com/input?i=2023-01-22+13%3A22%3A50+UTC+To+Local+Time;scartato;non è una fonte: calcolo di WolframAlpha, non una fonte
http://www.wolframalpha.com/input?i=2023-01-29+05%3A03%3A03+UTC+To+Local+Time;scartato;non è una fonte: calcolo di WolframAlpha, non una fonte
http://www.wolframalpha.com/input?i=2023-01-30+17%3A30%3A40+UTC+To+Local+Time;scartato;non è una fonte: calcolo di WolframAlpha, non una fonte
http://www.wolframalpha.com/input?i=2023-02-08+20%3A29%3A54+UTC+To+Local+Time;scartato;non è una fonte: calcolo di WolframAlpha, non una fonte
http://www.wolframalpha.com/input?i=2023-02-12+03%3A43%3A06+UTC+To+Local+Time;scartato;non è una fonte: calcolo di WolframAlpha, non una fonte
http://www.wolframalpha.com/input?i=2023-02-14+20%3A48%3A03+UTC+To+Local+Time;scartato;non è una fonte: calcolo di WolframAlpha, non una fonte
http://www.wolframalpha.com/input?i=2023-02-21+12%3A06%3A13+UTC+To+Local+Time;scartato;non è una fonte: calcolo di WolframAlpha, non una fonte
http://www.wolframalpha.com/input?i=2023-02-21+23%3A21%3A30+UTC+To+Local+Time;scartato;non è una fonte: calcolo di WolframAlpha, non una fonte
http://www.wolframalpha.com/input?i=2023-02-27+20%3A20%3A07+UTC+To+Local+Time;scartato;non è una fonte: calcolo di WolframAlpha, non una fonte
http://www.wolframalpha.com/input?i=2023-02-28+06%3A07%3A38+UTC+To+Local+Time;scartato;non è una fonte: calcolo di WolframAlpha, non una fonte
http://www.wolframalpha.com/input?i=2023-03-01+01%3A20%3A08+UTC+To+Local+Time;scartato;non è una fonte: calcolo di WolframAlpha, non una fonte
http://www.wolframalpha.com/input?i=2023-03-05+04%3A32%3A01+UTC+To+Local+Time;scartato;non è una fonte: calcolo di WolframAlpha, non una fonte
http://www.wolframalpha.com/input?i=2023-03-12+00%3A00%3A00+UTC+To+Local+Time;scartato;non è una fonte: calcolo di WolframAlpha, non una fonte
http://www.wolframalpha.com/input?i=2023-03-14+04%3A41%3A14+UTC+To+Local+Time;scartato;non è una fonte: calcolo di WolframAlpha, non una fonte
http://www.wolframalpha.com/input?i=2023-03-16+00%3A08%3A57+UTC+To+Local+Time;scartato;non è una fonte: calcolo di WolframAlpha, non una fonte
http://www.wolframalpha.com/input?i=2023-03-16+05%3A36%3A51+UTC+To+Local+Time;scartato;non è una fonte: calcolo di WolframAlpha, non una fonte
http://www.wolframalpha.com/input?i=2023-03-21+02%3A50%3A01+UTC+To+Local+Time;scartato;non è una fonte: calcolo di WolframAlpha, non una fonte
http://www.wolframalpha.com/input?i=2023-03-24+17%3A06%3A39+UTC+To+Local+Time;scartato;non è una fonte: calcolo di WolframAlpha, non una fonte
http://www.wolframalpha.com/input?i=2023-03-29+06%3A47%3A44+UTC+To+Local+Time;scartato;non è una fonte: calcolo di WolframAlpha, non una fonte
http://www.wolframalpha.com/input?i=2023-04-01+00%3A00%3A00+UTC+To+Local+Time;scartato;non è una fonte: calcolo di WolframAlpha, non una fonte
http://www.wolframalpha.com/input?i=2023-04-02+14%3A55%3A51+UTC+To+Local+Time;scartato;non è una fonte: calcolo di WolframAlpha, non una fonte
http://www.wolframalpha.com/input?i=2023-04-18+16%3A43%3A07+UTC+To+Local+Time;scartato;non è una fonte: calcolo di WolframAlpha, non una fonte
http://www.wolframalpha.com/input?i=2023-04-20+18%3A17%3A05+UTC+To+Local+Time;scartato;non è una fonte: calcolo di WolframAlpha, non una fonte
http://www.wolframalpha.com/input?i=2023-05-04+21%3A43%3A40+UTC+To+Local+Time;scartato;non è una fonte: calcolo di WolframAlpha, non una fonte
http://www.wolframalpha.com/input?i=2023-05-05+17%3A23%3A28+UTC+To+Local+Time;scartato;non è una fonte: calcolo di WolframAlpha, non una fonte
http://www.wolframalpha.com/input?i=2023-05-11+01%3A58%3A36+UTC+To+Local+Time;scartato;non è una fonte: calcolo di WolframAlpha, non una fonte
http://www.wolframalpha.com/input?i=2023-05-13+08%3A44%3A13+UTC+To+Local+Time;scartato;non è una fonte: calcolo di WolframAlpha, non una fonte
http://www.wolframalpha.com/input?i=2023-05-14+13%3A43%3A43+UTC+To+Local+Time;scartato;non è una fonte: calcolo di WolframAlpha, non una fonte
http://www.wolframalpha.com/input?i=2023-05-30+11%3A56%3A00+UTC+To+Local+Time;scartato;non è una fonte: calcolo di WolframAlpha, non una fonte
http://www.wolframalpha.com/input?i=2023-06-06+21%3A05%3A30+UTC+To+Local+Time;scartato;non è una fonte: calcolo di WolframAlpha, non una fonte
http://www.wolframalpha.com/input?i=2023-06-14+22%3A22%3A00+UTC+To+Local+Time;scartato;non è una fonte: calcolo di WolframAlpha, non una fonte
http://www.wolframalpha.com/input?i=2023-06-14+22%3A23%3A27+UTC+To+Local+Time;scartato;non è una fonte: calcolo di WolframAlpha, non una fonte
http://www.wolframalpha.com/input?i=2023-06-20+19%3A51%3A30+UTC+To+Local+Time;scartato;non è una fonte: calcolo di WolframAlpha, non una fonte
http://www.wolframalpha.com/input?i=2023-07-18+00%3A34%3A49+UTC+To+Local+Time;scartato;non è una fonte: calcolo di WolframAlpha, non una fonte
http://www.wolframalpha.com/input?i=2023-07-18+22%3A54%3A14+UTC+To+Local+Time;scartato;non è una fonte: calcolo di WolframAlpha, non una fonte
http://www.wolframalpha.com/input?i=2023-07-26+11%3A00%3A17+UTC+To+Local+Time;scartato;non è una fonte: calcolo di WolframAlpha, non una fonte
http://www.wolframalpha.com/input?i=2023-08-05+18%3A03%3A15+UTC+To+Local+Time;scartato;non è una fonte: calcolo di WolframAlpha, non una fonte
http://www.wolframalpha.com/input?i=2023-08-14+10%3A06%3A41+UTC+To+Local+Time;scartato;non è una fonte: calcolo di WolframAlpha, non una fonte
http://www.wolframalpha.com/input?i=2023-08-20+22%3A10%3A01+UTC+To+Local+Time;scartato;non è una fonte: calcolo di WolframAlpha, non una fonte
http://www.wolframalpha.com/input?i=2023-09-01+05%3A10%3A34+UTC+To+Local+Time;scartato;non è una fonte: calcolo di WolframAlpha, non una fonte
http://www.wolframalpha.com/input?i=2023-09-03+16%3A50%3A48+UTC+To+Local+Time;scartato;non è una fonte: calcolo di WolframAlpha, non una fonte
http://www.wolframalpha.com/input?i=2023-09-10+22%3A51%3A37+UTC+To+Local+Time;scartato;non è una fonte: calcolo di WolframAlpha, non una fonte
http://www.wolframalpha.com/input?i=2023-09-13+02%3A52%3A03+UTC+To+Local+Time;scartato;non è una fonte: calcolo di WolframAlpha, non una fonte
http://www.wolframalpha.com/input?i=2023-09-17+17%3A27%3A25+UTC+To+Local+Time;scartato;non è una fonte: calcolo di WolframAlpha, non una fonte
http://www.wolframalpha.com/input?i=2023-09-30+11%3A30%3A08+UTC+To+Local+Time;scartato;non è una fonte: calcolo di WolframAlpha, non una fonte
http://www.wolframalpha.com/input?i=2023-10-11+13%3A30%3A05+UTC+To+Local+Time;scartato;non è una fonte: calcolo di WolframAlpha, non una fonte
http://www.wolframalpha.com/input?i=2023-10-19+20%3A38%3A49+UTC+To+Local+Time;scartato;non è una fonte: calcolo di WolframAlpha, non una fonte
http://www.wolframalpha.com/input?i=2023-10-20+02%3A56%3A03+UTC+To+Local+Time;scartato;non è una fonte: calcolo di WolframAlpha, non una fonte
http://www.wolframalpha.com/input?i=2023-10-26+02%3A32%3A46+UTC+To+Local+Time;scartato;non è una fonte: calcolo di WolframAlpha, non una fonte
http://www.wolframalpha.com/input?i=2023-11-04+02%3A30%3A39+UTC+To+Local+Time;scartato;non è una fonte: calcolo di WolframAlpha, non una fonte
http://www.wolframalpha.com/input?i=2023-11-09+02%3A49%3A13+UTC+To+Local+Time;scartato;non è una fonte: calcolo di WolframAlpha, non una fonte
http://www.wolframalpha.com/input?i=2023-11-10+07%3A48%3A31+UTC+To+Local+Time;scartato;non è una fonte: calcolo di WolframAlpha, non una fonte
http://www.wolframalpha.com/input?i=2023-11-17+20%3A14%3A17+UTC+To+Local+Time;scartato;non è una fonte: calcolo di WolframAlpha, non una fonte
http://www.wolframalpha.com/input?i=2023-11-23+16%3A27%3A37+UTC+To+Local+Time;scartato;non è una fonte: calcolo di WolframAlpha, non una fonte
http://www.wolframalpha.com/input?i=2023-11-29+21%3A08%3A06+UTC+To+Local+Time;scartato;non è una fonte: calcolo di WolframAlpha, non una fonte
http://www.wolframalpha.com/input?i=2023-12-01+20%3A11%3A35+UTC+To+Local+Time;scartato;non è una fonte: calcolo di WolframAlpha, non una fonte
http://www.wolframalpha.com/input?i=2023-12-03+16%3A57%3A58+UTC+To+Local+Time;scartato;non è una fonte: calcolo di WolframAlpha, non una fonte
http://www.wolframalpha.com/input?i=2023-12-16+14%3A49%3A02+UTC+To+Local+Time;scartato;non è una fonte: calcolo di WolframAlpha, non una fonte
http://www.wolframalpha.com/input?i=2023-12-18+02%3A19%3A54+UTC+To+Local+Time;scartato;non è una fonte: calcolo di WolframAlpha, non una fonte
http://www.wolframalpha.com/input?i=2023-12-19+15%3A20%3A58+UTC+To+Local+Time;scartato;non è una fonte: calcolo di WolframAlpha, non una fonte
http://www.wolframalpha.com/input?i=2024-01-04+02%3A57%3A13+UTC+To+Local+Time;scartato;non è una fonte: calcolo di WolframAlpha, non una fonte
http://www.wolframalpha.com/input?i=2024-01-07+04%3A35%3A26+UTC+To+Local+Time;scartato;non è una fonte: calcolo di WolframAlpha, non una fonte
http://www.wolframalpha.com/input?i=2024-01-28+01%3A10%3A24+UTC+To+Local+Time;scartato;non è una fonte: calcolo di WolframAlpha, non una fonte
http://www.wolframalpha.com/input?i=2024-01-30+00%3A56%3A43+UTC+To+Local+Time;scartato;non è una fonte: calcolo di WolframAlpha, non una fonte
http://www.wolframalpha.com/input?i=2024-02-01+16%3A36%3A14+UTC+To+Local+Time;scartato;non è una fonte: calcolo di WolframAlpha, non una fonte
http://www.wolframalpha.com/input?i=2024-02-03+21%3A46%3A20+UTC+To+Local+Time;scartato;non è una fonte: calcolo di WolframAlpha, non una fonte
http://www.wolframalpha.com/input?i=2024-02-15+14%3A23%3A06+UTC+To+Local+Time;scartato;non è una fonte: calcolo di WolframAlpha, non una fonte
http://www.wolframalpha.com/input?i=2024-02-18+00%3A49%3A01+UTC+To+Local+Time;scartato;non è una fonte: calcolo di WolframAlpha, non una fonte
http://www.wolframalpha.com/input?i=2024-02-24+04%3A09%3A21+UTC+To+Local+Time;scartato;non è una fonte: calcolo di WolframAlpha, non una fonte
http://www.wolframalpha.com/input?i=2024-03-01+05%3A05%3A21+UTC+To+Local+Time;scartato;non è una fonte: calcolo di WolframAlpha, non una fonte
http://www.wolframalpha.com/input?i=2024-03-16+00%3A30%3A36+UTC+To+Local+Time;scartato;non è una fonte: calcolo di WolframAlpha, non una fonte
http://www.wolframalpha.com/input?i=2024-03-24+07%3A33%3A00+UTC+To+Local+Time;scartato;non è una fonte: calcolo di WolframAlpha, non una fonte
http://www.wolframalpha.com/input?i=2024-03-25+21%3A43%3A01+UTC+To+Local+Time;scartato;non è una fonte: calcolo di WolframAlpha, non una fonte
http://www.wolframalpha.com/input?i=2024-04-07+00%3A28%3A55+UTC+To+Local+Time;scartato;non è una fonte: calcolo di WolframAlpha, non una fonte
http://www.wolframalpha.com/input?i=2024-04-11+08%3A51%3A55+UTC+To+Local+Time;scartato;non è una fonte: calcolo di WolframAlpha, non una fonte
http://www.wolframalpha.com/input?i=2024-04-15+08%3A57%3A56+UTC+To+Local+Time;scartato;non è una fonte: calcolo di WolframAlpha, non una fonte
http://www.wolframalpha.com/input?i=2024-04-15+08%3A58%3A06+UTC+To+Local+Time;scartato;non è una fonte: calcolo di WolframAlpha, non una fonte
http://www.wolframalpha.com/input?i=2024-04-15+08%3A58%3A43+UTC+To+Local+Time;scartato;non è una fonte: calcolo di WolframAlpha, non una fonte
http://www.wolframalpha.com/input?i=2024-04-15+08%3A59%3A49+UTC+To+Local+Time;scartato;non è una fonte: calcolo di WolframAlpha, non una fonte
http://www.wolframalpha.com/input?i=2024-04-17+22%3A42%3A01+UTC+To+Local+Time;scartato;non è una fonte: calcolo di WolframAlpha, non una fonte
http://www.wolframalpha.com/input?i=2024-04-23+22%3A34%3A03+UTC+To+Local+Time;scartato;non è una fonte: calcolo di WolframAlpha, non una fonte
http://www.wolframalpha.com/input?i=2024-04-25+18%3A45%3A00+UTC+To+Local+Time;scartato;non è una fonte: calcolo di WolframAlpha, non una fonte
http://www.wolframalpha.com/input?i=2024-04-30+09%3A43%3A20+UTC+To+Local+Time;scartato;non è una fonte: calcolo di WolframAlpha, non una fonte
http://www.wolframalpha.com/input?i=2024-04-30+09%3A45%3A00+UTC+To+Local+Time;scartato;non è una fonte: calcolo di WolframAlpha, non una fonte
http://www.wolframalpha.com/input?i=2024-05-01+01%3A02%3A29+UTC+To+Local+Time;scartato;non è una fonte: calcolo di WolframAlpha, non una fonte
http://www.wolframalpha.com/input?i=2024-05-06+07%3A12%3A22+UTC+To+Local+Time;scartato;non è una fonte: calcolo di WolframAlpha, non una fonte
http://www.wolframalpha.com/input?i=2024-05-21+16%3A45%3A33+UTC+To+Local+Time;scartato;non è una fonte: calcolo di WolframAlpha, non una fonte
http://www.wolframalpha.com/input?i=2024-05-22+09%3A17%3A53+UTC+To+Local+Time;scartato;non è una fonte: calcolo di WolframAlpha, non una fonte
http://www.wolframalpha.com/input?i=2024-05-23+22%3A10%3A27+UTC+To+Local+Time;scartato;non è una fonte: calcolo di WolframAlpha, non una fonte
http://www.wolframalpha.com/input?i=2024-05-24+20%3A21%3A03+UTC+To+Local+Time;scartato;non è una fonte: calcolo di WolframAlpha, non una fonte
http://www.wolframalpha.com/input?i=2024-05-27+14%3A35%3A53+UTC+To+Local+Time;scartato;non è una fonte: calcolo di WolframAlpha, non una fonte
http://www.wolframalpha.com/input?i=2024-05-31+09%3A22%3A57+UTC+To+Local+Time;scartato;non è una fonte: calcolo di WolframAlpha, non una fonte
http://www.wolframalpha.com/input?i=2024-06-16+13%3A55%3A15+UTC+To+Local+Time;scartato;non è una fonte: calcolo di WolframAlpha, non una fonte
http://www.wolframalpha.com/input?i=2024-06-19+12%3A43%3A07+UTC+To+Local+Time;scartato;non è una fonte: calcolo di WolframAlpha, non una fonte
http://www.wolframalpha.com/input?i=2024-06-20+00%3A00%3A00+UTC+To+Local+Time;scartato;non è una fonte: calcolo di WolframAlpha, non una fonte
http://www.wolframalpha.com/input?i=2024-06-20+04%3A23%3A44+UTC+To+Local+Time;scartato;non è una fonte: calcolo di WolframAlpha, non una fonte
http://www.wolframalpha.com/input?i=2024-06-20+04%3A26%3A52+UTC+To+Local+Time;scartato;non è una fonte: calcolo di WolframAlpha, non una fonte
http://www.wolframalpha.com/input?i=2024-06-21+04%3A53%3A21+UTC+To+Local+Time;scartato;non è una fonte: calcolo di WolframAlpha, non una fonte
http://www.wolframalpha.com/input?i=2024-06-22+20%3A45%3A11+UTC+To+Local+Time;scartato;non è una fonte: calcolo di WolframAlpha, non una fonte
http://www.wolframalpha.com/input?i=2024-07-08+13%3A12%3A58+UTC+To+Local+Time;scartato;non è una fonte: calcolo di WolframAlpha, non una fonte
http://www.wolframalpha.com/input?i=2024-07-12+11%3A33%3A13+UTC+To+Local+Time;scartato;non è una fonte: calcolo di WolframAlpha, non una fonte
http://www.wolframalpha.com/input?i=2024-07-19+00%3A01%3A02+UTC+To+Local+Time;scartato;non è una fonte: calcolo di WolframAlpha, non una fonte
http://www.wolframalpha.com/input?i=2024-07-24+23%3A48%3A20+UTC+To+Local+Time;scartato;non è una fonte: calcolo di WolframAlpha, non una fonte
http://www.wolframalpha.com/input?i=2024-08-01+15%3A36%3A32+UTC+To+Local+Time;scartato;non è una fonte: calcolo di WolframAlpha, non una fonte
http://www.wolframalpha.com/input?i=2024-08-06+14%3A38%3A05+UTC+To+Local+Time;scartato;non è una fonte: calcolo di WolframAlpha, non una fonte
http://www.wolframalpha.com/input?i=2024-08-23+02%3A33%3A19+UTC+To+Local+Time;scartato;non è una fonte: calcolo di WolframAlpha, non una fonte
http://www.wolframalpha.com/input?i=2024-08-23+02%3A34%3A46+UTC+To+Local+Time;scartato;non è una fonte: calcolo di WolframAlpha, non una fonte
http://www.wolframalpha.com/input?i=2024-08-29+22%3A54%3A26+UTC+To+Local+Time;scartato;non è una fonte: calcolo di WolframAlpha, non una fonte
http://www.wolframalpha.com/input?i=2024-09-02+15%3A47%3A06+UTC+To+Local+Time;scartato;non è una fonte: calcolo di WolframAlpha, non una fonte
http://www.wolframalpha.com/input?i=2024-09-04+10%3A56%3A46+UTC+To+Local+Time;scartato;non è una fonte: calcolo di WolframAlpha, non una fonte
http://www.wolframalpha.com/input?i=2024-09-07+16%3A04%3A17+UTC+To+Local+Time;scartato;non è una fonte: calcolo di WolframAlpha, non una fonte
http://www.wolframalpha.com/input?i=2024-09-22+13%3A04%3A19+UTC+To+Local+Time;scartato;non è una fonte: calcolo di WolframAlpha, non una fonte
http://www.wolframalpha.com/input?i=2024-09-29+17%3A18%3A36+UTC+To+Local+Time;scartato;non è una fonte: calcolo di WolframAlpha, non una fonte
http://www.wolframalpha.com/input?i=2024-09-29+22%3A25%3A46+UTC+To+Local+Time;scartato;non è una fonte: calcolo di WolframAlpha, non una fonte
http://www.wolframalpha.com/input?i=2024-10-10+22%3A54%3A10+UTC+To+Local+Time;scartato;non è una fonte: calcolo di WolframAlpha, non una fonte
http://www.wolframalpha.com/input?i=2024-10-17+21%3A36%3A14+UTC+To+Local+Time;scartato;non è una fonte: calcolo di WolframAlpha, non una fonte
http://www.wolframalpha.com/input?i=2024-10-26+12%3A32%3A35+UTC+To+Local+Time;scartato;non è una fonte: calcolo di WolframAlpha, non una fonte
http://www.wolframalpha.com/input?i=2024-10-26+22%3A06%3A56+UTC+To+Local+Time;scartato;non è una fonte: calcolo di WolframAlpha, non una fonte
http://www.wolframalpha.com/input?i=2024-11-05+00%3A00%3A00+UTC+To+Local+Time;scartato;non è una fonte: calcolo di WolframAlpha, non una fonte
http://www.wolframalpha.com/input?i=2024-11-06+18%3A24%3A22+UTC+To+Local+Time;scartato;non è una fonte: calcolo di WolframAlpha, non una fonte
http://www.wolframalpha.com/input?i=2024-11-06+18%3A25%3A14+UTC+To+Local+Time;scartato;non è una fonte: calcolo di WolframAlpha, non una fonte
http://www.wolframalpha.com/input?i=2024-11-15+15%3A00%3A00+UTC+To+Local+Time;scartato;non è una fonte: calcolo di WolframAlpha, non una fonte
http://www.wolframalpha.com/input?i=2024-11-20+14%3A25%3A30+UTC+To+Local+Time;scartato;non è una fonte: calcolo di WolframAlpha, non una fonte
http://www.wolframalpha.com/input?i=2024-11-25+21%3A24%3A19+UTC+To+Local+Time;scartato;non è una fonte: calcolo di WolframAlpha, non una fonte
http://www.wolframalpha.com/input?i=2024-11-28+15%3A05%3A12+UTC+To+Local+Time;scartato;non è una fonte: calcolo di WolframAlpha, non una fonte
http://www.wolframalpha.com/input?i=2024-11-28+20%3A50%3A55+UTC+To+Local+Time;scartato;non è una fonte: calcolo di WolframAlpha, non una fonte
http://www.wolframalpha.com/input?i=2024-11-29+20%3A51%3A48+UTC+To+Local+Time;scartato;non è una fonte: calcolo di WolframAlpha, non una fonte
http://www.wolframalpha.com/input?i=2024-12-13+06%3A18%3A02+UTC+To+Local+Time;scartato;non è una fonte: calcolo di WolframAlpha, non una fonte
http://www.wolframalpha.com/input?i=2024-12-14+03%3A08%3A10+UTC+To+Local+Time;scartato;non è una fonte: calcolo di WolframAlpha, non una fonte
http://www.wolframalpha.com/input?i=2024-12-14+17%3A07%3A35+UTC+To+Local+Time;scartato;non è una fonte: calcolo di WolframAlpha, non una fonte
http://www.wolframalpha.com/input?i=2024-12-24+19%3A38%3A37+UTC+To+Local+Time;scartato;non è una fonte: calcolo di WolframAlpha, non una fonte
http://www.wolframalpha.com/input?i=2024-12-31+06%3A43%3A51+UTC+To+Local+Time;scartato;non è una fonte: calcolo di WolframAlpha, non una fonte
http://www.wolframalpha.com/input?i=2025-01-05+20%3A26%3A29+UTC+To+Local+Time;scartato;non è una fonte: calcolo di WolframAlpha, non una fonte
http://www.wolframalpha.com/input?i=2025-01-05+22%3A00%3A12+UTC+To+Local+Time;scartato;non è una fonte: calcolo di WolframAlpha, non una fonte
http://www.wolframalpha.com/input?i=2025-01-13+18%3A40%3A08+UTC+To+Local+Time;scartato;non è una fonte: calcolo di WolframAlpha, non una fonte
http://www.wolframalpha.com/input?i=2025-01-13+18%3A40%3A57+UTC+To+Local+Time;scartato;non è una fonte: calcolo di WolframAlpha, non una fonte
http://www.wolframalpha.com/input?i=2025-01-13+21%3A57%3A20+UTC+To+Local+Time;scartato;non è una fonte: calcolo di WolframAlpha, non una fonte
http://www.wolframalpha.com/input?i=2025-01-17+03%3A26%3A07+UTC+To+Local+Time;scartato;non è una fonte: calcolo di WolframAlpha, non una fonte
http://www.wolframalpha.com/input?i=2025-01-17+06%3A21%3A30+UTC+To+Local+Time;scartato;non è una fonte: calcolo di WolframAlpha, non una fonte
http://www.wolframalpha.com/input?i=2025-01-23+21%3A54%3A52+UTC+To+Local+Time;scartato;non è una fonte: calcolo di WolframAlpha, non una fonte
http://www.wolframalpha.com/input?i=2025-01-26+00%3A54%3A32+UTC+To+Local+Time;scartato;non è una fonte: calcolo di WolframAlpha, non una fonte
http://www.wolframalpha.com/input?i=2025-02-07+07%3A25%3A47+UTC+To+Local+Time;scartato;non è una fonte: calcolo di WolframAlpha, non una fonte
http://www.wolframalpha.com/input?i=2025-02-09+10%3A46%3A55+UTC+To+Local+Time;scartato;non è una fonte: calcolo di WolframAlpha, non una fonte
http://www.wolframalpha.com/input?i=2025-02-09+21%3A52%3A05+UTC+To+Local+Time;scartato;non è una fonte: calcolo di WolframAlpha, non una fonte
http://www.wolframalpha.com/input?i=2025-02-11+22%3A17%3A15+UTC+To+Local+Time;scartato;non è una fonte: calcolo di WolframAlpha, non una fonte
http://www.wolframalpha.com/input?i=2025-02-12+06%3A17%3A39+UTC+To+Local+Time;scartato;non è una fonte: calcolo di WolframAlpha, non una fonte
http://www.wolframalpha.com/input?i=2025-02-12+16%3A07%3A49+UTC+To+Local+Time;scartato;non è una fonte: calcolo di WolframAlpha, non una fonte
http://www.wolframalpha.com/input?i=2025-02-18+01%3A29%3A10+UTC+To+Local+Time;scartato;non è una fonte: calcolo di WolframAlpha, non una fonte
http://www.wolframalpha.com/input?i=2025-02-18+19%3A10%3A41+UTC+To+Local+Time;scartato;non è una fonte: calcolo di WolframAlpha, non una fonte
http://www.wolframalpha.com/input?i=2025-02-18+20%3A29%3A31+UTC+To+Local+Time;scartato;non è una fonte: calcolo di WolframAlpha, non una fonte
http://www.wolframalpha.com/input?i=2025-03-02+07%3A54%3A26+UTC+To+Local+Time;scartato;non è una fonte: calcolo di WolframAlpha, non una fonte
http://www.wolframalpha.com/input?i=2025-03-02+07%3A55%3A39+UTC+To+Local+Time;scartato;non è una fonte: calcolo di WolframAlpha, non una fonte
http://www.wolframalpha.com/input?i=2025-03-02+11%3A54%3A45+UTC+To+Local+Time;scartato;non è una fonte: calcolo di WolframAlpha, non una fonte
http://www.wolframalpha.com/input?i=2025-03-05+13%3A51%3A43+UTC+To+Local+Time;scartato;non è una fonte: calcolo di WolframAlpha, non una fonte
http://www.wolframalpha.com/input?i=2025-03-06+22%3A50%3A46+UTC+To+Local+Time;scartato;non è una fonte: calcolo di WolframAlpha, non una fonte
http://www.wolframalpha.com/input?i=2025-03-16+06%3A08%3A08+UTC+To+Local+Time;scartato;non è una fonte: calcolo di WolframAlpha, non una fonte
http://www.wolframalpha.com/input?i=2025-03-19+01%3A13%3A58+UTC+To+Local+Time;scartato;non è una fonte: calcolo di WolframAlpha, non una fonte
http://www.wolframalpha.com/input?i=2025-03-19+01%3A14%3A35+UTC+To+Local+Time;scartato;non è una fonte: calcolo di WolframAlpha, non una fonte
http://www.wolframalpha.com/input?i=2025-03-21+00%3A00%3A00+UTC+To+Local+Time;scartato;non è una fonte: calcolo di WolframAlpha, non una fonte
http://www.wolframalpha.com/input?i=2025-03-23+22%3A27%3A18+UTC+To+Local+Time;scartato;non è una fonte: calcolo di WolframAlpha, non una fonte
http://www.wolframalpha.com/input?i=2025-03-23+22%3A32%3A38+UTC+To+Local+Time;scartato;non è una fonte: calcolo di WolframAlpha, non una fonte
http://www.wolframalpha.com/input?i=2025-03-27+08%3A56%3A14+UTC+To+Local+Time;scartato;non è una fonte: calcolo di WolframAlpha, non una fonte
http://www.wolframalpha.com/input?i=2025-04-02+10%3A36%3A25+UTC+To+Local+Time;scartato;non è una fonte: calcolo di WolframAlpha, non una fonte
http://www.wolframalpha.com/input?i=2025-04-02+22%3A12%3A41+UTC+To+Local+Time;scartato;non è una fonte: calcolo di WolframAlpha, non una fonte
http://www.wolframalpha.com/input?i=2025-04-03+14%3A54%3A28+UTC+To+Local+Time;scartato;non è una fonte: calcolo di WolframAlpha, non una fonte
http://www.wolframalpha.com/input?i=2025-04-03+22%3A36%3A18+UTC+To+Local+Time;scartato;non è una fonte: calcolo di WolframAlpha, non una fonte
http://www.wolframalpha.com/input?i=2025-04-10+22%3A28%3A07+UTC+To+Local+Time;scartato;non è una fonte: calcolo di WolframAlpha, non una fonte
http://www.wolframalpha.com/input?i=2025-04-14+09%3A02%3A05+UTC+To+Local+Time;scartato;non è una fonte: calcolo di WolframAlpha, non una fonte
http://www.wolframalpha.com/input?i=2025-04-17+03%3A02%3A24+UTC+To+Local+Time;scartato;non è una fonte: calcolo di WolframAlpha, non una fonte
http://www.wolframalpha.com/input?i=2025-04-29+18%3A55%3A00+UTC+To+Local+Time;scartato;non è una fonte: calcolo di WolframAlpha, non una fonte
http://www.wolframalpha.com/input?i=2025-05-09+23%3A31%3A27+UTC+To+Local+Time;scartato;non è una fonte: calcolo di WolframAlpha, non una fonte
http://www.wolframalpha.com/input?i=2025-05-17+16%3A53%3A53+UTC+To+Local+Time;scartato;non è una fonte: calcolo di WolframAlpha, non una fonte
http://www.wolframalpha.com/input?i=2025-05-21+06%3A36%3A45+UTC+To+Local+Time;scartato;non è una fonte: calcolo di WolframAlpha, non una fonte
http://www.wolframalpha.com/input?i=2025-05-24+14%3A01%3A16+UTC+To+Local+Time;scartato;non è una fonte: calcolo di WolframAlpha, non una fonte
http://www.wolframalpha.com/input?i=2025-05-29+11%3A34%3A09+UTC+To+Local+Time;scartato;non è una fonte: calcolo di WolframAlpha, non una fonte
http://www.wolframalpha.com/input?i=2025-06-07+04%3A12%3A33+UTC+To+Local+Time;scartato;non è una fonte: calcolo di WolframAlpha, non una fonte
http://www.wolframalpha.com/input?i=2025-06-10+01%3A03%3A50+UTC+To+Local+Time;scartato;non è una fonte: calcolo di WolframAlpha, non una fonte
http://www.wolframalpha.com/input?i=2025-06-20+00%3A10%3A22+UTC+To+Local+Time;scartato;non è una fonte: calcolo di WolframAlpha, non una fonte
http://www.wolframalpha.com/input?i=2025-06-20+06%3A14%3A57+UTC+To+Local+Time;scartato;non è una fonte: calcolo di WolframAlpha, non una fonte
http://www.wolframalpha.com/input?i=2025-06-24+09%3A55%3A39+UTC+To+Local+Time;scartato;non è una fonte: calcolo di WolframAlpha, non una fonte
http://www.wolframalpha.com/input?i=2025-06-24+21%3A57%3A35+UTC+To+Local+Time;scartato;non è una fonte: calcolo di WolframAlpha, non una fonte
http://www.wolframalpha.com/input?i=2025-07-11+14%3A44%3A10+UTC+To+Local+Time;scartato;non è una fonte: calcolo di WolframAlpha, non una fonte
http://www.wolframalpha.com/input?i=2025-07-14+01%3A27%3A45+UTC+To+Local+Time;scartato;non è una fonte: calcolo di WolframAlpha, non una fonte
http://www.wolframalpha.com/input?i=2025-07-20+09%3A36%3A28+UTC+To+Local+Time;scartato;non è una fonte: calcolo di WolframAlpha, non una fonte
http://www.wolframalpha.com/input?i=2025-07-21+02%3A35%3A23+UTC+To+Local+Time;scartato;non è una fonte: calcolo di WolframAlpha, non una fonte
http://www.wolframalpha.com/input?i=2025-07-21+16%3A06%3A17+UTC+To+Local+Time;scartato;non è una fonte: calcolo di WolframAlpha, non una fonte
http://www.wolframalpha.com/input?i=2025-07-22+05%3A45%3A59+UTC+To+Local+Time;scartato;non è una fonte: calcolo di WolframAlpha, non una fonte
http://www.wolframalpha.com/input?i=2025-07-26+21%3A09%3A29+UTC+To+Local+Time;scartato;non è una fonte: calcolo di WolframAlpha, non una fonte
http://www.wolframalpha.com/input?i=2025-07-30+17%3A39%3A03+UTC+To+Local+Time;scartato;non è una fonte: calcolo di WolframAlpha, non una fonte
http://www.wolframalpha.com/input?i=2025-08-06+11%3A08%3A58+UTC+To+Local+Time;scartato;non è una fonte: calcolo di WolframAlpha, non una fonte
http://www.wolframalpha.com/input?i=2025-08-09+19%3A04%3A56+UTC+To+Local+Time;scartato;non è una fonte: calcolo di WolframAlpha, non una fonte
http://www.wolframalpha.com/input?i=2025-08-11+14%3A55%3A50+UTC+To+Local+Time;scartato;non è una fonte: calcolo di WolframAlpha, non una fonte
http://www.wolframalpha.com/input?i=2025-08-15+16%3A48%3A28+UTC+To+Local+Time;scartato;non è una fonte: calcolo di WolframAlpha, non una fonte
http://www.wolframalpha.com/input?i=2025-08-16+17%3A53%3A17+UTC+To+Local+Time;scartato;non è una fonte: calcolo di WolframAlpha, non una fonte
http://www.wolframalpha.com/input?i=2025-08-24+23%3A17%3A03+UTC+To+Local+Time;scartato;non è una fonte: calcolo di WolframAlpha, non una fonte
http://www.wolframalpha.com/input?i=2025-09-07+18%3A23%3A03+UTC+To+Local+Time;scartato;non è una fonte: calcolo di WolframAlpha, non una fonte
http://www.wolframalpha.com/input?i=2025-09-17+08%3A19%3A53+UTC+To+Local+Time;scartato;non è una fonte: calcolo di WolframAlpha, non una fonte
http://www.wolframalpha.com/input?i=2025-09-20+12%3A59%3A19+UTC+To+Local+Time;scartato;non è una fonte: calcolo di WolframAlpha, non una fonte
http://www.wolframalpha.com/input?i=2025-09-22+12%3A19%3A06+UTC+To+Local+Time;scartato;non è una fonte: calcolo di WolframAlpha, non una fonte
http://www.wolframalpha.com/input?i=2025-09-27+17%3A15%3A27+UTC+To+Local+Time;scartato;non è una fonte: calcolo di WolframAlpha, non una fonte
http://www.wolframalpha.com/input?i=2025-09-30+01%3A22%3A03+UTC+To+Local+Time;scartato;non è una fonte: calcolo di WolframAlpha, non una fonte
http://www.wolframalpha.com/input?i=2025-09-30+10%3A59%3A36+UTC+To+Local+Time;scartato;non è una fonte: calcolo di WolframAlpha, non una fonte
http://www.wolframalpha.com/input?i=2025-09-30+11%3A05%3A21+UTC+To+Local+Time;scartato;non è una fonte: calcolo di WolframAlpha, non una fonte
http://www.wolframalpha.com/input?i=2025-10-12+13%3A49%3A15+UTC+To+Local+Time;scartato;non è una fonte: calcolo di WolframAlpha, non una fonte
http://www.wolframalpha.com/input?i=2025-10-25+23%3A53%3A12+UTC+To+Local+Time;scartato;non è una fonte: calcolo di WolframAlpha, non una fonte
http://www.wolframalpha.com/input?i=2025-10-30+12%3A49%3A00+UTC+To+Local+Time;scartato;non è una fonte: calcolo di WolframAlpha, non una fonte
http://www.wolframalpha.com/input?i=2025-11-07+00%3A50%3A35+UTC+To+Local+Time;scartato;non è una fonte: calcolo di WolframAlpha, non una fonte
http://www.wolframalpha.com/input?i=2025-11-21+17%3A08%3A22+UTC+To+Local+Time;scartato;non è una fonte: calcolo di WolframAlpha, non una fonte
http://www.wolframalpha.com/input?i=2025-11-27+01%3A53%3A46+UTC+To+Local+Time;scartato;non è una fonte: calcolo di WolframAlpha, non una fonte
http://www.wolframalpha.com/input?i=2025-11-28+18%3A36%3A05+UTC+To+Local+Time;scartato;non è una fonte: calcolo di WolframAlpha, non una fonte
http://www.wolframalpha.com/input?i=2025-11-28+20%3A13%3A22+UTC+To+Local+Time;scartato;non è una fonte: calcolo di WolframAlpha, non una fonte
http://www.wolframalpha.com/input?i=2025-12-03+19%3A59%3A44+UTC+To+Local+Time;scartato;non è una fonte: calcolo di WolframAlpha, non una fonte
http://www.wolframalpha.com/input?i=2025-12-05+20%3A01%3A08+UTC+To+Local+Time;scartato;non è una fonte: calcolo di WolframAlpha, non una fonte
http://www.wolframalpha.com/input?i=2025-12-06+03%3A57%3A55+UTC+To+Local+Time;scartato;non è una fonte: calcolo di WolframAlpha, non una fonte
http://www.wolframalpha.com/input?i=2025-12-09+08%3A02%3A06+UTC+To+Local+Time;scartato;non è una fonte: calcolo di WolframAlpha, non una fonte
http://www.wolframalpha.com/input?i=2025-12-15+13%3A08%3A39+UTC+To+Local+Time;scartato;non è una fonte: calcolo di WolframAlpha, non una fonte
http://www.wolframalpha.com/input?i=2025-12-26+03%3A28%3A10+UTC+To+Local+Time;scartato;non è una fonte: calcolo di WolframAlpha, non una fonte
http://www.wolframalpha.com/input?i=2025-12-27+14%3A27%3A06+UTC+To+Local+Time;scartato;non è una fonte: calcolo di WolframAlpha, non una fonte
http://www.wolframalpha.com/input?i=2026-01-08+06%3A28%3A55+UTC+To+Local+Time;scartato;non è una fonte: calcolo di WolframAlpha, non una fonte
http://www.wolframalpha.com/input?i=2026-01-20+15%3A42%3A55+UTC+To+Local+Time;scartato;non è una fonte: calcolo di WolframAlpha, non una fonte
http://www.wolframalpha.com/input?i=2026-01-30+23%3A47%3A34+UTC+To+Local+Time;scartato;non è una fonte: calcolo di WolframAlpha, non una fonte
http://www.wolframalpha.com/input?i=2026-01-31+07%3A51%3A51+UTC+To+Local+Time;scartato;non è una fonte: calcolo di WolframAlpha, non una fonte
http://www.wolframalpha.com/input?i=2026-02-07+05%3A33%3A46+UTC+To+Local+Time;scartato;non è una fonte: calcolo di WolframAlpha, non una fonte
http://www.wolframalpha.com/input?i=2026-02-13+09%3A19%3A40+UTC+To+Local+Time;scartato;non è una fonte: calcolo di WolframAlpha, non una fonte
http://www.wolframalpha.com/input?i=2026-02-13+10%3A43%3A08+UTC+To+Local+Time;scartato;non è una fonte: calcolo di WolframAlpha, non una fonte
http://www.wolframalpha.com/input?i=2026-02-16+00%3A57%3A19+UTC+To+Local+Time;scartato;non è una fonte: calcolo di WolframAlpha, non una fonte
http://www.wolframalpha.com/input?i=2026-02-20+13%3A03%3A48+UTC+To+Local+Time;scartato;non è una fonte: calcolo di WolframAlpha, non una fonte
http://www.wolframalpha.com/input?i=2026-02-20+16%3A50%3A44+UTC+To+Local+Time;scartato;non è una fonte: calcolo di WolframAlpha, non una fonte
http://www.wolframalpha.com/input?i=2026-02-26+15%3A05%3A01+UTC+To+Local+Time;scartato;non è una fonte: calcolo di WolframAlpha, non una fonte
http://www.wolframalpha.com/input?i=2026-03-01+21%3A35%3A10+UTC+To+Local+Time;scartato;non è una fonte: calcolo di WolframAlpha, non una fonte
http://www.wolframalpha.com/input?i=2026-03-19+12%3A44%3A38+UTC+To+Local+Time;scartato;non è una fonte: calcolo di WolframAlpha, non una fonte
http://www.wolframalpha.com/input?i=2026-03-23+10%3A17%3A11+UTC+To+Local+Time;scartato;non è una fonte: calcolo di WolframAlpha, non una fonte
http://www.wolframalpha.com/input?i=2026-03-28+19%3A28%3A56+UTC+To+Local+Time;scartato;non è una fonte: calcolo di WolframAlpha, non una fonte
http://www.wolframalpha.com/input?i=2026-03-29+03%3A28%3A48+UTC+To+Local+Time;scartato;non è una fonte: calcolo di WolframAlpha, non una fonte
http://www.wolframalpha.com/input?i=2026-04-14+21%3A11%3A07+UTC+To+Local+Time;scartato;non è una fonte: calcolo di WolframAlpha, non una fonte
http://www.wolframalpha.com/input?i=2026-05-05+00%3A04%3A45+UTC+To+Local+Time;scartato;non è una fonte: calcolo di WolframAlpha, non una fonte
http://www.wolframalpha.com/input?i=2026-05-11+17%3A58%3A38+UTC+To+Local+Time;scartato;non è una fonte: calcolo di WolframAlpha, non una fonte
http://www.wolframalpha.com/input?i=2026-05-13+15%3A54%3A44+UTC+To+Local+Time;scartato;non è una fonte: calcolo di WolframAlpha, non una fonte
http://www.wolframalpha.com/input?i=2026-05-23+13%3A13%3A42+UTC+To+Local+Time;scartato;non è una fonte: calcolo di WolframAlpha, non una fonte
http://www.wolframalpha.com/input?i=2026-05-23+13%3A14%3A38+UTC+To+Local+Time;scartato;non è una fonte: calcolo di WolframAlpha, non una fonte
http://www.wolframalpha.com/input?i=2026-05-27+06%3A55%3A16+UTC+To+Local+Time;scartato;non è una fonte: calcolo di WolframAlpha, non una fonte
http://www.wolframalpha.com/input?i=2026-05-29+07%3A59%3A23+UTC+To+Local+Time;scartato;non è una fonte: calcolo di WolframAlpha, non una fonte
http://www.wolframalpha.com/input?i=2026-05-31+14%3A43%3A32+UTC+To+Local+Time;scartato;non è una fonte: calcolo di WolframAlpha, non una fonte
http://www.wolframalpha.com/input?i=2026-05-31+14%3A49%3A31+UTC+To+Local+Time;scartato;non è una fonte: calcolo di WolframAlpha, non una fonte
http://www.wolframalpha.com/input?i=2026-06-01+04%3A58%3A36+UTC+To+Local+Time;scartato;non è una fonte: calcolo di WolframAlpha, non una fonte
http://www.wolframalpha.com/input?i=2026-06-01+08%3A06%3A46+UTC+To+Local+Time;scartato;non è una fonte: calcolo di WolframAlpha, non una fonte
http://www.wolframalpha.com/input?i=2026-06-01+09%3A31%3A34+UTC+To+Local+Time;scartato;non è una fonte: calcolo di WolframAlpha, non una fonte
http://www.wolframalpha.com/input?i=2026-06-01+12%3A52%3A58+UTC+To+Local+Time;scartato;non è una fonte: calcolo di WolframAlpha, non una fonte
http://www.wolframalpha.com/input?i=2026-06-01+14%3A18%3A10+UTC+To+Local+Time;scartato;non è una fonte: calcolo di WolframAlpha, non una fonte
http://www.wolframalpha.com/input?i=2026-06-01+14%3A36%3A05+UTC+To+Local+Time;scartato;non è una fonte: calcolo di WolframAlpha, non una fonte
http://www.wolframalpha.com/input?i=2026-06-01+15%3A01%3A17+UTC+To+Local+Time;scartato;non è una fonte: calcolo di WolframAlpha, non una fonte
http://www.wolframalpha.com/input?i=2026-06-01+18%3A33%3A36+UTC+To+Local+Time;scartato;non è una fonte: calcolo di WolframAlpha, non una fonte
http://www.wolframalpha.com/input?i=2026-06-01+18%3A34%3A01+UTC+To+Local+Time;scartato;non è una fonte: calcolo di WolframAlpha, non una fonte
http://www.wolframalpha.com/input?i=2026-06-01+20%3A13%3A14+UTC+To+Local+Time;scartato;non è una fonte: calcolo di WolframAlpha, non una fonte
http://www.wolframalpha.com/input?i=2026-06-01+22%3A29%3A38+UTC+To+Local+Time;scartato;non è una fonte: calcolo di WolframAlpha, non una fonte
http://www.wolframalpha.com/input?i=2026-06-01+22%3A39%3A25+UTC+To+Local+Time;scartato;non è una fonte: calcolo di WolframAlpha, non una fonte
http://www.wolframalpha.com/input?i=2026-06-01+23%3A22%3A50+UTC+To+Local+Time;scartato;non è una fonte: calcolo di WolframAlpha, non una fonte
http://www.wolframalpha.com/input?i=2026-06-02+04%3A07%3A43+UTC+To+Local+Time;scartato;non è una fonte: calcolo di WolframAlpha, non una fonte
http://www.wolframalpha.com/input?i=2026-06-02+05%3A57%3A44+UTC+To+Local+Time;scartato;non è una fonte: calcolo di WolframAlpha, non una fonte
http://www.wolframalpha.com/input?i=2026-06-02+06%3A20%3A19+UTC+To+Local+Time;scartato;non è una fonte: calcolo di WolframAlpha, non una fonte
http://www.wolframalpha.com/input?i=2026-06-02+08%3A16%3A37+UTC+To+Local+Time;scartato;non è una fonte: calcolo di WolframAlpha, non una fonte
http://www.wolframalpha.com/input?i=2026-06-02+08%3A45%3A45+UTC+To+Local+Time;scartato;non è una fonte: calcolo di WolframAlpha, non una fonte
http://www.wolframalpha.com/input?i=2026-06-02+18%3A43%3A42+UTC+To+Local+Time;scartato;non è una fonte: calcolo di WolframAlpha, non una fonte
http://www.wolframalpha.com/input?i=2026-06-03+00%3A13%3A54+UTC+To+Local+Time;scartato;non è una fonte: calcolo di WolframAlpha, non una fonte
http://www.wolframalpha.com/input?i=2026-06-03+02%3A06%3A48+UTC+To+Local+Time;scartato;non è una fonte: calcolo di WolframAlpha, non una fonte
http://www.wolframalpha.com/input?i=2026-06-03+07%3A54%3A47+UTC+To+Local+Time;scartato;non è una fonte: calcolo di WolframAlpha, non una fonte
http://www.wolframalpha.com/input?i=2026-06-03+09%3A52%3A08+UTC+To+Local+Time;scartato;non è una fonte: calcolo di WolframAlpha, non una fonte
http://www.wolframalpha.com/input?i=2026-06-03+12%3A54%3A54+UTC+To+Local+Time;scartato;non è una fonte: calcolo di WolframAlpha, non una fonte
http://www.wolframalpha.com/input?i=2026-06-03+14%3A19%3A17+UTC+To+Local+Time;scartato;non è una fonte: calcolo di WolframAlpha, non una fonte
http://www.wolframalpha.com/input?i=2026-06-03+15%3A06%3A38+UTC+To+Local+Time;scartato;non è una fonte: calcolo di WolframAlpha, non una fonte
http://www.wolframalpha.com/input?i=2026-06-03+18%3A06%3A50+UTC+To+Local+Time;scartato;non è una fonte: calcolo di WolframAlpha, non una fonte
http://www.wolframalpha.com/input?i=2026-06-03+20%3A45%3A57+UTC+To+Local+Time;scartato;non è una fonte: calcolo di WolframAlpha, non una fonte
http://www.wolframalpha.com/input?i=2026-06-04+09%3A45%3A00+UTC+To+Local+Time;scartato;non è una fonte: calcolo di WolframAlpha, non una fonte
http://www.wolframalpha.com/input?i=2026-06-04+11%3A53%3A37+UTC+To+Local+Time;scartato;non è una fonte: calcolo di WolframAlpha, non una fonte
http://www.wolframalpha.com/input?i=2026-06-04+14%3A57%3A22+UTC+To+Local+Time;scartato;non è una fonte: calcolo di WolframAlpha, non una fonte
http://www.wolframalpha.com/input?i=2026-06-04+18%3A44%3A22+UTC+To+Local+Time;scartato;non è una fonte: calcolo di WolframAlpha, non una fonte
http://www.wolframalpha.com/input?i=2026-06-05+02%3A07%3A36+UTC+To+Local+Time;scartato;non è una fonte: calcolo di WolframAlpha, non una fonte
http://www.wolframalpha.com/input?i=2026-06-05+03%3A03%3A47+UTC+To+Local+Time;scartato;non è una fonte: calcolo di WolframAlpha, non una fonte
http://www.wolframalpha.com/input?i=2026-06-05+08%3A51%3A32+UTC+To+Local+Time;scartato;non è una fonte: calcolo di WolframAlpha, non una fonte
http://www.wolframalpha.com/input?i=2026-06-05+16%3A53%3A12+UTC+To+Local+Time;scartato;non è una fonte: calcolo di WolframAlpha, non una fonte
http://www.wolframalpha.com/input?i=2026-06-05+21%3A57%3A12+UTC+To+Local+Time;scartato;non è una fonte: calcolo di WolframAlpha, non una fonte
http://www.wolframalpha.com/input?i=2026-06-05+23%3A00%3A02+UTC+To+Local+Time;scartato;non è una fonte: calcolo di WolframAlpha, non una fonte
http://www.wolframalpha.com/input?i=2026-06-07+07%3A19%3A35+UTC+To+Local+Time;scartato;non è una fonte: calcolo di WolframAlpha, non una fonte
http://www.wolframalpha.com/input?i=2026-06-07+11%3A36%3A48+UTC+To+Local+Time;scartato;non è una fonte: calcolo di WolframAlpha, non una fonte
http://www.wolframalpha.com/input?i=2026-06-07+12%3A45%3A19+UTC+To+Local+Time;scartato;non è una fonte: calcolo di WolframAlpha, non una fonte
http://www.wolframalpha.com/input?i=2026-06-08+01%3A41%3A20+UTC+To+Local+Time;scartato;non è una fonte: calcolo di WolframAlpha, non una fonte
http://www.wolframalpha.com/input?i=2026-06-08+06%3A37%3A48+UTC+To+Local+Time;scartato;non è una fonte: calcolo di WolframAlpha, non una fonte
http://www.wolframalpha.com/input?i=2026-06-08+11%3A37%3A05+UTC+To+Local+Time;scartato;non è una fonte: calcolo di WolframAlpha, non una fonte
http://www.wolframalpha.com/input?i=2026-06-08+23%3A39%3A17+UTC+To+Local+Time;scartato;non è una fonte: calcolo di WolframAlpha, non una fonte
http://www.wolframalpha.com/input?i=2026-06-09+09%3A26%3A32+UTC+To+Local+Time;scartato;non è una fonte: calcolo di WolframAlpha, non una fonte
http://www.wolframalpha.com/input?i=2026-06-09+10%3A58%3A59+UTC+To+Local+Time;scartato;non è una fonte: calcolo di WolframAlpha, non una fonte
http://www.wolframalpha.com/input?i=2026-06-09+18%3A55%3A58+UTC+To+Local+Time;scartato;non è una fonte: calcolo di WolframAlpha, non una fonte
http://www.wolframalpha.com/input?i=2026-06-10+06%3A29%3A51+UTC+To+Local+Time;scartato;non è una fonte: calcolo di WolframAlpha, non una fonte
http://www.wolframalpha.com/input?i=2026-06-10+18%3A11%3A42+UTC+To+Local+Time;scartato;non è una fonte: calcolo di WolframAlpha, non una fonte
http://www.wolframalpha.com/input?i=2026-06-11+09%3A36%3A17+UTC+To+Local+Time;scartato;non è una fonte: calcolo di WolframAlpha, non una fonte
http://www.wolframalpha.com/input?i=2026-06-11+15%3A54%3A28+UTC+To+Local+Time;scartato;non è una fonte: calcolo di WolframAlpha, non una fonte
http://www.wolframalpha.com/input?i=2026-06-11+21%3A30%3A09+UTC+To+Local+Time;scartato;non è una fonte: calcolo di WolframAlpha, non una fonte
http://www.wolframalpha.com/input?i=2026-06-12+16%3A25%3A57+UTC+To+Local+Time;scartato;non è una fonte: calcolo di WolframAlpha, non una fonte
http://www.wolframalpha.com/input?i=2026-06-12+17%3A55%3A33+UTC+To+Local+Time;scartato;non è una fonte: calcolo di WolframAlpha, non una fonte
http://www.wolframalpha.com/input?i=2026-06-13+05%3A28%3A47+UTC+To+Local+Time;scartato;non è una fonte: calcolo di WolframAlpha, non una fonte
http://www.wolframalpha.com/input?i=2026-06-13+09%3A57%3A17+UTC+To+Local+Time;scartato;non è una fonte: calcolo di WolframAlpha, non una fonte
http://www.wolframalpha.com/input?i=2026-06-13+14%3A11%3A03+UTC+To+Local+Time;scartato;non è una fonte: calcolo di WolframAlpha, non una fonte
http://www.wolframalpha.com/input?i=2026-06-15+00%3A29%3A29+UTC+To+Local+Time;scartato;non è una fonte: calcolo di WolframAlpha, non una fonte
http://www.wolframalpha.com/input?i=2026-06-15+13%3A14%3A26+UTC+To+Local+Time;scartato;non è una fonte: calcolo di WolframAlpha, non una fonte
http://www.wolframalpha.com/input?i=2026-06-15+13%3A38%3A19+UTC+To+Local+Time;scartato;non è una fonte: calcolo di WolframAlpha, non una fonte
http://www.wolframalpha.com/input?i=2026-06-15+18%3A13%3A41+UTC+To+Local+Time;scartato;non è una fonte: calcolo di WolframAlpha, non una fonte
http://www.wolframalpha.com/input?i=2026-06-15+18%3A56%3A39+UTC+To+Local+Time;scartato;non è una fonte: calcolo di WolframAlpha, non una fonte
http://www.wolframalpha.com/input?i=2026-06-15+20%3A03%3A52+UTC+To+Local+Time;scartato;non è una fonte: calcolo di WolframAlpha, non una fonte
http://www.wolframalpha.com/input?i=2026-06-15+23%3A09%3A30+UTC+To+Local+Time;scartato;non è una fonte: calcolo di WolframAlpha, non una fonte
http://www.wolframalpha.com/input?i=2026-06-16+01%3A10%3A37+UTC+To+Local+Time;scartato;non è una fonte: calcolo di WolframAlpha, non una fonte
http://www.wolframalpha.com/input?i=2026-06-17+04%3A59%3A49+UTC+To+Local+Time;scartato;non è una fonte: calcolo di WolframAlpha, non una fonte
http://www.wolframalpha.com/input?i=2026-06-17+17%3A48%3A51+UTC+To+Local+Time;scartato;non è una fonte: calcolo di WolframAlpha, non una fonte
http://www.wolframalpha.com/input?i=2026-06-17+17%3A49%3A15+UTC+To+Local+Time;scartato;non è una fonte: calcolo di WolframAlpha, non una fonte
http://www.wolframalpha.com/input?i=2026-06-17+19%3A46%3A00+UTC+To+Local+Time;scartato;non è una fonte: calcolo di WolframAlpha, non una fonte
http://www.wolframalpha.com/input?i=2026-06-17+19%3A46%3A41+UTC+To+Local+Time;scartato;non è una fonte: calcolo di WolframAlpha, non una fonte
http://www.wolframalpha.com/input?i=2026-06-18+15%3A24%3A34+UTC+To+Local+Time;scartato;non è una fonte: calcolo di WolframAlpha, non una fonte
http://www.wolframalpha.com/input?i=2026-06-18+21%3A15%3A53+UTC+To+Local+Time;scartato;non è una fonte: calcolo di WolframAlpha, non una fonte
http://www.wolframalpha.com/input?i=2026-06-19+03%3A11%3A03+UTC+To+Local+Time;scartato;non è una fonte: calcolo di WolframAlpha, non una fonte
http://www.wolframalpha.com/input?i=2026-06-19+17%3A58%3A48+UTC+To+Local+Time;scartato;non è una fonte: calcolo di WolframAlpha, non una fonte
http://www.wolframalpha.com/input?i=2026-06-20+00%3A00%3A00+UTC+To+Local+Time;scartato;non è una fonte: calcolo di WolframAlpha, non una fonte
http://www.wolframalpha.com/input?i=2026-06-20+04%3A25%3A42+UTC+To+Local+Time;scartato;non è una fonte: calcolo di WolframAlpha, non una fonte
http://www.wolframalpha.com/input?i=2026-06-20+18%3A41%3A28+UTC+To+Local+Time;scartato;non è una fonte: calcolo di WolframAlpha, non una fonte
http://www.wolframalpha.com/input?i=2026-06-21+17%3A50%3A53+UTC+To+Local+Time;scartato;non è una fonte: calcolo di WolframAlpha, non una fonte
http://www.wolframalpha.com/input?i=2026-06-22+15%3A28%3A08+UTC+To+Local+Time;scartato;non è una fonte: calcolo di WolframAlpha, non una fonte
http://www.wolframalpha.com/input?i=2026-06-22+18%3A51%3A37+UTC+To+Local+Time;scartato;non è una fonte: calcolo di WolframAlpha, non una fonte
http://www.wolframalpha.com/input?i=2026-06-22+22%3A30%3A48+UTC+To+Local+Time;scartato;non è una fonte: calcolo di WolframAlpha, non una fonte
http://www.wolframalpha.com/input?i=2026-06-23+01%3A11%3A59+UTC+To+Local+Time;scartato;non è una fonte: calcolo di WolframAlpha, non una fonte
http://www.wolframalpha.com/input?i=2026-06-23+11%3A19%3A05+UTC+To+Local+Time;scartato;non è una fonte: calcolo di WolframAlpha, non una fonte
http://www.wolframalpha.com/input?i=2026-06-23+23%3A02%3A44+UTC+To+Local+Time;scartato;non è una fonte: calcolo di WolframAlpha, non una fonte
http://www.wolframalpha.com/input?i=2026-06-24+10%3A38%3A19+UTC+To+Local+Time;scartato;non è una fonte: calcolo di WolframAlpha, non una fonte
http://www.wolframalpha.com/input?i=2026-06-24+11%3A42%3A23+UTC+To+Local+Time;scartato;non è una fonte: calcolo di WolframAlpha, non una fonte
http://www.wolframalpha.com/input?i=2026-06-24+14%3A04%3A47+UTC+To+Local+Time;scartato;non è una fonte: calcolo di WolframAlpha, non una fonte
http://www.wolframalpha.com/input?i=2026-06-24+23%3A09%3A17+UTC+To+Local+Time;scartato;non è una fonte: calcolo di WolframAlpha, non una fonte
http://www.wolframalpha.com/input?i=2026-06-25+00%3A18%3A46+UTC+To+Local+Time;scartato;non è una fonte: calcolo di WolframAlpha, non una fonte
http://www.wolframalpha.com/input?i=2026-06-25+05%3A23%3A32+UTC+To+Local+Time;scartato;non è una fonte: calcolo di WolframAlpha, non una fonte
http://www.wolframalpha.com/input?i=2026-06-25+15%3A58%3A39+UTC+To+Local+Time;scartato;non è una fonte: calcolo di WolframAlpha, non una fonte
http://www.wolframalpha.com/input?i=2026-06-26+11%3A48%3A25+UTC+To+Local+Time;scartato;non è una fonte: calcolo di WolframAlpha, non una fonte
http://www.wolframalpha.com/input?i=2026-06-27+06%3A34%3A53+UTC+To+Local+Time;scartato;non è una fonte: calcolo di WolframAlpha, non una fonte
http://www.wolframalpha.com/input?i=2026-06-27+15%3A40%3A52+UTC+To+Local+Time;scartato;non è una fonte: calcolo di WolframAlpha, non una fonte
http://www.wolframalpha.com/input?i=2026-06-27+16%3A16%3A20+UTC+To+Local+Time;scartato;non è una fonte: calcolo di WolframAlpha, non una fonte
http://www.wolframalpha.com/input?i=2026-06-27+20%3A03%3A56+UTC+To+Local+Time;scartato;non è una fonte: calcolo di WolframAlpha, non una fonte
http://www.wolframalpha.com/input?i=2026-06-28+18%3A05%3A32+UTC+To+Local+Time;scartato;non è una fonte: calcolo di WolframAlpha, non una fonte
http://www.wolframalpha.com/input?i=2026-06-28+18%3A16%3A54+UTC+To+Local+Time;scartato;non è una fonte: calcolo di WolframAlpha, non una fonte
http://www.wolframalpha.com/input?i=2026-06-28+20%3A38%3A06+UTC+To+Local+Time;scartato;non è una fonte: calcolo di WolframAlpha, non una fonte
http://www.wolframalpha.com/input?i=2026-06-30+12%3A25%3A29+UTC+To+Local+Time;scartato;non è una fonte: calcolo di WolframAlpha, non una fonte
http://www.wolframalpha.com/input?i=2026-06-30+23%3A36%3A51+UTC+To+Local+Time;scartato;non è una fonte: calcolo di WolframAlpha, non una fonte
http://www.wolframalpha.com/input?i=2026-07-01+07%3A10%3A10+UTC+To+Local+Time;scartato;non è una fonte: calcolo di WolframAlpha, non una fonte
http://www.wolframalpha.com/input?i=2026-07-03+18%3A00%3A39+UTC+To+Local+Time;scartato;non è una fonte: calcolo di WolframAlpha, non una fonte
http://www.wolframalpha.com/input?i=2026-07-05+03%3A09%3A18+UTC+To+Local+Time;scartato;non è una fonte: calcolo di WolframAlpha, non una fonte
http://www.wolframalpha.com/input?i=2026-07-05+04%3A48%3A54+UTC+To+Local+Time;scartato;non è una fonte: calcolo di WolframAlpha, non una fonte
http://www.wolframalpha.com/input?i=2026-07-05+17%3A04%3A22+UTC+To+Local+Time;scartato;non è una fonte: calcolo di WolframAlpha, non una fonte
http://www.wolframalpha.com/input?i=2026-07-06+23%3A48%3A10+UTC+To+Local+Time;scartato;non è una fonte: calcolo di WolframAlpha, non una fonte
http://www.wolframalpha.com/input?i=2026-07-07+02%3A11%3A00+UTC+To+Local+Time;scartato;non è una fonte: calcolo di WolframAlpha, non una fonte
http://www.wolframalpha.com/input?i=2026-07-07+14%3A07%3A16+UTC+To+Local+Time;scartato;non è una fonte: calcolo di WolframAlpha, non una fonte
http://www.wolframalpha.com/input?i=2026-07-07+16%3A50%3A14+UTC+To+Local+Time;scartato;non è una fonte: calcolo di WolframAlpha, non una fonte
http://www.wolframalpha.com/input?i=2026-07-07+23%3A29%3A15+UTC+To+Local+Time;scartato;non è una fonte: calcolo di WolframAlpha, non una fonte
http://www.wolframalpha.com/input?i=2026-07-07+23%3A30%3A17+UTC+To+Local+Time;scartato;non è una fonte: calcolo di WolframAlpha, non una fonte
http://www.wolframalpha.com/input?i=2026-07-09+01%3A17%3A48+UTC+To+Local+Time;scartato;non è una fonte: calcolo di WolframAlpha, non una fonte
http://www.wolframalpha.com/input?i=2026-07-09+07%3A05%3A21+UTC+To+Local+Time;scartato;non è una fonte: calcolo di WolframAlpha, non una fonte
http://www.wolframalpha.com/input?i=2026-07-09+10%3A13%3A40+UTC+To+Local+Time;scartato;non è una fonte: calcolo di WolframAlpha, non una fonte
http://www.wolframalpha.com/input?i=2026-07-09+14%3A47%3A55+UTC+To+Local+Time;scartato;non è una fonte: calcolo di WolframAlpha, non una fonte
http://www.wolframalpha.com/input?i=2026-07-09+21%3A29%3A45+UTC+To+Local+Time;scartato;non è una fonte: calcolo di WolframAlpha, non una fonte
http://www.wolframalpha.com/input?i=2026-07-09+22%3A11%3A43+UTC+To+Local+Time;scartato;non è una fonte: calcolo di WolframAlpha, non una fonte
http://www.wolframalpha.com/input?i=2026-07-10+09%3A59%3A57+UTC+To+Local+Time;scartato;non è una fonte: calcolo di WolframAlpha, non una fonte
http://www.wolframalpha.com/input?i=2026-07-10+12%3A25%3A50+UTC+To+Local+Time;scartato;non è una fonte: calcolo di WolframAlpha, non una fonte
http://www.wolframalpha.com/input?i=2026-07-10+16%3A42%3A21+UTC+To+Local+Time;scartato;non è una fonte: calcolo di WolframAlpha, non una fonte
http://www.wolframalpha.com/input?i=2026-07-11+09%3A16%3A09+UTC+To+Local+Time;scartato;non è una fonte: calcolo di WolframAlpha, non una fonte
http://www.wolframalpha.com/input?i=2026-07-11+18%3A32%3A27+UTC+To+Local+Time;scartato;non è una fonte: calcolo di WolframAlpha, non una fonte
http://www.wolframalpha.com/input?i=2026-07-12+23%3A06%3A27+UTC+To+Local+Time;scartato;non è una fonte: calcolo di WolframAlpha, non una fonte
http://www.wolframalpha.com/input?i=2026-07-13+13%3A35%3A34+UTC+To+Local+Time;scartato;non è una fonte: calcolo di WolframAlpha, non una fonte
http://www.wolframalpha.com/input?i=2026-07-13+13%3A36%3A26+UTC+To+Local+Time;scartato;non è una fonte: calcolo di WolframAlpha, non una fonte
http://www.wolframalpha.com/input?i=2026-07-13+13%3A37%3A41+UTC+To+Local+Time;scartato;non è una fonte: calcolo di WolframAlpha, non una fonte
http://www.wolframalpha.com/input?i=2026-07-14+02%3A12%3A32+UTC+To+Local+Time;scartato;non è una fonte: calcolo di WolframAlpha, non una fonte
http://www.wolframalpha.com/input?i=2026-07-14+07%3A34%3A40+UTC+To+Local+Time;scartato;non è una fonte: calcolo di WolframAlpha, non una fonte
http://www.wolframalpha.com/input?i=2026-07-15+20%3A45%3A01+UTC+To+Local+Time;scartato;non è una fonte: calcolo di WolframAlpha, non una fonte
http://www.wolframalpha.com/input?i=2026-07-17+15%3A34%3A11+UTC+To+Local+Time;scartato;non è una fonte: calcolo di WolframAlpha, non una fonte
http://www.wolframalpha.com/input?i=2026-07-17+21%3A57%3A00+UTC+To+Local+Time;scartato;non è una fonte: calcolo di WolframAlpha, non una fonte
http://www.wolframalpha.com/input?i=2026-07-17+22%3A18%3A23+UTC+To+Local+Time;scartato;non è una fonte: calcolo di WolframAlpha, non una fonte
http://www.wolframalpha.com/input?i=2026-07-18+19%3A39%3A32+UTC+To+Local+Time;scartato;non è una fonte: calcolo di WolframAlpha, non una fonte
http://www.wolframalpha.com/input?i=2026-07-18+23%3A29%3A58+UTC+To+Local+Time;scartato;non è una fonte: calcolo di WolframAlpha, non una fonte
http://www.wolframalpha.com/input?i=2026-07-19+00%3A00%3A00+UTC+To+Local+Time;scartato;non è una fonte: calcolo di WolframAlpha, non una fonte
http://www.wolframalpha.com/input?i=2026-07-19+04%3A32%3A20+UTC+To+Local+Time;scartato;non è una fonte: calcolo di WolframAlpha, non una fonte
http://www.wolframalpha.com/input?i=2026-07-19+08%3A30%3A41+UTC+To+Local+Time;scartato;non è una fonte: calcolo di WolframAlpha, non una fonte
http://www.wolframalpha.com/input?i=2026-07-19+19%3A47%3A34+UTC+To+Local+Time;scartato;non è una fonte: calcolo di WolframAlpha, non una fonte
http://www.wolframalpha.com/input?i=2026-07-21+01%3A29%3A49+UTC+To+Local+Time;scartato;non è una fonte: calcolo di WolframAlpha, non una fonte
http://www.wolframalpha.com/input?i=2026-07-21+15%3A00%3A57+UTC+To+Local+Time;scartato;non è una fonte: calcolo di WolframAlpha, non una fonte
http://www.wolframalpha.com/input?i=2026-07-22+02%3A40%3A25+UTC+To+Local+Time;scartato;non è una fonte: calcolo di WolframAlpha, non una fonte
http://www.wolframalpha.com/input?i=2026-07-22+11%3A36%3A57+UTC+To+Local+Time;scartato;non è una fonte: calcolo di WolframAlpha, non una fonte
http://www.wolframalpha.com/input?i=2026-07-23+11%3A18%3A49+UTC+To+Local+Time;scartato;non è una fonte: calcolo di WolframAlpha, non una fonte
http://www.wolframalpha.com/input?i=2026-07-23+20%3A11%3A05+UTC+To+Local+Time;scartato;non è una fonte: calcolo di WolframAlpha, non una fonte
http://www.wolframalpha.com/input?i=2026-07-24+17%3A15%3A09+UTC+To+Local+Time;scartato;non è una fonte: calcolo di WolframAlpha, non una fonte
http://www.wolframalpha.com/input?i=2026-07-24+17%3A17%3A42+UTC+To+Local+Time;scartato;non è una fonte: calcolo di WolframAlpha, non una fonte
http://www.wolframalpha.com/input?i=2026-07-25+00%3A04%3A48+UTC+To+Local+Time;scartato;non è una fonte: calcolo di WolframAlpha, non una fonte
http://www.wolframalpha.com/input?i=2026-07-25+12%3A10%3A20+UTC+To+Local+Time;scartato;non è una fonte: calcolo di WolframAlpha, non una fonte
http://www.wolframalpha.com/input?i=2026-07-25+22%3A49%3A43+UTC+To+Local+Time;scartato;non è una fonte: calcolo di WolframAlpha, non una fonte
http://www.wolframalpha.com/input?i=2026-07-26+00%3A00%3A00+UTC+To+Local+Time;scartato;non è una fonte: calcolo di WolframAlpha, non una fonte
http://www.wolframalpha.com/input?i=2026-07-26+14%3A22%3A06+UTC+To+Local+Time;scartato;non è una fonte: calcolo di WolframAlpha, non una fonte
http://www.wolframalpha.com/input?i=2026-07-26+19%3A11%3A12+UTC+To+Local+Time;scartato;non è una fonte: calcolo di WolframAlpha, non una fonte
http://www.wolframalpha.com/input?i=2026-07-27+16%3A01%3A51+UTC+To+Local+Time;scartato;non è una fonte: calcolo di WolframAlpha, non una fonte
http://www.wolframalpha.com/input?i=2026-07-27+18%3A14%3A13+UTC+To+Local+Time;scartato;non è una fonte: calcolo di WolframAlpha, non una fonte
http://www.wolframalpha.com/input?i=2026-07-28+02%3A26%3A20+UTC+To+Local+Time;scartato;non è una fonte: calcolo di WolframAlpha, non una fonte
http://www.wolframalpha.com/input?i=2026-07-28+05%3A39%3A51+UTC+To+Local+Time;scartato;non è una fonte: calcolo di WolframAlpha, non una fonte
http://www.wolframalpha.com/input?i=2026-07-29+09%3A07%3A30+UTC+To+Local+Time;scartato;non è una fonte: calcolo di WolframAlpha, non una fonte
http://www.wolframalpha.com/input?i=2026-07-29+10%3A07%3A10+UTC+To+Local+Time;scartato;non è una fonte: calcolo di WolframAlpha, non una fonte
http://www.wolframalpha.com/input?i=2026-08-01+07%3A42%3A01+UTC+To+Local+Time;scartato;non è una fonte: calcolo di WolframAlpha, non una fonte
http://www.wolframalpha.com/input?i=2026-08-01+09%3A14%3A04+UTC+To+Local+Time;scartato;non è una fonte: calcolo di WolframAlpha, non una fonte
http://www.wolframalpha.com/input?i=2026-08-01+09%3A36%3A32+UTC+To+Local+Time;scartato;non è una fonte: calcolo di WolframAlpha, non una fonte
http://www.wolframalpha.com/input?i=2026-08-01+23%3A43%3A12+UTC+To+Local+Time;scartato;non è una fonte: calcolo di WolframAlpha, non una fonte
http://www.wolframalpha.com/input?i=2026-08-02+13%3A14%3A42+UTC+To+Local+Time;scartato;non è una fonte: calcolo di WolframAlpha, non una fonte
http://www.wolframalpha.com/input?i=2026-08-02+13%3A15%3A21+UTC+To+Local+Time;scartato;non è una fonte: calcolo di WolframAlpha, non una fonte
http://www.wolframalpha.com/input?i=2026-08-04+00%3A13%3A01+UTC+To+Local+Time;scartato;non è una fonte: calcolo di WolframAlpha, non una fonte
http://www.wolframalpha.com/input?i=2026-08-04+21%3A27%3A31+UTC+To+Local+Time;scartato;non è una fonte: calcolo di WolframAlpha, non una fonte
http://www.wolframalpha.com/input?i=2026-08-05+00%3A45%3A04+UTC+To+Local+Time;scartato;non è una fonte: calcolo di WolframAlpha, non una fonte
http://www.wolframalpha.com/input?i=2026-08-05+14%3A06%3A21+UTC+To+Local+Time;scartato;non è una fonte: calcolo di WolframAlpha, non una fonte
http://www.wolframalpha.com/input?i=2026-08-06+00%3A40%3A53+UTC+To+Local+Time;scartato;non è una fonte: calcolo di WolframAlpha, non una fonte
http://www.wolframalpha.com/input?i=2026-08-06+13%3A13%3A41+UTC+To+Local+Time;scartato;non è una fonte: calcolo di WolframAlpha, non una fonte
http://www.wolframalpha.com/input?i=2026-08-06+16%3A00%3A11+UTC+To+Local+Time;scartato;non è una fonte: calcolo di WolframAlpha, non una fonte
http://www.wolframalpha.com/input?i=2026-08-06+21%3A00%3A00+UTC+To+Local+Time;scartato;non è una fonte: calcolo di WolframAlpha, non una fonte
http://www.wolframalpha.com/input?i=2026-08-08+04%3A24%3A50+UTC+To+Local+Time;scartato;non è una fonte: calcolo di WolframAlpha, non una fonte
http://www.wolframalpha.com/input?i=2026-08-08+23%3A38%3A19+UTC+To+Local+Time;scartato;non è una fonte: calcolo di WolframAlpha, non una fonte
http://www.wolframalpha.com/input?i=2026-08-09+21%3A14%3A50+UTC+To+Local+Time;scartato;non è una fonte: calcolo di WolframAlpha, non una fonte
http://www.wolframalpha.com/input?i=2026-08-10+11%3A20%3A30+UTC+To+Local+Time;scartato;non è una fonte: calcolo di WolframAlpha, non una fonte
http://www.wolframalpha.com/input?i=2026-08-10+18%3A57%3A01+UTC+To+Local+Time;scartato;non è una fonte: calcolo di WolframAlpha, non una fonte
http://www.wolframalpha.com/input?i=2026-08-10+22%3A21%3A29+UTC+To+Local+Time;scartato;non è una fonte: calcolo di WolframAlpha, non una fonte
http://www.wolframalpha.com/input?i=2026-08-11+16%3A16%3A50+UTC+To+Local+Time;scartato;non è una fonte: calcolo di WolframAlpha, non una fonte
http://www.wolframalpha.com/input?i=2026-08-12+00%3A47%3A07+UTC+To+Local+Time;scartato;non è una fonte: calcolo di WolframAlpha, non una fonte
http://www.wolframalpha.com/input?i=2026-08-12+14%3A22%3A45+UTC+To+Local+Time;scartato;non è una fonte: calcolo di WolframAlpha, non una fonte
http://www.wolframalpha.com/input?i=2026-08-14+01%3A06%3A24+UTC+To+Local+Time;scartato;non è una fonte: calcolo di WolframAlpha, non una fonte
http://www.wolframalpha.com/input?i=2026-08-16+15%3A05%3A05+UTC+To+Local+Time;scartato;non è una fonte: calcolo di WolframAlpha, non una fonte
http://www.wolframalpha.com/input?i=2026-08-16+17%3A21%3A13+UTC+To+Local+Time;scartato;non è una fonte: calcolo di WolframAlpha, non una fonte
http://www.wolframalpha.com/input?i=2026-08-16+17%3A24%3A32+UTC+To+Local+Time;scartato;non è una fonte: calcolo di WolframAlpha, non una fonte
http://www.wolframalpha.com/input?i=2026-08-17+22%3A50%3A01+UTC+To+Local+Time;scartato;non è una fonte: calcolo di WolframAlpha, non una fonte
http://www.wolframalpha.com/input?i=2026-08-19+13%3A44%3A33+UTC+To+Local+Time;scartato;non è una fonte: calcolo di WolframAlpha, non una fonte
http://www.wolframalpha.com/input?i=2026-08-19+13%3A50%3A01+UTC+To+Local+Time;scartato;non è una fonte: calcolo di WolframAlpha, non una fonte
http://www.wolframalpha.com/input?i=2026-08-19+14%3A24%3A42+UTC+To+Local+Time;scartato;non è una fonte: calcolo di WolframAlpha, non una fonte
http://www.wolframalpha.com/input?i=2026-08-19+16%3A52%3A53+UTC+To+Local+Time;scartato;non è una fonte: calcolo di WolframAlpha, non una fonte
http://www.wolframalpha.com/input?i=2026-08-19+22%3A40%3A33+UTC+To+Local+Time;scartato;non è una fonte: calcolo di WolframAlpha, non una fonte
http://www.wolframalpha.com/input?i=2026-08-20+03%3A00%3A36+UTC+To+Local+Time;scartato;non è una fonte: calcolo di WolframAlpha, non una fonte
http://www.wolframalpha.com/input?i=2026-08-20+03%3A46%3A18+UTC+To+Local+Time;scartato;non è una fonte: calcolo di WolframAlpha, non una fonte
http://www.wolframalpha.com/input?i=2026-08-20+07%3A19%3A37+UTC+To+Local+Time;scartato;non è una fonte: calcolo di WolframAlpha, non una fonte
http://www.wolframalpha.com/input?i=2026-08-20+14%3A02%3A14+UTC+To+Local+Time;scartato;non è una fonte: calcolo di WolframAlpha, non una fonte
http://www.wolframalpha.com/input?i=2026-08-20+15%3A11%3A27+UTC+To+Local+Time;scartato;non è una fonte: calcolo di WolframAlpha, non una fonte
http://www.wolframalpha.com/input?i=2026-08-20+18%3A30%3A16+UTC+To+Local+Time;scartato;non è una fonte: calcolo di WolframAlpha, non una fonte
http://www.wolframalpha.com/input?i=2026-08-21+04%3A06%3A55+UTC+To+Local+Time;scartato;non è una fonte: calcolo di WolframAlpha, non una fonte
http://www.wolframalpha.com/input?i=2026-08-21+12%3A56%3A28+UTC+To+Local+Time;scartato;non è una fonte: calcolo di WolframAlpha, non una fonte
http://www.wolframalpha.com/input?i=2026-08-21+13%3A07%3A29+UTC+To+Local+Time;scartato;non è una fonte: calcolo di WolframAlpha, non una fonte
http://www.wolframalpha.com/input?i=2026-08-21+18%3A23%3A25+UTC+To+Local+Time;scartato;non è una fonte: calcolo di WolframAlpha, non una fonte
http://www.wolframalpha.com/input?i=2026-08-21+21%3A55%3A24+UTC+To+Local+Time;scartato;non è una fonte: calcolo di WolframAlpha, non una fonte
http://www.wolframalpha.com/input?i=2026-08-22+10%3A51%3A35+UTC+To+Local+Time;scartato;non è una fonte: calcolo di WolframAlpha, non una fonte
http://www.wolframalpha.com/input?i=2026-08-22+10%3A57%3A04+UTC+To+Local+Time;scartato;non è una fonte: calcolo di WolframAlpha, non una fonte
http://www.wolframalpha.com/input?i=2026-08-23+09%3A08%3A54+UTC+To+Local+Time;scartato;non è una fonte: calcolo di WolframAlpha, non una fonte
http://www.wolframalpha.com/input?i=2026-08-23+14%3A50%3A33+UTC+To+Local+Time;scartato;non è una fonte: calcolo di WolframAlpha, non una fonte
http://www.wolframalpha.com/input?i=2026-08-24+09%3A19%3A27+UTC+To+Local+Time;scartato;non è una fonte: calcolo di WolframAlpha, non una fonte
http://www.wolframalpha.com/input?i=2026-08-24+22%3A38%3A45+UTC+To+Local+Time;scartato;non è una fonte: calcolo di WolframAlpha, non una fonte
http://www.wolframalpha.com/input?i=2026-08-24+22%3A56%3A28+UTC+To+Local+Time;scartato;non è una fonte: calcolo di WolframAlpha, non una fonte
http://www.wolframalpha.com/input?i=2026-08-27+07%3A52%3A07+UTC+To+Local+Time;scartato;non è una fonte: calcolo di WolframAlpha, non una fonte
http://www.wolframalpha.com/input?i=2026-08-27+20%3A59%3A57+UTC+To+Local+Time;scartato;non è una fonte: calcolo di WolframAlpha, non una fonte
http://www.wolframalpha.com/input?i=2026-08-28+08%3A43%3A50+UTC+To+Local+Time;scartato;non è una fonte: calcolo di WolframAlpha, non una fonte
http://www.wolframalpha.com/input?i=2026-08-28+14%3A30%3A22+UTC+To+Local+Time;scartato;non è una fonte: calcolo di WolframAlpha, non una fonte
http://www.wolframalpha.com/input?i=2026-08-29+10%3A41%3A26+UTC+To+Local+Time;scartato;non è una fonte: calcolo di WolframAlpha, non una fonte
http://www.wolframalpha.com/input?i=2026-08-30+02%3A10%3A05+UTC+To+Local+Time;scartato;non è una fonte: calcolo di WolframAlpha, non una fonte
http://www.wolframalpha.com/input?i=2026-08-30+11%3A57%3A31+UTC+To+Local+Time;scartato;non è una fonte: calcolo di WolframAlpha, non una fonte
http://www.wolframalpha.com/input?i=2026-08-31+08%3A32%3A21+UTC+To+Local+Time;scartato;non è una fonte: calcolo di WolframAlpha, non una fonte
http://www.wolframalpha.com/input?i=2026-08-31+16%3A11%3A52+UTC+To+Local+Time;scartato;non è una fonte: calcolo di WolframAlpha, non una fonte
http://www.wolframalpha.com/input?i=2026-09-02+03%3A15%3A27+UTC+To+Local+Time;scartato;non è una fonte: calcolo di WolframAlpha, non una fonte
http://www.wolframalpha.com/input?i=2026-09-02+05%3A15%3A06+UTC+To+Local+Time;scartato;non è una fonte: calcolo di WolframAlpha, non una fonte
http://www.wolframalpha.com/input?i=2026-09-02+20%3A23%3A45+UTC+To+Local+Time;scartato;non è una fonte: calcolo di WolframAlpha, non una fonte
http://www.wolframalpha.com/input?i=2026-09-03+03%3A26%3A59+UTC+To+Local+Time;scartato;non è una fonte: calcolo di WolframAlpha, non una fonte
http://www.wolframalpha.com/input?i=2026-09-03+15%3A50%3A18+UTC+To+Local+Time;scartato;non è una fonte: calcolo di WolframAlpha, non una fonte
http://www.wolframalpha.com/input?i=2026-09-04+07%3A33%3A35+UTC+To+Local+Time;scartato;non è una fonte: calcolo di WolframAlpha, non una fonte
http://www.wolframalpha.com/input?i=2026-09-06+00%3A09%3A38+UTC+To+Local+Time;scartato;non è una fonte: calcolo di WolframAlpha, non una fonte
http://www.wolframalpha.com/input?i=2026-09-06+08%3A23%3A14+UTC+To+Local+Time;scartato;non è una fonte: calcolo di WolframAlpha, non una fonte
http://www.wolframalpha.com/input?i=2026-09-07+15%3A53%3A38+UTC+To+Local+Time;scartato;non è una fonte: calcolo di WolframAlpha, non una fonte
http://www.wolframalpha.com/input?i=2026-09-07+17%3A23%3A43+UTC+To+Local+Time;scartato;non è una fonte: calcolo di WolframAlpha, non una fonte
http://www.wolframalpha.com/input?i=2026-09-07+21%3A14%3A50+UTC+To+Local+Time;scartato;non è una fonte: calcolo di WolframAlpha, non una fonte
http://www.wolframalpha.com/input?i=2026-09-08+19%3A21%3A57+UTC+To+Local+Time;scartato;non è una fonte: calcolo di WolframAlpha, non una fonte
http://www.wolframalpha.com/input?i=2026-09-10+19%3A30%3A47+UTC+To+Local+Time;scartato;non è una fonte: calcolo di WolframAlpha, non una fonte
http://www.wolframalpha.com/input?i=2026-09-12+14%3A35%3A31+UTC+To+Local+Time;scartato;non è una fonte: calcolo di WolframAlpha, non una fonte
http://www.wolframalpha.com/input?i=2026-09-12+22%3A43%3A47+UTC+To+Local+Time;scartato;non è una fonte: calcolo di WolframAlpha, non una fonte
http://www.wolframalpha.com/input?i=2026-09-15+11%3A41%3A13+UTC+To+Local+Time;scartato;non è una fonte: calcolo di WolframAlpha, non una fonte
http://www.wolframalpha.com/input?i=2026-09-15+20%3A10%3A10+UTC+To+Local+Time;scartato;non è una fonte: calcolo di WolframAlpha, non una fonte
http://www.wolframalpha.com/input?i=2026-09-20+10%3A17%3A39+UTC+To+Local+Time;scartato;non è una fonte: calcolo di WolframAlpha, non una fonte
http://www.wolframalpha.com/input?i=2026-09-26+01%3A48%3A21+UTC+To+Local+Time;scartato;non è una fonte: calcolo di WolframAlpha, non una fonte
http://www.wolframalpha.com/input?i=2026-09-27+15%3A35%3A26+UTC+To+Local+Time;scartato;non è una fonte: calcolo di WolframAlpha, non una fonte
http://www.wolframalpha.com/input?i=2026-10-03+05%3A27%3A26+UTC+To+Local+Time;scartato;non è una fonte: calcolo di WolframAlpha, non una fonte
http://www.wolframalpha.com/input?i=2026-10-03+08%3A48%3A24+UTC+To+Local+Time;scartato;non è una fonte: calcolo di WolframAlpha, non una fonte
http://www.wolframalpha.com/input?i=2026-10-13+18%3A04%3A27+UTC+To+Local+Time;scartato;non è una fonte: calcolo di WolframAlpha, non una fonte
http://www.wolframalpha.com/input?i=2026-10-13+21%3A53%3A50+UTC+To+Local+Time;scartato;non è una fonte: calcolo di WolframAlpha, non una fonte
http://www.wolframalpha.com/input?i=2026-10-14+04%3A14%3A49+UTC+To+Local+Time;scartato;non è una fonte: calcolo di WolframAlpha, non una fonte
http://www.wolframalpha.com/input?i=2026-10-15+00%3A00%3A00+UTC+To+Local+Time;scartato;non è una fonte: calcolo di WolframAlpha, non una fonte
http://www.wolframalpha.com/input?i=2026-10-17+18%3A15%3A21+UTC+To+Local+Time;scartato;non è una fonte: calcolo di WolframAlpha, non una fonte
http://www.wolframalpha.com/input?i=2026-10-17+22%3A06%3A08+UTC+To+Local+Time;scartato;non è una fonte: calcolo di WolframAlpha, non una fonte
http://www.wolframalpha.com/input?i=2026-10-19+22%3A27%3A38+UTC+To+Local+Time;scartato;non è una fonte: calcolo di WolframAlpha, non una fonte
http://www.wolframalpha.com/input?i=2026-10-21+20%3A03%3A37+UTC+To+Local+Time;scartato;non è una fonte: calcolo di WolframAlpha, non una fonte
http://www.wolframalpha.com/input?i=2026-10-21+23%3A32%3A35+UTC+To+Local+Time;scartato;non è una fonte: calcolo di WolframAlpha, non una fonte
http://www.wolframalpha.com/input?i=2026-10-23+00%3A26%3A59+UTC+To+Local+Time;scartato;non è una fonte: calcolo di WolframAlpha, non una fonte
http://www.wolframalpha.com/input?i=2026-10-23+08%3A49%3A00+UTC+To+Local+Time;scartato;non è una fonte: calcolo di WolframAlpha, non una fonte
http://www.wolframalpha.com/input?i=2026-10-25+22%3A02%3A28+UTC+To+Local+Time;scartato;non è una fonte: calcolo di WolframAlpha, non una fonte
http://www.wolframalpha.com/input?i=2026-11-02+16%3A42%3A26+UTC+To+Local+Time;scartato;non è una fonte: calcolo di WolframAlpha, non una fonte
http://www.wolframalpha.com/input?i=2026-11-03+23%3A54%3A23+UTC+To+Local+Time;scartato;non è una fonte: calcolo di WolframAlpha, non una fonte
http://www.wolframalpha.com/input?i=2026-11-06+00%3A00%3A00+UTC+To+Local+Time;scartato;non è una fonte: calcolo di WolframAlpha, non una fonte
http://www.wolframalpha.com/input?i=2026-11-26+00%3A00%3A00+UTC+To+Local+Time;scartato;non è una fonte: calcolo di WolframAlpha, non una fonte
http://www.wolframalpha.com/input?i=2026-11-27+01%3A31%3A45+UTC+To+Local+Time;scartato;non è una fonte: calcolo di WolframAlpha, non una fonte
http://www.wolframalpha.com/input?i=2026-12-06+00%3A00%3A00+UTC+To+Local+Time;scartato;non è una fonte: calcolo di WolframAlpha, non una fonte
http://www.wolframalpha.com/input?i=2026-12-07+09%3A50%3A47+UTC+To+Local+Time;scartato;non è una fonte: calcolo di WolframAlpha, non una fonte
http://www.wolframalpha.com/input?i=2026-12-11+21%3A45%3A15+UTC+To+Local+Time;scartato;non è una fonte: calcolo di WolframAlpha, non una fonte
http://www.wolframalpha.com/input?i=2026-12-15+02%3A03%3A53+UTC+To+Local+Time;scartato;non è una fonte: calcolo di WolframAlpha, non una fonte
http://www.wolframalpha.com/input?i=2026-12-20+09%3A04%3A41+UTC+To+Local+Time;scartato;non è una fonte: calcolo di WolframAlpha, non una fonte
http://www.wolframalpha.com/input?i=2026-12-21+00%3A54%3A38+UTC+To+Local+Time;scartato;non è una fonte: calcolo di WolframAlpha, non una fonte
http://www.wolframalpha.com/input?i=2026-12-21+08%3A23%3A54+UTC+To+Local+Time;scartato;non è una fonte: calcolo di WolframAlpha, non una fonte
http://www.wolframalpha.com/input?i=2026-12-21+15%3A41%3A37+UTC+To+Local+Time;scartato;non è una fonte: calcolo di WolframAlpha, non una fonte
http://www.wolframalpha.com/input?i=2026-12-24+09%3A16%3A25+UTC+To+Local+Time;scartato;non è una fonte: calcolo di WolframAlpha, non una fonte
http://www.wolframalpha.com/input?i=2027-01-01+00%3A00%3A00+UTC+To+Local+Time;scartato;non è una fonte: calcolo di WolframAlpha, non una fonte
http://www.wolframalpha.com/input?i=2027-01-02+16%3A38%3A28+UTC+To+Local+Time;scartato;non è una fonte: calcolo di WolframAlpha, non una fonte
http://www.wolframalpha.com/input?i=2027-01-05+00%3A00%3A00+UTC+To+Local+Time;scartato;non è una fonte: calcolo di WolframAlpha, non una fonte
http://www.wolframalpha.com/input?i=2027-01-07+06%3A32%3A05+UTC+To+Local+Time;scartato;non è una fonte: calcolo di WolframAlpha, non una fonte
http://www.wolframalpha.com/input?i=2027-01-07+16%3A05%3A14+UTC+To+Local+Time;scartato;non è una fonte: calcolo di WolframAlpha, non una fonte
http://www.wolframalpha.com/input?i=2027-01-08+20%3A58%3A34+UTC+To+Local+Time;scartato;non è una fonte: calcolo di WolframAlpha, non una fonte
http://www.wolframalpha.com/input?i=2027-01-12+04%3A37%3A39+UTC+To+Local+Time;scartato;non è una fonte: calcolo di WolframAlpha, non una fonte
http://www.wolframalpha.com/input?i=2027-01-15+01%3A36%3A45+UTC+To+Local+Time;scartato;non è una fonte: calcolo di WolframAlpha, non una fonte
http://www.wolframalpha.com/input?i=2027-01-16+14%3A25%3A00+UTC+To+Local+Time;scartato;non è una fonte: calcolo di WolframAlpha, non una fonte
http://www.wolframalpha.com/input?i=2027-01-22+04%3A07%3A18+UTC+To+Local+Time;scartato;non è una fonte: calcolo di WolframAlpha, non una fonte
http://www.wolframalpha.com/input?i=2027-01-23+15%3A32%3A08+UTC+To+Local+Time;scartato;non è una fonte: calcolo di WolframAlpha, non una fonte
http://www.wolframalpha.com/input?i=2027-01-29+06%3A19%3A43+UTC+To+Local+Time;scartato;non è una fonte: calcolo di WolframAlpha, non una fonte
http://www.wolframalpha.com/input?i=2027-02-04+08%3A36%3A04+UTC+To+Local+Time;scartato;non è una fonte: calcolo di WolframAlpha, non una fonte
http://www.wolframalpha.com/input?i=2027-02-04+22%3A37%3A02+UTC+To+Local+Time;scartato;non è una fonte: calcolo di WolframAlpha, non una fonte
http://www.wolframalpha.com/input?i=2027-02-12+01%3A13%3A36+UTC+To+Local+Time;scartato;non è una fonte: calcolo di WolframAlpha, non una fonte
http://www.wolframalpha.com/input?i=2027-02-19+07%3A25%3A31+UTC+To+Local+Time;scartato;non è una fonte: calcolo di WolframAlpha, non una fonte
http://www.wolframalpha.com/input?i=2027-02-21+14%3A34%3A47+UTC+To+Local+Time;scartato;non è una fonte: calcolo di WolframAlpha, non una fonte
http://www.wolframalpha.com/input?i=2027-02-25+19%3A33%3A16+UTC+To+Local+Time;scartato;non è una fonte: calcolo di WolframAlpha, non una fonte
http://www.wolframalpha.com/input?i=2027-03-06+20%3A44%3A12+UTC+To+Local+Time;scartato;non è una fonte: calcolo di WolframAlpha, non una fonte
http://www.wolframalpha.com/input?i=2027-03-10+02%3A34%3A33+UTC+To+Local+Time;scartato;non è una fonte: calcolo di WolframAlpha, non una fonte
http://www.wolframalpha.com/input?i=2027-03-11+06%3A34%3A09+UTC+To+Local+Time;scartato;non è una fonte: calcolo di WolframAlpha, non una fonte
http://www.wolframalpha.com/input?i=2027-03-18+10%3A39%3A33+UTC+To+Local+Time;scartato;non è una fonte: calcolo di WolframAlpha, non una fonte
http://www.wolframalpha.com/input?i=2027-03-20+19%3A52%3A30+UTC+To+Local+Time;scartato;non è una fonte: calcolo di WolframAlpha, non una fonte
http://www.wolframalpha.com/input?i=2027-03-22+22%3A30%3A32+UTC+To+Local+Time;scartato;non è una fonte: calcolo di WolframAlpha, non una fonte
http://www.wolframalpha.com/input?i=2027-04-01+00%3A00%3A00+UTC+To+Local+Time;scartato;non è una fonte: calcolo di WolframAlpha, non una fonte
http://www.wolframalpha.com/input?i=2027-04-09+11%3A36%3A21+UTC+To+Local+Time;scartato;non è una fonte: calcolo di WolframAlpha, non una fonte
http://www.wolframalpha.com/input?i=2027-04-13+20%3A46%3A50+UTC+To+Local+Time;scartato;non è una fonte: calcolo di WolframAlpha, non una fonte
http://www.wolframalpha.com/input?i=2027-05-12+19%3A39%3A42+UTC+To+Local+Time;scartato;non è una fonte: calcolo di WolframAlpha, non una fonte
http://www.wolframalpha.com/input?i=2027-05-13+11%3A30%3A10+UTC+To+Local+Time;scartato;non è una fonte: calcolo di WolframAlpha, non una fonte
http://www.wolframalpha.com/input?i=2027-05-14+19%3A47%3A07+UTC+To+Local+Time;scartato;non è una fonte: calcolo di WolframAlpha, non una fonte
http://www.wolframalpha.com/input?i=2027-05-26+12%3A35%3A04+UTC+To+Local+Time;scartato;non è una fonte: calcolo di WolframAlpha, non una fonte
http://www.wolframalpha.com/input?i=2027-05-31+11%3A08%3A58+UTC+To+Local+Time;scartato;non è una fonte: calcolo di WolframAlpha, non una fonte
http://www.wolframalpha.com/input?i=2027-06-01+03%3A52%3A08+UTC+To+Local+Time;scartato;non è una fonte: calcolo di WolframAlpha, non una fonte
http://www.wolframalpha.com/input?i=2027-06-03+23%3A44%3A50+UTC+To+Local+Time;scartato;non è una fonte: calcolo di WolframAlpha, non una fonte
http://www.wolframalpha.com/input?i=2027-06-13+22%3A07%3A29+UTC+To+Local+Time;scartato;non è una fonte: calcolo di WolframAlpha, non una fonte
http://www.wolframalpha.com/input?i=2027-06-16+19%3A57%3A55+UTC+To+Local+Time;scartato;non è una fonte: calcolo di WolframAlpha, non una fonte
http://www.wolframalpha.com/input?i=2027-06-16+19%3A58%3A19+UTC+To+Local+Time;scartato;non è una fonte: calcolo di WolframAlpha, non una fonte
http://www.wolframalpha.com/input?i=2027-06-17+00%3A26%3A00+UTC+To+Local+Time;scartato;non è una fonte: calcolo di WolframAlpha, non una fonte
http://www.wolframalpha.com/input?i=2027-06-24+02%3A56%3A40+UTC+To+Local+Time;scartato;non è una fonte: calcolo di WolframAlpha, non una fonte
http://www.wolframalpha.com/input?i=2027-06-27+14%3A09%3A50+UTC+To+Local+Time;scartato;non è una fonte: calcolo di WolframAlpha, non una fonte
http://www.wolframalpha.com/input?i=2027-07-01+16%3A02%3A05+UTC+To+Local+Time;scartato;non è una fonte: calcolo di WolframAlpha, non una fonte
http://www.wolframalpha.com/input?i=2027-07-07+00%3A00%3A00+UTC+To+Local+Time;scartato;non è una fonte: calcolo di WolframAlpha, non una fonte
http://www.wolframalpha.com/input?i=2027-07-07+01%3A27%3A26+UTC+To+Local+Time;scartato;non è una fonte: calcolo di WolframAlpha, non una fonte
http://www.wolframalpha.com/input?i=2027-07-14+16%3A00%3A00+UTC+To+Local+Time;scartato;non è una fonte: calcolo di WolframAlpha, non una fonte
http://www.wolframalpha.com/input?i=2027-07-22+11%3A26%3A30+UTC+To+Local+Time;scartato;non è una fonte: calcolo di WolframAlpha, non una fonte
http://www.wolframalpha.com/input?i=2027-07-24+02%3A34%3A34+UTC+To+Local+Time;scartato;non è una fonte: calcolo di WolframAlpha, non una fonte
http://www.wolframalpha.com/input?i=2027-08-14+12%3A26%3A16+UTC+To+Local+Time;scartato;non è una fonte: calcolo di WolframAlpha, non una fonte
http://www.wolframalpha.com/input?i=2027-08-25+08%3A53%3A25+UTC+To+Local+Time;scartato;non è una fonte: calcolo di WolframAlpha, non una fonte
http://www.wolframalpha.com/input?i=2027-08-25+08%3A54%3A14+UTC+To+Local+Time;scartato;non è una fonte: calcolo di WolframAlpha, non una fonte
http://www.wolframalpha.com/input?i=2027-08-27+08%3A31%3A27+UTC+To+Local+Time;scartato;non è una fonte: calcolo di WolframAlpha, non una fonte
http://www.wolframalpha.com/input?i=2027-08-31+20%3A01%3A27+UTC+To+Local+Time;scartato;non è una fonte: calcolo di WolframAlpha, non una fonte
http://www.wolframalpha.com/input?i=2028-01-13+01%3A39%3A30+UTC+To+Local+Time;scartato;non è una fonte: calcolo di WolframAlpha, non una fonte
http://www.wolframalpha.com/input?i=2028-06-03+11%3A56%3A41+UTC+To+Local+Time;scartato;non è una fonte: calcolo di WolframAlpha, non una fonte
http://www.wolframalpha.com/input?i=2028-06-05+09%3A15%3A19+UTC+To+Local+Time;scartato;non è una fonte: calcolo di WolframAlpha, non una fonte
http://www.wolframalpha.com/input?i=2028-06-30+13%3A59%3A03+UTC+To+Local+Time;scartato;non è una fonte: calcolo di WolframAlpha, non una fonte
http://www.wolframalpha.com/input?i=2028-06-30+14%3A06%3A20+UTC+To+Local+Time;scartato;non è una fonte: calcolo di WolframAlpha, non una fonte
http://www.wolframalpha.com/input?i=2028-06-30+14%3A08%3A21+UTC+To+Local+Time;scartato;non è una fonte: calcolo di WolframAlpha, non una fonte
http://www.wolframalpha.com/input?i=2028-07-13+00%3A27%3A14+UTC+To+Local+Time;scartato;non è una fonte: calcolo di WolframAlpha, non una fonte
http://www.wolframalpha.com/input?i=2028-07-16+19%3A49%3A05+UTC+To+Local+Time;scartato;non è una fonte: calcolo di WolframAlpha, non una fonte
http://www.wolframalpha.com/input?i=2029-05-16+03%3A25%3A39+UTC+To+Local+Time;scartato;non è una fonte: calcolo di WolframAlpha, non una fonte
http://www.wolframalpha.com/input?i=2029-07-24+22%3A47%3A57+UTC+To+Local+Time;scartato;non è una fonte: calcolo di WolframAlpha, non una fonte
http://www.wolframalpha.com/input?i=2029-08-31+12%3A23%3A30+UTC+To+Local+Time;scartato;non è una fonte: calcolo di WolframAlpha, non una fonte
http://www.wolframalpha.com/input?i=2030-08-25+18%3A21%3A06+UTC+To+Local+Time;scartato;non è una fonte: calcolo di WolframAlpha, non una fonte
http://www.wolframalpha.com/input?i=2031-07-07+11%3A08%3A47+UTC+To+Local+Time;scartato;non è una fonte: calcolo di WolframAlpha, non una fonte
http://www.wolframalpha.com/input?i=2034-05-21+02%3A00%3A47+UTC+To+Local+Time;scartato;non è una fonte: calcolo di WolframAlpha, non una fonte
http://www.wolframalpha.com/input?i=2034-10-04+20%3A54%3A00+UTC+To+Local+Time;scartato;non è una fonte: calcolo di WolframAlpha, non una fonte
http://www.wolframalpha.com/input?i=2034-12-18+20%3A25%3A45+UTC+To+Local+Time;scartato;non è una fonte: calcolo di WolframAlpha, non una fonte
http://www.wolframalpha.com/input?i=2036-05-31+12%3A03%3A48+UTC+To+Local+Time;scartato;non è una fonte: calcolo di WolframAlpha, non una fonte
http://www.wolframalpha.com/input?i=2036-06-06+08%3A44%3A42+UTC+To+Local+Time;scartato;non è una fonte: calcolo di WolframAlpha, non una fonte
http://www.wolframalpha.com/input?i=2038-07-24+12%3A19%3A10+UTC+To+Local+Time;scartato;non è una fonte: calcolo di WolframAlpha, non una fonte
http://www.wolframalpha.com/input?i=2040-01-01+07%3A10%3A55+UTC+To+Local+Time;scartato;non è una fonte: calcolo di WolframAlpha, non una fonte
http://www.wolframalpha.com/input?i=2040-06-17+04%3A26%3A41+UTC+To+Local+Time;scartato;non è una fonte: calcolo di WolframAlpha, non una fonte
http://www.wolframalpha.com/input?i=2046-07-02+07%3A22%3A11+UTC+To+Local+Time;scartato;non è una fonte: calcolo di WolframAlpha, non una fonte
http://www.wolframalpha.com/input?i=2056-07-02+08%3A36%3A12+UTC+To+Local+Time;scartato;non è una fonte: calcolo di WolframAlpha, non una fonte
http://www.wolframalpha.com/input?i=2072-03-12+18%3A23%3A26+UTC+To+Local+Time;scartato;non è una fonte: calcolo di WolframAlpha, non una fonte
http://www.wolframalpha.com/input?i=2076-06-10+05%3A39%3A43+UTC+To+Local+Time;scartato;non è una fonte: calcolo di WolframAlpha, non una fonte
http://www.wolframalpha.com/input?i=2093-09-01+22%3A40%3A44+UTC+To+Local+Time;scartato;non è una fonte: calcolo di WolframAlpha, non una fonte
http://www.wolframalpha.com/input?i=2098-01-15+15%3A02%3A26+UTC+To+Local+Time;scartato;non è una fonte: calcolo di WolframAlpha, non una fonte
http://www.wolframalpha.com/input?i=2126-08-19+15%3A12%3A54+UTC+To+Local+Time;scartato;non è una fonte: calcolo di WolframAlpha, non una fonte
http://www.wolframalpha.com/input?i=2149-12-16+01%3A25%3A26+UTC+To+Local+Time;scartato;non è una fonte: calcolo di WolframAlpha, non una fonte
http://www.wolframalpha.com/input?i=2326-06-05+21%3A56%3A15+UTC+To+Local+Time;scartato;non è una fonte: calcolo di WolframAlpha, non una fonte
http://www.wolframalpha.com/input?i=3026-06-02+20%3A14%3A19+UTC+To+Local+Time;scartato;non è una fonte: calcolo di WolframAlpha, non una fonte
http://www.wolframalpha.com/input?i=3026-06-09+01%3A46%3A47+UTC+To+Local+Time;scartato;non è una fonte: calcolo di WolframAlpha, non una fonte
http://www.wolframalpha.com/input?i=4026-07-24+05%3A38%3A34+UTC+To+Local+Time;scartato;non è una fonte: calcolo di WolframAlpha, non una fonte
http://www.wolframalpha.com/input?i=9000-08-09+00%3A00%3A00+UTC+To+Local+Time;scartato;non è una fonte: calcolo di WolframAlpha, non una fonte
http://www.wolframalpha.com/input?i=9999-06-20+00%3A00%3A00+UTC+To+Local+Time;scartato;non è una fonte: calcolo di WolframAlpha, non una fonte
https://x02.me/i/MBGGW6.jpeg;letto con OCR;estratto senza affermazioni pertinenti
https://youtu.be/CnEW_ZQdTa4;letto;video senza parlato, letti titolo e descrizione: estratto senza affermazioni pertinenti
https://youtu.be/UzbCzZvMR30;trascritto;estratto senza affermazioni pertinenti
https://youtu.be/cCvN3Lw3fLo;trascritto;estratto senza affermazioni pertinenti
https://youtu.be/fRpFM6Fmsjo;trascritto;estratto senza affermazioni pertinenti
https://youtu.be/p_dgvgpC8Nw;letto;video senza parlato, letti titolo e descrizione: estratto senza affermazioni pertinenti
http://www.youtube.com/watch?v=PLPvwvNMBBk&t=0m13s;letto;video senza parlato, letti titolo e descrizione: estratto senza affermazioni pertinenti
https://www.youtube.com/watch?v=9EKfcIpYS2w&t=1s;trascritto;estratto senza affermazioni pertinenti
https://www.youtube.com/watch?v=9ZZ06Hh19Bs;trascritto;estratto senza affermazioni pertinenti
https://www.youtube.com/watch?v=_2khAmMTAjI;irrecuperabile;video non più disponibile su YouTube: Sign in to confirm your age. Use --cookies-from-browser or --cookies for the authentication. See  https://github.com/yt-
https://www.youtube.com/watch?v=bvoT4LLI9Lk;trascritto;estratto senza affermazioni pertinenti
https://www.youtube.com/watch?v=hLYytIVcsWU&lc=Ugx9Mhw6VlDyha6j6OB4AaABAg.9JsAmN9w8xF9JsCszzAmNW;trascritto;estratto senza affermazioni pertinenti
https://www.youtube.com/watch?v=osoPtXbAUUc;trascritto;estratto senza affermazioni pertinenti
https://www.youtube.com/watch?v=pnsizkVjGm8;trascritto;estratto senza affermazioni pertinenti
https://www.youtube.com/watch?v=vN7l4gE0qgI;trascritto;estratto senza affermazioni pertinenti
https://www.youtube.com/watch?v=wLUerz4VYMc;trascritto;estratto senza affermazioni pertinenti
https://github.com/architdate/PKHeX-Plugins;letto;estratto con 2 affermazioni, verificate
http://bulbapedia.bulbagarden.net/wiki/Experience;letto;estratto con 2 affermazioni, verificate
http://bulbapedia.bulbagarden.net/wiki/List_of_Pok%C3%A9mon_by_index_number_%28Generation_I%29;letto;estratto con 2 affermazioni, verificate
https://bulbapedia.bulbagarden.net/wiki/Alpha_Pok%C3%A9mon;letto;estratto con 5 affermazioni, verificate
https://bulbapedia.bulbagarden.net/wiki/Birth_Island;letto;estratto con 4 affermazioni, verificate
https://bulbapedia.bulbagarden.net/wiki/Catch_Combo;letto;estratto con 1 affermazioni, verificate
https://bulbapedia.bulbagarden.net/wiki/Category:Pok%C3%A9mon_in_the_Medium_Slow_experience_group;letto;estratto senza affermazioni pertinenti
https://bulbapedia.bulbagarden.net/wiki/Coin_Case_glitches;letto;estratto con 4 affermazioni, verificate
https://bulbapedia.bulbagarden.net/wiki/Curtis;letto;estratto con 3 affermazioni, verificate
https://bulbapedia.bulbagarden.net/wiki/DexNav#Calculated\_rates;letto;estratto con 3 affermazioni, verificate
https://bulbapedia.bulbagarden.net/wiki/Dual-slot_mode;letto;estratto con 8 affermazioni, verificate
https://bulbapedia.bulbagarden.net/wiki/E-Reader;letto;estratto con 3 affermazioni, verificate
https://bulbapedia.bulbagarden.net/wiki/Fight_Safari_Zone_Pok%C3%A9mon_trick;letto;estratto con 3 affermazioni, verificate
https://bulbapedia.bulbagarden.net/wiki/Gender#Generation\_I;letto;estratto con 5 affermazioni, verificate
https://bulbapedia.bulbagarden.net/wiki/Global_Trade_System;letto;estratto con 9 affermazioni, verificate
https://bulbapedia.bulbagarden.net/wiki/Hayley;letto;estratto con 3 affermazioni, verificate
https://bulbapedia.bulbagarden.net/wiki/Hayley%27s_trades;letto;estratto con 6 affermazioni, verificate
https://bulbapedia.bulbagarden.net/wiki/Headbutt_tree;letto;estratto con 3 affermazioni, verificate
https://bulbapedia.bulbagarden.net/wiki/In-game_trade;letto;estratto con 27 affermazioni, verificate
https://bulbapedia.bulbagarden.net/wiki/Item_duplication_glitch;letto;estratto con 4 affermazioni, verificate
https://bulbapedia.bulbagarden.net/wiki/Jasmine%27s_Steelix;letto;estratto con 3 affermazioni, verificate
https://bulbapedia.bulbagarden.net/wiki/My_Pok%C3%A9mon_Ranch;letto;estratto con 6 affermazioni, verificate
https://bulbapedia.bulbagarden.net/wiki/Pal_Park;letto;estratto con 11 affermazioni, verificate
https://bulbapedia.bulbagarden.net/wiki/Pikachu_in_a_cap;letto;estratto con 7 affermazioni, verificate
https://bulbapedia.bulbagarden.net/wiki/Pok%C3%A9_Radar;letto;estratto con 5 affermazioni, verificate
https://bulbapedia.bulbagarden.net/wiki/Pok%C3%A9mon_Battle_Revolution;letto;estratto con 8 affermazioni, verificate
https://bulbapedia.bulbagarden.net/wiki/Pok%C3%A9mon_Box_Ruby_%26_Sapphire;letto;estratto con 4 affermazioni, verificate
https://bulbapedia.bulbagarden.net/wiki/Pok%C3%A9mon_Channel;letto;estratto con 9 affermazioni, verificate
https://bulbapedia.bulbagarden.net/wiki/Pok%C3%A9mon_Colosseum;letto;estratto con 14 affermazioni, verificate
https://bulbapedia.bulbagarden.net/wiki/Pok%C3%A9mon_Colosseum_Bonus_Disc;letto;estratto con 9 affermazioni, verificate
https://bulbapedia.bulbagarden.net/wiki/Pok%C3%A9mon_XD:_Gale_of_Darkness;letto;estratto con 11 affermazioni, verificate
https://bulbapedia.bulbagarden.net/wiki/Ranger_Net;letto;estratto con 21 affermazioni, verificate
https://bulbapedia.bulbagarden.net/wiki/Record\_mixing#Feebas\_factor;letto;estratto con 12 affermazioni, verificate
https://bulbapedia.bulbagarden.net/wiki/Roaming_Pok%C3%A9mon;letto;estratto con 15 affermazioni, verificate
https://bulbapedia.bulbagarden.net/wiki/Sinjoh_Ruins;letto;estratto con 8 affermazioni, verificate
https://bulbapedia.bulbagarden.net/wiki/Time_Capsule_exploit;letto;estratto con 8 affermazioni, verificate
https://bulbapedia.bulbagarden.net/wiki/Turnback\_Cave#Before\_encountering\_a\_pillar;letto;estratto con 10 affermazioni, verificate
https://bulbapedia.bulbagarden.net/wiki/Wild\_Area\_News/2021#February\_4\_to\_8.2C\_2021;irrecuperabile;nessuna copia nella Wayback Machine
https://bulbapedia.bulbagarden.net/wiki/Yancy;letto;estratto con 9 affermazioni, verificate
https://projectpokemon.org/forums/forums/topic/39841-pokemon-bank-update?page=2;letto;estratto senza affermazioni pertinenti
https://projectpokemon.org/home/files/file/647-feebas-fishing-spot-finder;letto;estratto con 2 affermazioni, verificate
https://projectpokemon.org/home/forums/topic/37192-feebas-fishing-spot-value-rusaem;letto;estratto senza affermazioni pertinenti
https://projectpokemon.org/home/tutorials/rom/3ds-pokemon-games-hacking-tutorials/injecting-a-custom-virtual-console-frame-into-an-official-virtual-console-release-r120;letto;estratto senza affermazioni pertinenti
https://projectpokemon.org/home/tutorials/save-editing/managing-nds-saves/using-checkpoint-r70;letto;estratto con 2 affermazioni, verificate
https://projectpokemon.org/home/tutorials/save-editing/using-pkhex/how-to-use-the-batch-editor-in-pkhex-r77;letto;estratto con 4 affermazioni, verificate
https://projectpokemon.org/home/tutorials/save-editing/using-pkhex/pid-mismatch-origin-game-rsefrlg-dppthgss-rngreporter-r31;letto;estratto con 6 affermazioni, verificate
https://en.wikipedia.org/wiki/Buffer_overflow;letto;estratto senza affermazioni pertinenti
https://en.wikipedia.org/wiki/Nintendo_Game_Card;letto;estratto con 4 affermazioni, verificate
https://en.wikipedia.org/wiki/Program_counter;letto;estratto senza affermazioni pertinenti
http://forums.glitchcity.info/index.php?board=11.0;letto;estratto con 2 affermazioni, verificate
https://m.bulbapedia.bulbagarden.net/wiki/Category:Pok%C3%A9mon_in_the_Medium_Slow_experience_group;letto;estratto senza affermazioni pertinenti
https://m.bulbapedia.bulbagarden.net/wiki/Distribution_device;letto;estratto con 10 affermazioni, verificate
https://pokepast.es/e98bb534818c8ec3;letto;estratto senza affermazioni pertinenti
https://ibb.co/LNWjPMT;irrecuperabile;immagine non più disponibile: ImgBB risponde con l'immagine di servizio «service unavailable» al posto dell'originale (2026-10-05)
https://ibb.co/mJRnpz2;letto;estratto con 1 affermazioni, verificate
https://ibb.co/v4q9nFL;letto;estratto con 1 affermazioni, verificate
https://lyra-made-a.website/pokemon_gen1/full_guide;letto;estratto con 5 affermazioni, verificate
https://lyra-made-a.website/pokemon_gen2/full_guide;letto;estratto con 5 affermazioni, verificate
https://lyra-made-a.website/pokemon_gen3/full_guide;letto;estratto con 7 affermazioni, verificate
https://archives.glitchcity.info/forums/board-109/thread-7016/page-0.html;letto;estratto con 8 affermazioni, verificate
https://3ds.eiphax.tech/pkhex;letto;estratto con 4 affermazioni, verificate
http://draw.io/;letto;estratto senza affermazioni pertinenti
https://feuniverse.us/t/dumping-roms-from-gba-cartridges-a-primer/3667;letto;estratto con 2 affermazioni, verificate
https://www.nintendolife.com/guides/pokemon-scarlet-and-violet-how-to-breed-pokemon;letto;estratto con 4 affermazioni, verificate
https://www.pokewiki.de/Spezial:Geheimcode-Generator;letto;estratto con 2 affermazioni, verificate
